;NUM_ACC;MOIS_ACC;HEU_ACC;COD_PRV;COD_ETA_CHA;COD_ETA_SUR;COD_LUM;COD_INT;TYP_LIE_ACC;NUM_ROU;PKM;LAR_CHA;COD_TYP_CHA;COD_TYP_COL;COD_OBS_HRT;COD_POI_CHO;COD_MAN;CIR_ACC
0;1;1;19;14;1;1;1;1;1;5043;2;5;1;3;15;6;6;31
1;2;1;20;35;1;1;1;1;1;5332;9999;6;1;7;15;9;6;36
3;4;1;8;42;1;1;2;1;1;504;40;7;1;1;15;1;4;36
4;5;1;21;42;1;1;1;1;1;6;227;7;1;8;14;1;16;32
5;6;1;6;66;1;1;1;1;1;5029;3;6;1;8;14;1;16;32
8;9;1;10;35;1;1;2;1;1;510;33;6;1;8;14;1;16;32
10;11;1;8;35;1;1;2;1;1;5314;5;6;1;8;13;9;11;21
12;15;1;20;42;1;1;1;1;1;5016;9999;4;1;7;15;8;4;42
13;17;1;19;66;1;1;1;1;1;5002;36;5;1;7;15;8;4;82
14;19;1;10;42;1;1;2;1;1;5027;9999;5;1;8;13;9;11;21
18;24;1;16;7;1;1;2;1;1;15;326;6;1;8;13;9;11;82
19;27;1;20;7;1;1;1;1;1;5131;9999;5;1;8;14;1;16;32
20;28;1;18;7;1;1;1;1;1;15;272;6;1;3;15;9;1;38
21;29;1;16;35;1;1;2;1;1;506;18;6;1;1;15;1;4;38
24;32;1;19;14;1;1;1;1;1;802;205;7;2;2;15;4;1;46
27;37;1;14;42;1;1;2;1;1;5016;9999;3;1;8;13;9;21;31
28;38;1;17;42;1;1;2;1;1;5407;9999;4;1;8;13;9;11;38
30;42;1;12;42;1;1;2;1;1;504;37;6;1;8;13;9;11;21
31;43;1;13;42;1;1;2;1;1;504;40;7;1;3;15;8;1;9
34;47;1;15;42;1;1;2;1;1;6;238;7;1;7;15;9;6;21
35;48;1;8;42;1;1;2;1;1;6;225;7;1;2;15;9;1;21
36;52;1;18;42;1;1;1;1;1;504;9999;5;1;7;15;9;6;21
37;55;1;16;42;1;1;2;1;1;504;6;5;1;8;13;9;11;9
39;57;1;20;42;1;1;1;1;1;8;701;7;1;3;15;6;1;82
40;58;1;9;42;1;1;2;1;1;503;16;7;2;2;15;4;1;46
41;59;1;1;42;1;1;1;1;1;503;21;7;2;8;13;9;11;21
42;60;1;11;42;1;1;2;1;1;503;50;6;1;3;15;6;1;31
43;61;1;9;42;1;1;2;1;1;503;18;7;2;8;13;9;11;82
44;62;1;6;42;1;1;1;1;1;503;34;6;1;7;4;8;11;3
45;63;1;19;42;1;1;1;1;1;503;16;7;2;3;15;8;1;9
46;65;1;14;35;1;1;2;1;1;510;10;5;1;8;13;9;10;9
47;66;1;19;35;1;1;1;1;1;5319;10;5;1;8;13;9;10;9
48;67;1;23;35;1;1;1;1;1;8;798;6;1;8;13;9;10;9
49;68;1;15;35;1;1;2;1;1;8;794;6;1;2;15;1;1;9
50;69;1;19;35;1;1;1;1;1;8;798;6;1;8;13;9;11;21
51;70;1;22;35;1;1;1;1;1;8;794;6;1;8;13;9;11;21
52;71;1;14;35;1;1;2;1;1;8;790;6;1;7;15;9;1;9
53;72;1;17;35;1;1;2;1;1;5314;15;5;1;8;13;9;10;9
54;74;1;14;35;1;1;2;1;1;8;811;7;1;7;15;8;4;82
57;77;1;16;35;1;1;2;1;1;509;1;5;1;7;15;8;4;9
58;79;1;12;66;1;1;2;1;1;5003;7;5;1;8;13;9;11;9
59;80;1;15;66;1;1;2;1;1;716;48;6;1;7;15;8;4;82
60;82;1;13;66;1;1;2;1;1;5013;9999;5;1;8;14;1;16;9
61;85;1;8;66;1;1;2;1;1;5015;9999;5;1;2;18;9;1;9
62;87;1;14;66;1;1;2;1;1;6;187;7;1;2;15;1;1;9
63;88;1;19;66;1;1;1;1;1;6;187;7;1;7;15;8;4;36
64;89;1;6;66;1;1;1;1;1;6;186;6;1;7;15;8;4;46
65;90;1;17;66;1;1;2;1;1;6;180;7;1;1;15;1;4;36
66;91;1;15;66;1;1;2;1;1;6;188;6;1;3;15;8;1;9
67;92;1;17;35;1;1;2;1;1;6;249;7;1;3;15;9;1;9
68;93;1;17;42;1;1;2;1;1;5334;17;5;1;8;13;9;11;21
69;94;1;20;14;1;1;1;1;1;802;173;7;2;8;13;9;11;53
70;96;1;20;66;1;1;1;1;1;5003;15;6;1;7;15;8;4;9
71;97;1;14;66;1;1;2;1;1;5005;2;6;1;1;15;1;4;9
74;101;1;7;66;1;1;2;1;1;8;742;8;1;3;15;8;1;21
75;108;1;8;66;1;1;2;1;1;4;157;6;1;8;13;9;11;21
77;113;1;17;14;1;1;2;1;1;6;211;10;1;7;14;7;16;33
78;115;1;19;14;1;1;1;1;1;8;723;11;1;3;15;1;1;38
80;119;1;15;14;1;1;2;1;1;8;722;12;1;3;15;3;1;9
84;127;1;21;7;1;1;1;1;1;503;119;6;1;7;15;8;4;42
85;128;1;22;7;1;1;1;1;1;5108;6;5;1;8;13;9;11;21
86;129;1;17;7;1;1;2;1;1;15;223;6;1;3;15;8;1;21
87;131;1;19;20;1;1;1;1;1;403;109;7;1;1;15;1;4;9
88;133;1;13;20;1;1;2;1;1;9999;131;8;1;5;15;1;4;9
89;136;1;14;20;2;1;2;1;1;3502;9999;6;1;1;15;1;4;38
90;137;1;12;20;1;1;2;1;1;3502;9999;7;1;2;15;3;1;31
91;139;1;10;20;1;1;2;1;1;3508;9999;6;1;2;15;1;1;38
92;140;1;13;20;1;1;2;1;1;311;37;6;1;8;18;4;1;9
93;141;1;19;20;1;1;1;1;1;3533;9999;4;1;8;18;1;1;9
94;142;1;14;20;1;1;2;1;1;403;126;7;1;3;15;4;1;42
95;143;1;12;20;1;1;2;1;1;9999;93;8;1;3;15;4;1;341
96;144;1;0;20;1;1;1;1;1;9999;94;8;1;1;15;1;4;9
97;146;1;12;20;1;1;2;1;1;312;25;6;1;3;15;3;4;9
99;151;1;16;20;1;1;2;1;1;403;132;6;1;3;15;3;6;32
103;156;1;15;20;1;1;2;1;1;9999;152;7;1;8;18;7;1;32
104;157;1;19;20;1;1;1;1;1;3508;9999;3;1;8;18;8;1;9
105;159;1;15;20;1;1;2;1;1;3511;9999;4;1;8;18;4;1;32
106;160;1;20;20;1;1;1;1;1;311;12;6;1;8;18;1;1;3
110;170;1;5;25;2;1;1;1;1;1502;9999;6;1;8;13;7;1;38
111;171;1;21;25;2;1;1;1;1;1507;2;7;1;2;15;1;1;9
112;172;1;16;25;1;1;2;1;1;9;414;8;1;8;14;1;1;9
113;173;1;21;25;2;1;1;1;1;1516;9999;7;1;2;15;1;1;21
114;174;1;15;25;1;1;2;1;1;9999;17;7;1;8;13;9;1;31
115;175;1;15;46;2;1;2;1;1;1519;50;5;1;1;15;1;4;9
118;178;1;16;63;1;1;2;1;1;10;521;6;1;3;15;8;1;82
119;179;1;22;46;1;1;1;1;1;9;505;6;1;3;15;7;1;21
120;180;1;11;46;1;1;2;1;1;9;549;6;1;8;13;9;10;9
121;181;1;9;46;1;1;2;1;1;12;9999;6;1;3;15;6;1;82
123;184;1;17;46;1;1;2;1;1;9;486;6;1;8;13;7;11;9
125;186;1;23;46;1;1;1;1;1;108;46;5;1;8;13;7;11;9
128;189;1;18;63;1;1;1;1;1;704;34;5;1;8;13;8;10;32
129;190;1;10;46;1;1;2;1;1;1523;5;4;1;8;18;9;1;21
130;191;1;14;46;1;1;2;1;1;9;664;7;1;2;15;1;1;9
131;193;1;11;46;1;1;2;1;1;108;123;5;1;3;15;8;1;21
136;200;1;20;25;1;1;1;1;1;10;364;8;1;7;15;9;1;31
137;201;1;10;25;1;1;2;1;1;9;424;8;1;7;15;2;1;71
138;202;1;19;25;2;1;1;1;1;1516;9999;7;1;8;13;7;1;9
139;203;1;9;25;2;1;2;1;1;1516;9999;7;1;7;15;1;1;31
140;204;1;22;25;1;1;1;1;1;9;441;8;1;7;15;1;1;31
141;205;1;17;25;1;1;2;1;1;9;441;8;1;8;13;8;1;31
142;207;1;9;25;2;1;2;1;1;1516;10;6;1;8;14;1;1;48
143;208;1;8;25;1;1;2;1;1;9;441;8;1;7;15;1;1;31
144;210;1;8;25;2;1;2;1;1;1502;9999;6;1;1;15;1;1;82
145;211;1;17;16;1;1;2;1;1;805;228;7;1;2;15;6;1;9
146;213;1;2;16;1;1;1;1;1;411;9999;7;1;8;13;9;10;21
147;214;1;17;16;1;1;2;1;1;4201;9999;6;1;3;15;2;4;32
148;215;1;21;16;1;1;1;1;1;1;127;7;1;3;15;5;1;82
149;216;1;20;16;1;1;1;1;1;805;155;7;2;8;14;1;16;32
150;217;1;14;16;1;1;2;1;1;406;15;7;1;8;14;1;16;9
151;218;1;1;16;1;1;1;1;1;406;33;7;1;2;15;4;1;3
152;219;1;21;16;2;1;1;1;1;4220;9999;6;1;1;15;3;12;9
153;220;1;13;16;1;1;2;1;1;4266;8;6;1;8;14;7;16;9
154;222;1;17;16;1;1;2;1;1;411;9999;7;1;3;15;8;4;9
156;224;1;2;16;1;1;1;1;1;405;11;7;1;3;15;1;4;9
157;225;1;14;16;1;1;2;1;1;4;4;7;2;2;15;1;1;82
160;228;1;15;16;1;1;2;1;1;1;217;7;1;2;15;1;1;21
161;229;1;21;16;1;1;1;1;1;411;9999;7;1;2;15;4;1;21
162;230;1;13;16;1;1;2;1;1;411;9999;7;1;8;14;8;16;9
163;231;1;16;16;1;1;2;1;1;4268;9999;5;1;2;15;4;1;9
164;232;1;22;16;1;1;1;1;1;4201;9999;6;1;8;14;7;16;9
165;233;1;14;16;1;1;2;1;1;805;181;7;1;8;13;9;11;9
166;234;1;16;16;1;1;2;1;1;4201;9999;6;1;2;15;4;1;21
167;236;1;20;16;1;1;1;1;1;4201;9999;6;1;2;15;4;1;21
168;237;1;17;16;1;1;2;1;1;4234;9999;6;1;2;15;4;1;59
169;238;1;19;16;1;1;1;1;1;4201;9999;6;1;8;13;7;11;9
170;239;1;18;16;1;1;1;1;1;4205;9999;6;1;2;15;4;1;82
171;240;1;18;16;1;1;1;1;1;4201;9999;6;1;2;15;4;1;9
173;242;1;8;16;1;1;2;1;1;1;188;9;1;3;15;7;1;21
174;243;1;18;16;1;1;1;1;1;1;175;9;1;2;15;4;1;9
175;244;1;18;16;1;1;1;1;1;4234;15;6;1;2;14;4;1;21
176;245;1;12;16;1;1;2;1;1;805;246;7;1;8;13;9;10;9
177;246;1;13;16;1;1;2;1;1;805;232;7;1;8;14;8;16;21
178;247;1;10;16;1;1;2;1;1;805;235;7;1;8;13;7;11;21
179;248;1;14;16;1;1;2;1;1;4266;9999;6;1;3;15;8;4;32
180;249;1;12;16;1;1;2;1;1;4228;21;4;1;7;14;7;16;9
181;250;1;12;16;1;1;2;1;1;4266;6;6;1;8;14;8;16;9
182;251;1;12;16;1;1;2;1;1;1;239;10;1;3;15;4;1;341
183;252;1;14;16;1;1;2;1;1;1;242;10;1;1;15;1;4;9
184;253;1;17;16;1;1;2;1;1;1;245;10;1;3;15;8;16;31
185;254;1;9;16;1;1;2;1;1;1;242;10;1;2;15;4;1;9
186;255;1;12;16;1;1;2;1;1;1;243;10;1;3;15;8;4;21
187;256;1;11;16;1;1;2;1;1;1;243;10;1;3;15;7;1;32
188;258;1;3;16;1;1;1;1;1;1;125;7;1;8;14;1;16;82
189;259;1;10;16;1;1;2;1;1;1;130;7;1;8;18;3;10;33
190;260;1;19;16;2;1;1;1;1;4233;9999;6;1;2;15;4;1;9
191;261;1;12;16;2;1;2;1;1;4208;9999;6;1;8;14;1;16;31
192;262;1;13;16;1;1;2;1;1;805;162;7;2;8;18;3;5;31
193;263;1;23;16;1;1;1;1;1;805;155;7;2;8;18;3;5;9
194;264;1;17;16;2;1;2;1;1;4211;9999;7;1;8;14;1;16;9
195;265;1;20;16;2;1;1;1;1;4220;9999;6;1;2;15;4;1;341
196;266;1;15;16;2;1;2;1;1;4201;9999;6;1;3;15;3;12;32
197;267;1;14;16;2;1;2;1;1;4201;9999;6;1;8;14;1;16;21
198;268;1;11;16;2;1;2;1;1;4214;9999;6;1;3;14;5;1;32
199;269;1;23;16;1;1;1;1;1;1;161;7;1;3;15;2;4;21
200;270;1;12;16;1;1;2;1;1;1;149;7;1;8;18;2;11;9
201;271;1;15;16;1;1;2;1;1;1;168;7;1;3;15;2;13;82
202;272;1;16;16;1;1;2;1;1;1;156;7;1;3;15;2;7;21
203;273;1;12;16;2;1;2;1;1;4214;9999;6;1;3;15;2;4;9
204;274;1;16;16;2;1;2;1;1;4214;9999;7;1;3;15;2;4;9
205;275;1;19;16;1;1;1;1;1;406;33;7;1;8;14;1;16;9
206;277;1;2;16;1;1;1;1;1;406;34;7;1;3;15;2;4;9
207;278;1;15;16;2;1;2;1;1;4214;9999;6;1;3;15;2;4;9
208;279;1;18;16;1;1;1;1;1;406;24;7;1;8;14;4;16;9
209;280;1;17;16;2;1;2;1;1;4208;9999;6;1;8;14;1;16;31
210;281;1;20;16;2;1;1;1;1;4220;9999;6;1;2;15;4;1;21
211;283;1;0;61;1;1;1;1;1;4240;7;6;1;8;13;9;11;48
212;284;1;0;17;1;1;1;1;1;413;72;5;1;8;18;9;1;82
213;285;1;0;61;1;1;1;1;1;4;23;7;1;7;14;8;16;3
214;286;1;13;61;2;1;2;1;1;4252;9999;6;1;7;14;8;16;9
215;287;1;21;17;1;1;1;1;1;4232;67;4;1;7;14;7;1;9
216;288;1;7;61;1;1;2;1;1;4;38;7;1;5;15;4;1;32
217;289;1;16;17;1;1;2;1;1;4240;26;4;1;8;18;9;1;48
218;290;1;20;17;1;1;1;1;1;4536;5;5;1;1;15;3;4;21
219;291;1;15;61;2;1;2;1;1;4236;9999;4;1;2;15;4;1;9
220;292;1;11;17;1;1;2;1;1;4528;9999;4;1;7;14;7;16;409
221;295;1;18;61;1;1;1;1;1;4240;8;6;1;3;15;8;4;9
222;296;1;16;17;1;1;2;1;1;4538;10;4;1;7;14;8;16;9
223;297;1;15;18;1;1;2;1;1;405;18;4;1;2;15;4;1;31
224;298;1;18;61;1;1;1;1;1;4240;14;4;1;7;14;7;1;400
225;299;1;14;17;1;1;2;1;1;4240;21;4;1;8;18;9;1;9
226;300;1;12;17;1;1;2;1;1;4240;23;4;1;2;15;4;1;21
227;302;1;12;17;1;1;2;1;1;4526;9;4;1;8;18;9;1;31
228;303;1;19;17;1;1;1;1;1;4;78;5;1;8;18;9;1;9
229;304;1;18;17;1;1;1;1;1;4;71;5;1;2;14;4;1;9
230;305;1;13;17;1;1;2;1;1;4;71;5;1;2;15;4;1;9
231;306;1;12;17;1;1;2;1;1;413;47;5;1;7;15;8;2;9
232;307;1;12;17;1;1;2;1;1;413;48;5;1;2;15;4;1;9
233;308;1;14;17;1;1;2;1;1;4549;17;5;1;1;18;1;1;9
236;311;1;14;17;1;1;2;1;1;413;26;10;1;3;14;1;16;38
237;312;1;8;17;1;1;2;1;1;4530;2;5;1;2;15;1;1;71
238;313;1;19;17;1;1;1;1;1;4536;7;5;1;7;14;3;16;31
239;314;1;18;17;1;1;1;1;1;4538;19;4;1;3;15;8;21;71
240;316;1;20;17;1;1;1;1;1;4541;0;4;1;7;14;7;1;21
241;317;1;5;61;1;1;1;1;1;4258;9999;4;1;8;18;9;1;9
242;321;1;12;17;1;1;2;1;1;4;98;5;1;3;15;8;2;31
243;322;1;20;17;1;1;1;1;1;13;183;5;1;8;18;9;1;38
244;323;1;20;17;1;1;1;1;1;4232;61;4;1;3;15;7;6;82
245;324;1;12;17;1;1;2;1;1;13;147;5;1;8;18;4;9;31
246;325;1;11;17;1;1;2;1;1;4528;14;4;1;8;18;9;1;38
247;326;1;22;17;1;1;1;1;1;4232;7;5;1;7;14;3;16;9
248;329;1;20;17;1;1;1;1;1;413;8;10;1;1;15;1;4;21
249;330;1;13;17;1;1;2;1;1;411;5;5;1;3;15;2;16;32
250;331;1;13;17;1;1;2;1;1;4234;25;4;1;7;14;7;16;21
251;332;1;20;17;1;1;1;1;1;4234;32;4;1;2;15;4;1;21
252;333;1;12;17;1;1;2;1;1;4234;30;4;1;3;15;8;1;21
253;334;1;8;17;1;1;2;1;1;4234;31;4;1;2;15;4;1;46
254;335;1;14;61;1;1;2;1;1;4;49;7;1;8;15;9;10;38
255;337;1;20;61;1;1;1;1;1;413;29;7;1;7;14;4;16;21
256;338;1;22;61;1;1;1;1;1;413;42;6;1;2;15;4;1;9
257;339;1;19;61;1;1;1;1;1;4240;4;6;1;7;14;8;16;21
258;340;1;15;61;1;1;2;1;1;4236;9999;4;1;7;14;4;16;3
259;341;1;18;17;1;1;1;1;1;4538;9999;4;1;2;15;4;1;439
260;342;1;9;61;2;1;2;1;1;4236;9999;4;1;3;15;8;4;9
261;343;1;1;61;2;1;1;1;1;4240;9999;7;1;3;15;8;4;81
262;344;1;22;61;1;1;1;1;1;409;25;7;1;3;15;6;4;38
263;345;1;15;61;1;1;2;1;1;4235;0;7;1;7;15;7;1;3
264;346;1;12;61;1;1;2;1;1;4235;1;7;1;4;14;1;16;3
265;349;1;11;17;1;1;2;1;1;408;11;5;1;7;14;7;1;9
266;350;1;12;61;1;1;2;1;1;4240;9999;4;1;7;18;9;1;32
267;351;1;21;17;1;1;1;1;1;4551;9999;4;1;7;14;7;1;3
268;352;1;1;61;1;1;1;1;1;4236;9999;4;1;8;18;9;1;21
269;353;1;15;17;1;1;2;1;1;4551;9999;4;1;4;15;4;1;9
270;354;1;21;61;1;1;1;1;1;4235;11;6;1;7;14;7;16;409
272;358;1;14;61;2;1;2;1;1;4252;9999;6;1;2;15;4;1;9
273;359;1;9;61;2;1;2;1;1;4252;9999;6;1;2;15;4;1;21
274;361;1;19;61;2;1;1;1;1;4252;9999;6;1;2;15;4;1;9
275;362;1;19;61;1;1;1;1;1;4;60;8;1;3;15;8;4;9
276;363;1;19;61;1;1;1;1;1;409;11;6;1;2;15;4;1;9
277;364;1;13;61;1;1;2;1;1;409;12;8;1;2;15;4;1;9
278;365;1;19;61;2;1;1;1;1;4235;9999;4;1;2;15;4;1;82
279;366;1;16;23;1;1;2;1;1;7040;5;7;1;3;15;8;6;9
280;367;1;20;23;1;1;1;1;1;802;153;10;2;8;18;9;10;82
281;368;1;21;23;1;1;1;1;1;413;85;8;1;8;18;9;10;9
282;369;1;7;23;1;1;2;1;1;413;93;8;1;1;15;1;4;32
287;374;1;15;23;1;1;2;1;1;13;239;8;2;8;14;1;16;32
288;375;1;21;23;1;1;1;1;1;4;135;8;1;1;15;8;4;341
289;376;1;14;23;1;1;2;1;1;802;119;10;2;7;2;9;11;31
297;391;1;12;39;1;1;2;1;1;13;329;10;1;7;16;1;16;9
298;393;1;10;23;1;1;2;1;1;6;117;8;1;2;15;4;1;33
299;394;1;10;23;1;1;2;1;1;6;117;8;1;8;18;9;11;21
300;395;1;22;23;1;1;1;1;1;6;144;8;1;2;15;4;1;9
301;396;1;17;23;1;1;2;1;1;6;150;8;1;3;15;7;6;341
307;407;1;15;23;1;1;2;1;1;7040;0;7;1;2;15;4;20;32
308;408;1;9;23;1;1;2;1;1;705;21;7;1;3;15;8;1;21
309;409;1;18;23;1;1;1;1;1;705;12;7;1;8;18;9;11;38
310;411;1;22;23;1;1;1;1;1;701;9;7;1;8;18;9;11;42
311;412;1;14;23;1;1;2;1;1;6;122;8;1;8;18;9;10;31
312;413;1;18;23;1;1;1;1;1;13;241;8;1;3;15;8;6;82
313;415;1;5;23;1;1;1;1;1;13;239;8;2;7;10;9;11;31
314;416;1;12;23;1;1;2;1;1;13;240;8;1;1;15;9;18;9
315;417;1;11;23;1;1;2;1;1;802;104;8;2;8;18;9;11;9
316;418;1;8;23;1;1;2;1;1;13;208;8;1;1;15;8;4;342
317;419;1;12;23;1;1;2;1;1;6;178;8;1;8;10;9;11;31
318;420;1;11;23;1;1;2;1;1;6;172;8;1;2;14;4;18;9
319;421;1;20;23;1;1;1;1;1;6;172;8;1;8;14;1;16;31
320;422;1;18;23;1;1;1;1;1;6;174;8;1;3;15;7;6;9
321;423;1;18;23;1;1;1;1;1;7069;9999;7;1;7;5;1;11;9
322;424;1;18;23;1;1;1;1;1;6;173;8;2;8;14;1;16;9
323;425;1;16;23;1;1;2;1;1;4;113;8;1;3;15;8;6;31
324;426;1;21;23;1;1;1;1;1;4;119;8;1;8;18;7;10;439
325;427;1;17;39;1;1;2;1;1;7229;3;6;1;8;15;9;1;36
326;428;1;4;39;1;1;1;1;1;13;280;7;1;8;18;9;11;31
327;429;1;21;23;1;1;1;1;1;802;136;10;2;2;15;4;1;439
328;430;1;8;23;1;1;2;1;1;802;137;10;2;8;18;9;10;38
329;431;1;11;23;1;1;2;1;1;802;141;10;2;8;14;4;17;9
330;432;1;8;23;1;1;2;1;1;802;148;10;2;8;18;9;11;9
331;433;1;1;23;1;1;1;1;1;802;159;10;2;8;18;9;11;21
332;434;1;19;23;1;1;1;1;1;802;128;8;2;8;18;9;11;9
333;435;1;14;23;1;1;2;1;1;802;107;8;2;2;15;6;1;9
335;437;1;1;39;1;1;1;1;1;13;300;6;1;8;18;9;1;9
336;438;1;21;39;1;1;1;1;1;13;292;6;1;8;18;9;1;341
337;439;1;20;68;1;1;1;1;1;201;77;6;1;3;15;1;1;3
338;440;1;13;27;1;1;2;1;1;301;174;7;1;8;13;9;1;82
339;441;1;16;27;1;1;2;1;1;9999;9999;4;1;8;18;7;1;341
340;442;1;12;27;1;1;2;1;1;204;18;8;1;8;2;2;1;31
342;444;1;17;68;1;1;2;1;1;2339;10;6;1;7;15;7;4;21
343;445;1;19;27;1;1;1;1;1;1;624;8;1;8;6;9;1;9
344;446;1;12;27;1;1;2;1;1;1;620;8;1;8;13;7;1;31
345;448;1;21;27;1;1;1;1;1;301;115;8;1;8;13;8;1;46
346;449;1;12;27;1;1;2;1;1;204;38;8;1;1;15;1;4;46
347;453;1;13;27;1;1;2;1;1;2221;9999;8;1;8;14;3;16;33
348;454;1;8;27;1;1;2;1;1;1;625;8;1;2;15;4;1;31
349;455;1;18;27;1;1;1;1;1;1;624;8;1;8;14;2;16;9
350;457;1;12;27;1;1;2;1;1;301;96;8;1;8;13;8;1;9
351;458;1;1;27;1;1;1;1;1;301;79;8;1;8;13;9;1;9
352;461;1;19;27;1;1;1;1;1;2313;2;7;1;2;15;4;1;31
353;462;1;22;27;1;1;1;1;1;202;30;8;1;8;13;8;1;9
354;463;1;18;27;1;1;1;1;1;2314;9999;8;1;8;13;7;1;9
355;464;1;15;27;1;1;2;1;1;1;612;8;1;3;15;8;4;9
356;465;1;19;27;1;1;1;1;1;2307;1;8;1;2;15;4;1;459
357;466;1;12;27;1;1;2;1;1;2307;12;8;1;2;13;2;14;9
358;467;1;10;27;1;1;2;1;1;1;607;8;1;8;13;7;1;9
359;468;1;12;27;1;1;2;1;1;2323;15;7;1;3;15;3;4;48
360;469;1;22;27;1;1;1;1;1;204;39;8;1;2;15;4;1;9
361;470;1;19;27;1;1;1;1;1;204;36;8;1;1;1;1;21;9
362;471;1;12;27;1;1;2;1;1;2307;1;8;1;2;15;4;1;9
363;472;1;0;27;1;1;1;1;1;2307;5;8;1;1;15;1;1;31
364;473;1;13;27;1;1;2;1;1;2314;9999;8;1;8;14;1;16;9
365;474;1;13;27;1;1;2;1;1;2306;35;8;1;3;15;1;12;31
366;475;1;16;27;1;1;2;1;1;2306;31;8;1;8;14;4;16;31
367;476;1;19;27;3;1;1;1;1;2323;29;5;1;1;15;1;4;9
368;477;1;20;27;1;1;1;1;1;1;565;8;1;8;14;3;16;9
369;478;1;12;27;1;1;2;1;1;204;35;8;1;5;15;4;1;9
370;480;1;12;27;1;1;2;1;1;202;13;8;1;8;12;5;1;31
371;481;1;11;27;1;1;2;1;1;204;7;8;1;3;15;8;1;9
372;482;1;14;27;1;1;2;1;1;204;3;8;1;2;15;4;1;31
373;483;1;15;27;1;1;2;1;1;1;565;8;1;8;14;2;16;9
374;484;1;18;27;1;1;1;1;1;1;565;8;1;8;14;2;16;31
375;485;1;23;27;1;1;1;1;1;301;121;8;1;3;15;8;4;38
376;486;1;21;27;1;1;1;1;1;204;8;8;1;3;15;8;4;99
377;487;1;13;27;1;1;2;1;1;202;17;8;1;3;15;7;6;36
378;488;1;8;27;1;1;2;1;1;202;9;8;1;2;15;4;1;48
379;489;1;8;68;1;1;2;1;1;204;81;10;1;7;15;8;14;31
380;490;1;14;68;1;1;2;1;1;204;80;7;1;8;14;8;16;31
381;491;1;9;27;1;1;2;1;1;2300;16;7;1;3;15;1;16;31
383;493;1;9;27;1;1;2;1;1;2307;21;7;1;3;15;8;1;32
384;494;1;17;27;1;1;2;1;1;2313;18;7;1;3;15;8;9;32
385;495;1;10;27;1;1;2;1;1;2300;16;7;1;8;14;1;16;33
386;497;1;12;27;1;1;2;1;1;2307;9;7;1;2;15;4;1;9
387;498;1;15;27;1;1;2;1;1;2307;22;7;1;3;15;6;1;9
388;499;1;14;68;1;1;2;1;1;201;28;6;1;7;15;4;1;36
389;500;1;16;27;1;1;2;1;1;9999;9999;6;1;3;15;8;1;9
390;501;1;11;11;1;1;2;1;1;206;57;6;1;7;15;8;1;31
391;502;1;12;68;1;1;2;1;1;201;66;6;1;8;18;8;1;32
392;503;1;12;68;1;1;2;1;1;201;65;6;1;8;14;7;1;9
393;505;1;9;68;1;1;2;1;1;201;46;6;1;8;18;8;1;9
394;506;1;12;68;1;1;2;1;1;204;52;7;1;7;15;7;4;9
395;507;1;12;68;1;1;2;1;1;201;9999;11;1;7;14;8;16;9
397;509;1;9;68;1;1;2;1;1;2339;9999;6;1;8;18;8;1;33
399;511;1;16;68;1;1;2;1;1;2339;14;6;1;8;18;7;1;36
400;512;1;16;11;1;1;2;1;1;206;27;6;1;1;15;1;4;40
401;513;1;4;57;1;1;1;1;1;803;159;7;2;2;15;1;1;9
402;516;1;13;43;1;1;2;1;1;2017;46;8;1;3;15;3;18;9
403;517;1;7;43;1;1;2;1;1;9999;266;8;1;8;18;1;18;31
404;520;1;20;22;1;1;1;1;1;2007;9;7;1;2;15;4;18;9
405;521;1;17;22;1;1;2;1;1;803;229;7;2;8;14;1;18;9
406;522;1;20;57;1;1;1;1;1;8;297;8;1;8;14;7;1;9
407;523;1;22;11;1;1;1;1;1;9;222;7;1;8;18;1;11;71
408;524;1;6;57;1;1;1;1;1;2107;12;9;1;8;18;9;18;21
409;525;1;12;11;1;1;2;1;1;9;184;6;1;1;15;1;4;9
410;526;1;17;11;1;1;2;1;1;205;3;7;1;8;18;7;11;9
411;527;1;13;11;1;1;2;1;1;2135;22;7;1;3;15;7;6;21
413;529;1;13;11;1;1;2;1;1;2125;0;7;1;3;15;7;6;9
414;530;1;21;22;1;1;1;1;1;8;240;10;1;7;15;1;8;21
415;532;1;22;22;1;1;1;1;1;7;135;16;1;2;15;4;1;46
416;534;1;15;22;1;1;2;1;1;2009;3;9;1;7;15;7;4;9
417;538;1;12;11;1;1;2;1;1;8;301;7;1;8;14;7;16;21
418;539;1;20;11;1;1;1;1;1;2115;1;7;1;3;15;7;6;21
419;540;1;15;11;1;1;2;1;1;8;347;7;1;2;15;4;1;9
420;541;1;20;11;1;1;1;1;1;2125;18;7;1;1;15;1;4;31
421;545;1;9;22;1;1;2;1;1;7;137;16;1;7;15;7;8;53
422;546;1;10;22;1;1;2;1;1;7;136;16;1;2;15;4;1;33
423;547;1;14;22;1;1;2;1;1;7;127;16;1;2;15;4;1;3
425;550;1;21;22;1;1;1;1;1;8;239;9;2;8;13;7;11;9
426;551;1;13;22;1;1;2;1;1;8;266;9;1;7;15;7;1;9
427;556;1;20;22;1;1;1;1;1;2017;3;16;1;1;15;1;4;31
428;557;1;21;11;1;1;1;1;1;2135;1;6;1;8;18;1;10;9
429;558;1;23;11;1;1;1;1;1;9;195;6;1;8;13;9;11;21
430;559;1;22;11;1;1;1;1;1;9;147;9;1;3;15;5;18;21
431;560;1;18;57;1;1;1;1;1;2107;3;6;1;3;15;5;18;9
432;561;1;20;57;1;1;1;1;1;2104;6;7;1;8;18;9;18;32