;NUM_ACC;MOIS_ACC;HEU_ACC;COD_PRV;COD_ETA_CHA;COD_ETA_SUR;COD_LUM;COD_INT;TYP_LIE_ACC;NUM_ROU;PKM;LAR_CHA;COD_TYP_CHA;COD_TYP_COL;COD_OBS_HRT;COD_POI_CHO;COD_MAN;CIR_ACC
1473;1989;1;16;54;1;1;2;1;1;1;394;7;1;7;15;3;2;42
1474;1990;1;20;54;1;1;1;1;1;3603;9999;7;1;3;15;2;12;9
1475;1991;1;7;54;1;1;2;1;1;3603;9999;7;1;2;15;4;21;42
1476;1992;1;13;54;1;1;2;1;1;1;391;7;1;2;15;4;1;38
1477;1993;1;22;54;1;1;1;1;1;1;391;7;1;7;15;5;2;32
1478;1994;1;21;54;1;1;1;1;1;3005;9999;7;1;8;7;3;12;36
1479;1996;1;9;54;1;1;2;1;1;3607;9999;7;1;3;15;7;6;33
1480;1997;1;16;54;1;1;2;1;1;320;29;7;2;8;14;7;16;21
1481;1998;1;15;54;1;1;2;1;1;1;402;7;1;8;14;2;16;33
1482;1999;1;18;54;1;1;1;1;1;1;388;7;1;2;15;4;1;38
1483;2000;1;14;54;1;1;2;1;1;3011;9999;7;1;8;18;3;1;9
1484;2001;1;14;54;1;1;2;1;1;1;391;7;1;3;15;8;21;9
1485;2002;1;19;54;1;1;1;1;1;3607;9999;7;1;8;18;7;9;46
1486;2003;1;20;54;1;1;1;1;1;1;390;7;1;3;15;3;12;9
1487;2004;1;15;54;1;1;2;1;1;3014;9999;7;1;8;18;9;14;9
1488;2007;1;11;54;1;1;2;1;1;3603;9999;7;1;8;14;1;16;432
1489;2008;1;16;54;1;1;2;1;1;3603;9999;7;1;7;15;3;2;42
1490;2009;1;17;54;1;1;2;1;1;3007;9999;7;1;7;14;3;2;9
1491;2011;1;22;54;1;1;1;1;1;320;23;7;1;3;15;6;1;9
1492;2012;1;18;54;1;1;1;1;1;1;391;7;1;8;14;3;16;9
1493;2013;1;1;54;1;1;1;1;1;3011;37;7;1;8;18;3;12;53
1494;2015;1;13;54;1;1;2;1;1;320;23;7;1;8;14;3;16;9
1495;2016;1;20;54;1;1;1;1;1;1;389;7;1;8;14;3;16;9
1496;2017;1;12;54;1;1;2;1;1;3603;9999;7;1;8;14;3;16;71
1497;2018;1;17;54;1;1;2;1;1;801;108;8;1;8;11;8;11;42
1498;2019;1;12;10;1;1;2;1;1;801;122;8;1;8;11;7;11;33
1499;2020;1;10;54;1;1;2;1;1;803;26;8;1;8;12;8;10;46
1500;2021;1;19;54;1;1;1;1;1;803;38;8;1;2;15;4;1;3
1501;2022;1;15;54;1;1;2;1;1;803;29;8;1;8;13;9;10;3
1502;2023;1;19;54;1;1;1;1;1;803;26;8;1;8;14;1;16;3
1503;2024;1;20;54;1;1;1;1;1;803;41;8;1;2;15;4;1;38
1504;2025;1;18;54;1;1;1;1;1;9;54;7;1;8;13;7;11;31
1505;2026;1;14;54;1;1;2;1;1;9;53;7;1;8;14;1;16;9
1506;2027;1;14;54;1;1;2;1;1;11;41;8;1;3;15;5;18;31
1507;2028;1;13;54;1;1;2;1;1;9;54;7;1;3;15;8;1;3
1508;2029;1;16;72;1;1;2;1;1;9;33;7;1;3;15;7;1;9
1509;2030;1;22;72;1;1;1;1;1;9;40;7;1;8;12;7;5;33
1510;2031;1;8;72;1;1;2;1;1;9;31;7;1;8;14;1;16;3
1511;2032;1;13;72;1;1;2;1;1;9;34;7;1;3;15;7;4;9
1512;2033;1;19;72;1;1;1;1;1;9;40;7;1;8;11;4;18;9
1513;2034;1;19;72;1;1;1;1;1;9;40;7;1;8;11;1;11;33
1514;2035;1;8;72;1;1;2;1;1;9;41;7;1;2;15;4;1;409
1515;2036;1;14;72;1;1;2;1;1;9;36;7;1;3;15;8;1;21
1516;2037;1;17;54;1;1;2;1;1;9;43;7;1;2;15;4;1;9
1517;2038;1;13;60;1;1;2;1;1;805;263;7;2;8;13;9;1;9
1518;2039;1;12;60;1;1;2;1;1;801;9999;11;2;7;14;9;1;31
1521;2042;1;20;73;1;1;1;1;1;4001;9999;7;2;8;18;1;1;3
1523;2047;1;18;74;1;1;1;1;1;6;15;7;2;8;13;9;1;36
1524;2048;1;23;73;1;1;1;1;1;4032;6;9;1;1;15;3;4;53
1525;2049;1;20;73;1;1;1;1;1;4036;3;7;1;8;18;1;1;31
1526;2051;1;18;74;1;1;1;1;1;1;251;14;1;8;18;1;1;9
1527;2054;1;18;74;1;1;1;1;1;1;252;14;1;2;15;4;1;9
1528;2058;1;10;74;1;1;2;1;1;6;16;7;2;2;15;4;1;342
1529;2060;1;20;74;1;1;1;1;1;6;13;7;2;4;15;9;1;36
1530;2061;1;15;74;1;1;2;1;1;6;12;8;2;4;15;9;1;31
1531;2062;1;11;74;1;1;2;1;1;6;16;8;2;2;15;4;1;31
1532;2063;1;15;74;1;1;2;1;1;407;12;7;1;8;13;9;1;9
1533;2064;1;7;18;1;1;2;1;1;407;51;7;1;8;13;9;1;31
1534;2065;1;17;74;1;1;2;1;1;6;16;7;2;8;13;9;1;9
1535;2066;1;9;74;1;1;2;1;1;6;17;7;2;8;13;9;1;33
1536;2067;1;8;60;1;1;2;1;1;805;254;8;2;8;13;9;1;9
1537;2068;1;16;60;1;1;2;1;1;805;254;7;2;8;13;9;1;46
1538;2069;1;19;60;1;1;1;1;1;805;252;7;2;8;10;9;6;9
1539;2086;1;15;73;1;1;2;1;1;4001;4;6;1;2;15;4;1;46
1540;2089;1;20;73;1;1;1;1;1;4001;1;6;1;3;15;7;1;9
1541;2090;1;14;73;1;1;2;1;1;1;297;15;1;7;15;7;18;9
1542;2091;1;14;73;1;1;2;1;1;1;296;15;1;3;15;7;18;31
1543;2092;1;20;73;1;1;1;1;1;1;297;15;1;7;15;7;18;9
1544;2093;1;18;73;1;1;1;1;1;1;297;15;1;3;15;8;18;9
1546;2096;1;15;73;1;1;2;1;1;1;297;15;1;3;15;7;18;9
1547;2097;1;9;73;1;1;2;1;1;322;63;9;1;1;15;1;4;9
1548;2098;1;16;73;1;1;2;1;1;322;62;9;1;2;15;4;1;32
1549;2099;1;14;73;1;1;2;1;1;322;52;7;1;2;15;4;1;32
1550;2101;1;19;73;1;1;1;1;1;322;58;7;1;4;15;9;1;9
1551;2102;1;10;73;1;1;2;1;1;403;6;9;2;3;15;8;1;59
1554;2106;1;9;73;1;1;2;1;1;4020;9999;7;1;3;15;3;21;9
1555;2109;1;14;73;1;1;2;1;1;403;4;9;2;2;15;6;1;32
1557;2112;1;9;73;1;1;2;1;1;403;4;9;2;2;15;4;1;9
1558;2113;1;7;73;1;1;2;1;1;403;5;9;2;3;15;3;8;32
1563;2123;1;7;60;1;1;2;1;1;801;1;11;2;3;15;5;1;9
1564;2124;1;16;60;1;1;2;1;1;801;16;11;2;3;15;7;1;3
1565;2125;1;7;60;1;1;2;1;1;801;1;11;2;4;15;8;1;9
1566;2127;1;15;73;1;1;2;1;1;322;70;7;1;8;18;2;1;9
1567;2128;1;18;73;1;1;1;1;1;322;69;20;1;8;14;2;1;21
1568;2130;1;20;73;1;1;1;1;1;322;72;7;1;8;14;2;1;9
1569;2131;1;23;73;1;1;1;1;1;322;67;7;1;8;15;3;1;9
1570;2132;1;21;60;1;1;1;1;1;805;289;7;1;2;15;4;1;9
1571;2133;1;8;60;1;1;2;1;1;805;299;7;1;8;2;1;10;9
1572;2134;1;20;60;1;1;1;1;1;805;280;8;1;2;15;4;1;21
1573;2135;1;14;73;1;1;2;1;1;401;31;7;1;7;15;1;4;9
1574;2136;1;18;73;1;1;1;1;1;4025;9999;10;2;7;15;1;1;9
1575;2137;1;21;73;1;1;1;1;1;401;23;19;1;8;14;3;1;31
1576;2139;1;17;73;1;1;2;1;1;401;9999;10;1;3;15;2;8;31
1577;2141;1;12;73;1;1;2;1;1;4036;9999;10;1;4;15;9;1;9
1578;2146;1;16;73;1;1;2;1;1;4036;9999;10;1;3;15;2;2;31
1579;2150;1;12;73;1;1;2;1;1;4036;9999;10;1;3;15;2;8;9
1580;2158;1;13;73;1;1;2;1;1;4036;9999;10;1;8;14;1;16;50
1581;2160;1;11;73;1;1;2;1;1;401;11;12;1;8;14;1;1;32
1582;2161;1;19;73;1;1;1;1;1;401;12;16;1;3;15;3;4;9
1584;2164;1;20;73;1;1;1;1;1;4036;6;7;1;3;15;2;1;9
1585;2165;1;9;73;1;1;2;1;1;4001;9999;7;2;3;15;3;1;50
1586;2167;1;10;73;1;1;2;1;1;4023;9999;6;2;8;18;1;1;53
1587;2172;1;18;60;1;1;1;1;1;9999;97;7;1;8;18;2;1;9
1588;2173;1;15;73;1;1;2;1;1;4018;9999;6;2;3;15;4;1;9
1589;2175;1;8;73;1;1;2;1;1;4032;9999;7;1;7;18;1;18;436
1590;2178;1;14;73;1;1;2;1;1;1;300;16;1;2;15;4;1;9
1591;2179;1;22;73;1;1;1;1;1;1;299;16;1;3;15;7;4;31
1594;2184;1;20;62;1;1;1;1;1;1;1370;8;1;1;15;9;1;32
1595;2185;1;17;62;1;1;2;1;1;1;1362;8;1;8;14;1;16;9
1596;2186;1;21;21;1;1;1;1;1;1;1583;9;1;8;13;1;1;9
1597;2187;1;14;8;1;1;2;1;1;1;1780;6;1;8;18;9;1;9
1598;2188;1;15;8;1;1;2;1;1;1;1720;5;1;8;18;9;1;9
1599;2189;1;22;8;1;1;1;1;1;1;1624;6;1;8;18;9;1;9
1601;2193;1;20;21;1;1;1;1;1;5;65;8;1;8;13;9;11;38
1602;2194;1;11;21;1;1;2;1;1;1;1603;9;1;8;13;1;1;48
1603;2195;1;12;21;1;1;2;1;1;1;1580;9;1;8;13;1;1;9
1604;2197;1;3;62;1;1;1;1;1;1;1485;8;1;8;18;2;1;31
1605;2198;1;0;62;1;1;1;1;1;1;1340;8;1;8;18;2;1;9
1606;2200;1;22;62;1;1;1;1;1;1;1392;8;1;8;2;1;1;36
1607;2201;1;0;62;1;1;1;1;1;1;1392;8;1;8;18;2;1;9
1608;2202;1;21;3;1;1;1;1;1;2;318;7;2;1;15;1;18;31
1609;2203;1;7;3;1;1;2;1;1;2;341;3;2;7;1;1;18;31
1610;2204;1;17;3;1;1;2;1;1;5211;2;8;2;7;15;3;18;33
1611;2205;1;15;3;1;1;2;1;1;509;16;7;1;8;18;9;1;31
1612;2206;1;18;3;1;1;1;1;1;8;843;7;1;8;14;1;1;9
1613;2207;1;2;3;1;1;1;1;1;5211;4;8;2;8;7;1;18;48
1614;2208;1;12;3;1;1;2;1;1;2;281;7;1;8;14;1;1;31
1615;2209;1;19;3;1;1;1;1;1;2;214;7;1;8;13;9;13;9
1616;2210;1;18;3;1;1;1;1;1;2;213;7;1;8;13;9;12;32
1617;2215;1;19;3;1;1;1;1;1;2;321;7;2;8;14;1;18;9
1618;2216;1;9;3;1;1;2;1;1;2;317;7;2;3;15;6;18;32
1619;2218;1;12;3;1;1;2;1;1;2;333;7;2;8;14;1;18;9
1620;2220;1;10;3;1;1;2;1;1;2;274;7;1;7;15;1;2;31
1621;2221;1;20;2;1;1;1;1;1;9999;102;8;1;1;15;1;4;82
1622;2223;1;20;45;1;1;1;1;1;1;918;8;1;8;14;1;16;36
1623;2224;1;12;45;1;1;2;1;1;1009;7;6;1;2;15;4;1;38
1624;2225;1;9;45;1;1;2;1;1;9999;39;6;1;1;15;1;4;21
1625;2226;1;15;45;1;1;2;1;1;1009;14;6;1;1;15;1;4;36
1626;2227;1;18;45;1;1;1;1;1;9999;61;6;1;1;15;1;4;9
1628;2230;1;18;41;1;1;1;1;1;1010;9999;8;1;7;14;8;16;36
1629;2231;1;9;2;1;1;2;1;1;9999;95;8;1;3;15;7;1;9
1630;2232;1;14;2;1;1;2;1;1;1735;9999;7;1;8;18;9;1;82
1631;2234;1;19;2;1;1;1;1;1;1743;36;6;1;8;13;1;1;9
1632;2236;1;2;37;1;1;1;1;1;1905;14;6;1;8;18;9;1;38
1633;2237;1;19;37;1;1;1;1;1;104;70;6;1;8;18;9;1;21
1634;2238;1;17;41;1;1;2;1;1;10;5;8;1;1;15;1;4;9
1635;2240;1;21;64;1;1;1;1;1;10;18;7;1;8;16;1;16;9
1636;2241;1;0;2;1;1;1;1;1;10;9999;8;1;8;14;1;16;21
1637;2242;1;14;2;1;1;2;1;1;1705;9999;9;1;8;14;1;16;9
1638;2243;1;18;2;1;1;1;1;1;10;9999;8;1;8;18;9;1;71
1639;2244;1;12;2;1;1;2;1;1;9999;65;8;1;2;15;1;1;31
1640;2245;1;14;2;1;1;2;1;1;9999;94;9;1;2;15;1;1;59
1641;2246;1;20;2;1;1;1;1;1;9999;83;8;1;2;15;4;1;31
1642;2248;1;14;45;2;1;2;1;1;1011;56;6;1;7;15;7;4;9
1643;2249;1;13;45;1;1;2;1;1;1009;14;6;1;8;14;1;16;439
1644;2250;1;20;45;1;1;1;1;1;1014;2;6;1;1;15;1;4;21
1645;2251;1;8;45;1;1;2;1;1;1;907;8;1;7;15;8;16;9
1646;2252;1;8;45;1;1;2;1;1;1;905;8;1;8;14;1;16;32
1649;2258;1;19;45;1;1;1;1;1;1;912;8;1;8;14;1;16;9
1650;2259;1;16;45;1;1;2;1;1;1014;10;8;1;8;14;1;16;99
1651;2260;1;16;45;1;1;2;1;1;1014;11;8;1;1;15;1;4;3
1652;2263;1;10;45;1;1;2;1;1;1014;10;6;1;7;15;7;4;3
1653;2264;1;7;45;1;1;2;1;1;1014;10;8;1;8;15;8;6;9
1654;2267;1;19;45;1;1;1;1;1;1;919;8;1;8;14;1;16;9
1656;2271;1;18;45;1;1;1;1;1;1;922;8;1;7;15;8;8;48
1657;2274;1;12;45;1;1;2;1;1;1;921;8;1;7;15;8;4;32
1658;2275;1;16;45;1;1;2;1;1;1;925;8;1;7;15;7;4;9
1659;2278;1;12;45;1;1;2;1;1;1;924;8;1;8;14;1;16;9
1660;2280;1;16;45;1;1;2;1;1;1;927;8;1;2;15;4;1;31
1661;2281;1;20;45;1;1;1;1;1;1;922;8;1;8;14;1;16;3
1663;2285;1;6;45;1;1;1;1;1;1;902;8;1;7;15;7;11;31
1666;2290;1;18;45;1;1;1;1;1;1;911;8;1;8;15;1;16;3
1667;2292;1;20;45;1;1;1;1;1;1;906;8;1;8;14;1;16;38
1668;2294;1;14;45;1;1;2;1;1;1;902;8;1;2;15;4;1;9
1669;2296;1;4;45;2;1;1;1;1;1016;20;6;1;8;18;1;10;21
1670;2297;1;19;45;2;1;1;1;1;1018;9999;6;1;7;15;7;8;9
1671;2298;1;13;45;2;1;2;1;1;1018;9999;6;1;8;14;1;16;9
1672;2299;1;19;45;2;1;1;1;1;1018;9999;6;1;2;15;4;1;3
1673;2300;1;7;45;1;1;2;1;1;1009;9999;6;1;7;15;8;6;9
1675;2302;1;14;45;1;1;2;1;1;1009;20;6;1;2;15;4;1;9
1676;2303;1;8;45;1;1;2;1;1;1014;2;6;1;2;15;4;1;32
1679;2307;1;13;45;1;1;2;1;1;105;17;8;1;8;15;4;1;31
1680;2308;1;20;41;1;1;1;1;1;9999;383;7;1;3;15;6;4;33
1681;2309;1;2;2;1;1;1;1;1;803;392;8;2;3;15;2;1;9
1682;2310;1;1;2;1;1;1;1;1;803;393;8;2;3;15;2;1;9
1683;2311;1;12;41;1;1;2;1;1;1;822;9;1;2;1;4;1;9
1684;2313;1;15;41;1;1;2;1;1;1;797;8;1;1;15;3;4;31
1685;2314;1;12;64;1;1;2;1;1;10;14;6;1;7;14;1;4;21
1686;2315;1;18;12;1;1;1;1;1;1;784;6;1;8;18;9;1;341
1687;2320;1;10;41;1;1;2;1;1;9999;9999;8;1;3;15;2;1;9
1688;2321;1;19;41;1;1;1;1;1;9999;9999;7;1;3;15;1;7;9
1690;2325;1;12;41;1;1;2;1;1;9999;9999;8;1;3;15;6;1;31
1691;2326;1;8;41;1;1;2;1;1;9999;9999;8;1;7;15;1;2;9
1692;2327;1;10;41;1;1;2;1;1;9999;396;9;2;2;15;4;1;9
1694;2329;1;9;41;1;1;2;1;1;9999;397;12;1;3;15;2;1;46
1696;2331;1;8;41;1;1;2;1;1;9999;9999;9;1;7;15;5;1;3439
1697;2332;1;18;41;1;1;1;1;1;9999;9999;8;1;8;14;1;16;53
1698;2334;1;11;64;1;1;2;1;1;105;4;12;1;3;15;7;4;53
1699;2336;1;18;64;1;1;1;1;1;105;5;12;1;3;15;7;4;53
1700;2337;1;17;64;1;1;2;1;1;105;6;12;1;3;14;7;16;53
1701;2338;1;19;64;1;1;1;1;1;9999;9999;10;1;3;15;7;1;32
1702;2340;1;15;64;1;1;2;1;1;1005;9999;9;1;3;14;7;16;48
1703;2343;1;17;45;1;1;2;1;1;9999;19;11;1;8;14;4;16;32
1704;2344;1;16;64;1;1;2;1;1;9999;28;10;1;1;15;1;4;9
1705;2345;1;0;64;1;1;1;1;1;9999;17;11;1;1;15;1;4;3
1706;2346;1;8;45;1;1;2;1;1;9999;19;10;1;3;15;5;8;3
1707;2347;1;19;64;1;1;1;1;1;9999;19;10;1;2;15;4;1;32
1708;2348;1;11;64;1;1;2;1;1;9999;28;11;1;2;15;6;12;38
1709;2349;1;20;64;1;1;1;1;1;9999;21;11;1;8;18;7;18;21
1710;2350;1;21;45;1;1;1;1;1;9999;18;10;1;2;15;4;1;46
1711;2351;1;14;64;1;1;2;1;1;9999;18;10;1;3;15;8;6;9
1712;2352;1;8;64;1;1;2;1;1;1010;9999;6;1;7;18;9;6;9
1713;2353;1;8;64;1;1;2;1;1;9999;17;11;1;8;14;1;16;50
1714;2355;1;15;45;1;1;2;1;1;1;897;7;1;3;15;4;1;21
1715;2356;1;1;45;1;1;1;1;1;1;897;7;1;2;18;4;1;21
1716;2357;1;7;2;1;1;2;1;1;10;58;7;1;3;1;6;1;21
1717;2358;1;13;2;1;1;2;1;1;10;60;7;1;8;15;8;14;21
1719;2360;1;9;45;1;1;2;1;1;1;896;7;1;8;18;9;1;9
1720;2361;1;9;37;1;1;2;1;1;1;986;6;1;2;15;4;1;409
1721;2362;1;19;37;1;1;1;1;1;1;979;6;1;3;15;2;1;46
1722;2364;1;21;37;1;1;1;1;1;1900;15;6;1;8;18;9;1;9
1724;2367;1;11;37;1;1;2;1;1;1906;9999;6;1;8;18;9;1;32
1725;2371;1;19;2;1;1;1;1;1;9999;84;8;1;2;15;1;1;3
1726;2372;1;20;2;1;1;1;1;1;9999;83;9;1;3;15;6;1;21
1727;2373;1;13;2;1;1;2;1;1;9999;87;8;1;8;18;9;1;42
1728;2374;1;9;2;1;1;2;1;1;9999;142;7;1;8;15;1;1;3
1729;2376;1;21;2;1;1;1;1;1;9999;120;8;1;4;15;1;1;9
1730;2377;1;22;2;1;1;1;1;1;9999;120;8;1;8;15;1;1;21
1731;2378;1;19;2;1;1;1;1;1;9999;122;9;1;8;15;1;1;21
1732;2380;1;16;2;1;1;2;1;1;10;48;8;1;8;18;9;1;9
1733;2382;1;21;2;1;1;1;1;1;9999;85;7;1;8;15;6;1;21
1734;2383;1;21;2;1;1;1;1;1;9999;9999;7;1;3;15;7;4;9
1735;2384;1;16;2;1;1;2;1;1;9999;86;14;1;3;15;8;7;9
1736;2386;1;16;2;1;1;2;1;1;9999;85;8;1;3;15;7;1;38
1737;2388;1;12;2;1;1;2;1;1;9999;85;7;1;3;15;1;4;59
1738;2389;1;18;2;1;1;1;1;1;10;148;8;1;8;18;9;1;31
1739;2390;1;19;2;1;1;1;1;1;1706;66;8;1;8;18;9;1;21
1740;2391;1;21;2;1;1;1;1;1;1706;66;8;1;8;18;9;1;9
1741;2392;1;11;2;1;1;2;1;1;10;65;8;1;8;18;9;1;21
1742;2393;1;17;2;1;1;2;1;1;10;67;8;1;3;15;7;4;3
1743;2394;1;18;2;1;1;1;1;1;10;197;12;1;7;15;3;7;42
1744;2395;1;18;2;1;1;1;1;1;1743;6;6;1;8;18;9;1;36
1745;2397;1;19;2;1;1;1;1;1;9999;9999;9;1;8;15;1;16;9
1746;2398;1;14;2;1;1;2;1;1;1701;9999;9;1;8;14;1;16;9
1747;2399;1;19;2;1;1;1;1;1;1705;9999;6;1;8;18;9;1;21
1748;2400;1;20;2;1;1;1;1;1;9999;9999;7;1;8;15;1;16;9
1749;2401;1;15;2;1;1;2;1;1;1721;9999;7;1;8;15;1;1;9
1750;2402;1;11;2;1;1;2;1;1;9999;4;8;1;8;15;1;1;46
1751;2403;1;10;2;1;1;2;1;1;9999;4;7;1;8;15;1;1;3
1752;2404;1;12;2;1;1;2;1;1;9999;7;8;1;3;15;4;1;9
1753;2405;1;18;64;1;1;1;1;1;10;15;8;1;4;15;1;1;40
1755;2407;1;17;2;1;1;2;1;1;9999;10;8;1;8;15;1;1;38
1756;2409;1;17;2;1;1;2;1;1;1007;9999;8;1;8;18;1;16;31
1757;2411;1;8;2;1;1;2;1;1;1717;4;7;1;8;15;1;1;21
1758;2412;1;19;2;1;1;1;1;1;10;9999;7;1;8;14;1;16;36
1759;2413;1;13;64;1;1;2;1;1;10;16;7;1;3;15;8;1;32
1760;2414;1;20;2;1;1;1;1;1;10;9999;9;1;2;15;4;1;21
1761;2415;1;19;64;1;1;1;1;1;10;30;7;1;8;18;9;1;9
1762;2416;1;20;2;1;1;1;1;1;1007;14;6;1;3;15;7;1;9
1763;2417;1;21;33;1;1;1;1;1;1800;5;20;1;1;13;1;2;82
1765;4001;2;10;58;1;1;2;1;1;7;11;8;1;3;15;8;7;9
1766;4002;2;21;10;1;1;1;1;1;3473;9999;6;1;8;13;9;11;3
1767;4004;2;17;58;1;1;2;1;1;1;523;7;1;8;14;2;16;9
1768;4005;2;20;10;1;1;1;1;1;1;438;7;1;1;15;1;14;3
1769;4006;2;4;10;1;1;1;1;1;3424;9999;6;1;8;13;9;10;9
1770;4007;2;12;10;1;1;2;1;1;3410;4;5;1;1;15;1;14;33
1771;4008;2;1;10;1;1;1;1;1;301;4;6;2;1;15;1;4;9
1772;4010;2;17;10;1;1;2;1;1;1;464;7;1;5;15;1;14;9
1773;4011;2;17;10;1;1;2;1;1;316;10;5;1;3;15;7;12;9
1774;4012;2;19;10;1;1;1;1;1;3403;9999;5;1;1;15;1;14;9
1775;4013;2;8;10;1;1;2;1;1;318;9;6;1;8;13;9;10;32
1776;4014;2;9;10;1;1;2;1;1;1;467;7;1;8;14;2;16;82
1777;4015;2;18;10;1;1;1;1;1;316;24;5;1;8;14;2;16;46
1778;4016;2;11;10;1;1;2;1;1;3473;9999;5;1;1;15;1;14;9
1779;4017;2;20;10;1;1;1;1;1;1;408;7;1;1;15;1;14;9
1780;4018;2;22;10;1;1;1;1;1;1;448;7;1;8;13;9;11;82
1781;4019;2;16;10;1;1;2;1;1;301;13;6;2;3;15;8;1;21
1782;4020;2;15;10;1;1;2;1;1;301;28;7;1;8;13;9;11;9
1783;4021;2;21;10;1;1;1;1;1;3457;4;5;1;8;13;9;11;9
1784;4022;2;12;10;1;1;2;1;1;1;430;7;1;3;15;8;1;31
1785;4023;2;19;10;1;1;1;1;1;320;51;7;1;8;13;9;10;9
1786;4024;2;12;58;1;1;2;1;1;7;4;8;1;3;15;8;10;9
1787;4025;2;11;58;1;1;2;1;1;201;124;5;1;8;13;9;18;9
1788;4027;2;17;58;1;1;2;1;1;301;76;7;1;8;14;1;16;31
1789;4028;2;20;10;1;1;1;1;1;303;104;7;1;3;15;8;14;82
1790;4031;2;14;58;1;1;2;1;1;3436;9999;5;1;8;13;9;10;9
1791;4033;2;20;10;1;1;1;1;1;303;96;7;1;1;15;1;14;9
1792;4034;2;14;58;1;1;2;1;1;1;542;7;1;2;15;4;1;21
1793;4035;2;19;58;1;1;1;1;1;201;106;5;1;3;18;1;4;32
1794;4036;2;22;58;1;1;1;1;1;201;106;6;1;2;15;4;1;9
1795;4037;2;22;58;1;1;1;1;1;3430;35;5;1;1;15;1;14;59
1796;4038;2;13;58;1;1;2;1;1;301;74;7;1;2;15;4;1;82
1797;4039;2;2;58;1;1;1;1;1;301;76;7;1;8;13;9;11;9
1798;4040;2;11;58;1;1;2;1;1;3430;30;6;1;8;14;2;16;46
1799;4041;2;11;58;1;1;2;1;1;3430;1;5;1;3;15;6;12;9
1800;4042;2;12;58;1;1;2;1;1;301;74;7;1;8;13;9;11;9
1801;4043;2;21;58;1;1;1;1;1;3407;9999;5;1;8;13;9;11;32
1802;4045;2;8;58;1;1;2;1;1;1;530;7;1;3;15;8;1;32
1803;4048;2;15;58;1;1;2;1;1;1;522;7;1;3;15;8;1;36
1804;4049;2;15;58;1;1;2;1;1;1;520;7;1;3;15;8;1;9
1805;4051;2;16;58;1;1;2;1;1;202;72;7;1;2;15;4;1;9
1806;4053;2;17;58;1;1;2;1;1;3438;1;5;1;3;15;8;1;31
1807;4054;2;15;58;1;1;2;1;1;202;89;8;1;8;13;9;11;31
1808;4055;2;16;58;1;1;2;1;1;202;95;7;1;3;15;8;6;9
1809;4056;2;18;58;1;1;1;1;1;7;4;8;1;8;13;9;11;82
1810;4057;2;13;58;1;1;2;1;1;202;101;7;1;3;15;8;12;21
1811;4058;2;10;58;1;1;2;1;1;202;107;7;1;3;15;8;12;9
1812;4059;2;20;58;1;1;1;1;1;7;13;8;1;8;13;9;10;341
1813;4060;2;12;10;1;1;2;1;1;320;71;7;1;3;15;7;12;21
1814;4061;2;16;10;1;1;2;1;1;1;424;7;1;3;15;7;6;9
1815;4063;2;18;10;1;1;1;1;1;320;51;7;1;2;15;4;1;9
1816;4064;2;20;10;1;1;1;1;1;3461;0;5;1;8;13;9;10;9
1817;4065;2;12;10;1;1;2;1;1;3463;2;5;1;8;13;9;11;31
1818;4066;2;13;10;1;1;2;1;1;1;433;7;1;8;13;9;11;48
1819;4067;2;16;10;1;1;2;1;1;3469;9999;5;1;8;14;2;16;9
1820;4068;2;21;10;1;1;1;1;1;3461;8;5;1;8;13;9;11;9
1821;4069;2;12;10;1;1;2;1;1;3400;15;6;1;8;14;1;16;40
1822;4070;2;4;10;1;1;1;1;1;1;429;7;1;5;15;1;14;21
1823;4071;2;12;10;1;1;2;1;1;1;421;7;1;3;15;7;7;21
1824;4072;2;16;10;1;1;2;1;1;1;430;7;1;3;15;8;14;32
1825;4074;2;15;10;1;1;2;1;1;320;56;6;1;3;15;8;1;21
1826;4075;2;14;10;1;1;2;1;1;1;436;7;1;3;15;7;12;42
1827;4076;2;17;10;1;1;2;1;1;1;439;7;1;2;15;4;1;9
1828;4077;2;17;10;1;1;2;1;1;1;439;7;1;3;15;8;14;31
1829;4078;2;11;10;1;1;2;1;1;1;425;7;1;3;14;1;16;21
1830;4080;2;14;10;1;1;2;1;1;316;49;6;1;8;13;9;11;33
1831;4081;2;18;10;1;1;1;1;1;3459;13;5;1;8;13;9;11;21
1832;4082;2;14;10;1;1;2;1;1;316;36;7;1;8;13;9;10;33
1833;4083;2;16;10;1;1;2;1;1;316;36;7;1;8;13;9;10;46
1834;4084;2;22;10;1;1;1;1;1;3416;9999;5;1;8;13;9;11;9
1835;4087;2;18;10;1;1;1;1;1;301;54;7;1;3;15;7;6;31
1836;4088;2;22;10;1;1;1;1;1;301;18;7;1;8;13;9;11;38
1837;4089;2;22;10;1;1;1;1;1;3423;2;8;1;2;15;4;1;42
1838;4090;2;20;10;1;1;1;1;1;3410;2;6;1;3;15;4;1;33
1839;4091;2;21;10;1;1;1;1;1;316;4;5;1;8;13;2;11;82
1840;4093;2;0;10;1;1;1;1;1;301;9;6;2;2;15;4;1;31
1841;4094;2;14;10;1;1;2;1;1;3410;3;5;1;3;15;8;14;9
1842;4095;2;20;10;1;1;1;1;1;301;1;6;2;2;15;4;1;9
1843;4096;2;10;10;1;1;2;1;1;301;7;6;2;2;15;6;1;31
1844;4099;2;2;10;1;1;1;1;1;3423;7;8;1;8;13;9;11;3
1845;4102;2;12;10;1;1;2;1;1;301;4;6;2;2;15;4;14;9
1846;4103;2;10;10;1;1;2;1;1;3410;4;5;1;2;15;6;1;38
1847;4105;2;14;10;1;1;2;1;1;301;24;7;1;2;15;6;1;9
1848;4106;2;5;10;1;1;1;1;1;301;3;6;2;1;15;1;1;9
1849;4109;2;17;10;1;1;2;1;1;301;22;7;1;2;15;4;1;21
1850;4110;2;20;10;1;1;1;1;1;316;4;5;1;8;14;1;16;3
1851;4112;2;15;10;1;1;2;1;1;316;2;5;1;2;15;4;1;9