;NUM_ACC;MOIS_ACC;HEU_ACC;COD_PRV;COD_ETA_CHA;COD_ETA_SUR;COD_LUM;COD_INT;TYP_LIE_ACC;NUM_ROU;PKM;LAR_CHA;COD_TYP_CHA;COD_TYP_COL;COD_OBS_HRT;COD_POI_CHO;COD_MAN;CIR_ACC
3873;8737;3;10;57;1;1;2;1;1;803;134;7;2;8;18;1;10;82
3874;8739;3;18;11;1;1;1;1;1;206;68;6;1;8;13;9;1;31
3875;8740;3;16;11;1;1;2;1;1;9;172;7;1;2;15;1;1;9
3876;8741;3;11;11;1;1;2;1;1;2125;17;7;1;8;18;7;11;9
3877;8742;3;17;11;1;1;2;1;1;208;23;7;1;2;15;4;1;9
3878;8743;3;21;11;1;1;1;1;1;2125;18;7;1;2;15;4;1;21
3879;8744;3;13;11;1;1;2;1;1;2115;11;7;1;2;15;4;1;21
3880;8746;3;13;11;1;1;2;1;1;2115;3;7;1;2;15;4;1;9
3881;8747;3;16;11;1;1;2;1;1;2127;4;7;1;8;18;7;11;32
3882;8749;3;15;11;1;1;2;1;1;8;341;7;1;2;15;4;1;9
3883;8750;3;16;11;1;1;2;1;1;8;339;7;1;2;15;4;1;9
3884;8751;3;13;11;1;1;2;4;1;206;86;7;1;8;18;7;11;82
3885;8753;3;9;11;1;1;2;1;1;8;303;7;1;8;14;7;16;82
3886;8756;3;13;11;1;1;2;1;1;2125;24;7;1;2;15;4;1;38
3887;8757;3;15;11;1;1;2;1;1;2125;13;7;1;3;15;7;6;3
3888;8758;3;22;11;1;1;1;1;1;2125;10;7;1;8;14;7;16;21
3890;8763;3;9;11;1;1;2;1;1;8;352;7;1;2;15;4;1;9
3891;8764;3;21;11;1;1;1;1;1;205;4;7;1;8;14;7;16;9
3894;8767;3;13;11;1;1;2;1;1;2135;27;7;1;4;15;4;1;9
3895;8768;3;15;11;1;1;2;1;1;2116;1;7;1;8;14;8;16;21
3896;8769;3;20;11;1;1;1;1;1;2135;15;7;1;2;15;4;1;33
3897;8771;3;17;48;1;1;2;1;1;8;182;8;1;8;18;9;10;21
3898;8774;3;10;11;1;1;2;1;1;210;35;7;1;2;15;4;21;9
3899;8775;3;21;11;1;1;1;1;1;210;43;7;1;8;18;8;10;21
3900;8776;3;20;11;1;1;1;1;1;210;31;7;1;8;14;7;16;82
3901;8777;3;20;11;1;1;1;1;1;2123;9999;7;1;8;18;7;11;21
3902;8778;3;8;11;1;1;2;1;1;210;46;7;1;8;18;8;10;21
3903;8779;3;22;11;1;1;1;1;1;205;2;7;1;8;18;7;11;3
3904;8781;3;19;48;1;1;1;1;1;207;84;12;2;8;18;9;11;9
3905;8782;3;20;48;1;1;1;1;1;207;69;12;2;2;15;1;1;31
3906;8783;3;13;48;1;1;2;1;1;207;70;12;2;3;15;2;6;3
3907;8785;3;13;48;1;1;2;1;1;207;69;12;2;8;18;1;16;9
3908;8786;3;12;48;1;1;2;1;1;207;70;12;2;3;15;3;2;9
3909;8787;3;10;48;1;1;2;1;1;8;136;9;1;2;15;1;1;9
3910;8788;3;21;48;1;1;1;1;1;8;132;7;1;3;1;7;21;21
3911;8789;3;14;48;1;1;2;1;1;8;108;8;1;8;18;8;11;31
3912;8790;3;16;48;1;1;2;1;1;212;98;7;1;2;15;4;1;31
3913;8791;3;18;43;1;1;1;1;1;2010;32;7;1;1;15;1;18;21
3914;8792;3;19;43;1;1;1;1;1;2017;19;8;1;1;15;1;18;21
3915;8793;3;19;43;1;1;1;1;1;2017;41;8;1;1;15;1;18;53
3916;8795;3;12;43;1;1;2;1;1;2010;26;7;1;8;18;9;18;9
3917;8797;3;23;43;1;1;1;1;1;2012;17;7;1;2;15;4;18;31
3918;8798;3;12;43;1;1;2;1;1;2016;20;7;1;8;18;9;18;3
3919;8799;3;14;22;1;1;2;1;1;2030;18;6;1;2;15;4;18;21
3920;8800;3;11;22;1;1;2;1;1;2030;12;6;1;1;15;1;18;21
3921;8802;3;23;43;1;1;1;1;1;9;290;8;1;1;15;1;18;38
3922;8803;3;15;43;1;1;2;1;1;9;304;8;1;8;18;1;18;21
3923;8804;3;2;48;1;1;1;1;1;803;256;7;2;3;15;8;1;21
3924;8805;3;10;48;1;1;2;1;1;803;300;7;2;8;3;3;1;82
3925;8806;3;21;48;1;1;1;1;1;803;366;7;1;8;2;2;11;9
3926;8807;3;20;48;1;1;1;1;1;803;357;7;1;8;2;2;11;32
3927;8809;3;19;48;1;1;1;1;1;212;58;8;1;2;15;1;1;21
3928;8810;3;12;48;1;1;2;1;1;212;70;8;1;8;18;4;21;21
3929;8811;3;12;43;1;1;2;1;1;2009;19;7;1;1;15;1;18;21
3930;8812;3;12;43;1;1;2;1;1;2017;22;8;1;1;15;1;18;9
3931;8813;3;12;43;1;1;2;1;1;2017;28;8;1;8;14;1;18;21
3932;8816;3;18;43;1;1;1;1;1;2017;21;8;1;3;15;5;18;21
3933;8817;3;17;43;1;1;2;1;1;2017;34;8;1;8;14;1;18;82
3934;8818;3;17;43;1;1;2;1;1;2017;31;8;1;3;15;5;18;36
3935;8819;3;12;43;1;1;2;1;1;2010;34;7;1;8;14;1;18;9
3936;8820;3;19;43;1;1;1;1;1;2019;9999;7;1;3;15;7;1;21
3937;8824;3;17;43;1;1;2;1;1;210;10;7;1;8;15;1;18;59
3938;8825;3;18;22;1;1;1;1;1;9;260;8;1;3;15;3;18;32
3939;8826;3;12;22;1;1;2;1;1;9;261;8;1;8;14;1;18;9
3940;8828;3;9;43;1;1;2;1;1;9999;5;7;1;8;18;9;18;9
3941;8829;3;20;43;1;1;1;1;1;9999;6;7;1;8;18;9;18;9
3942;8830;3;16;22;1;1;2;1;1;9;262;8;1;2;15;4;18;82
3943;8831;3;20;43;1;1;1;1;1;9999;168;8;1;8;14;1;18;42
3944;8832;3;18;43;1;1;1;1;1;9999;168;8;1;8;14;1;18;9
3945;8833;3;12;43;1;1;2;1;1;9999;177;8;1;2;15;4;18;9
3946;8834;3;13;43;1;1;2;1;1;2009;36;7;1;8;18;9;18;82
3947;8835;3;20;43;1;1;1;1;1;2009;40;7;1;8;18;1;18;9
3948;8836;3;21;43;1;1;1;1;1;2009;51;7;1;3;15;3;18;3
3949;8837;3;12;43;1;1;2;1;1;2009;35;7;1;8;18;9;18;9
3950;8838;3;20;43;1;1;1;1;1;2009;29;7;1;3;15;5;18;9
3951;8839;3;12;43;1;1;2;1;1;2010;58;7;1;8;18;9;18;21
3952;8840;3;15;43;1;1;2;1;1;9;278;8;1;3;15;3;18;9
3953;8841;3;19;43;1;1;1;1;1;9;273;8;1;8;15;1;18;9
3954;8842;3;21;22;1;1;1;1;1;9;265;8;1;8;18;9;18;9
3955;8843;3;13;43;1;1;2;1;1;9;273;8;1;8;15;1;18;21
3956;8845;3;18;43;1;1;1;1;1;2010;16;8;1;2;15;4;18;21
3957;8846;3;19;43;1;1;1;1;1;210;16;8;1;8;14;1;18;21
3958;8850;3;16;22;1;1;2;1;1;210;8;7;1;8;14;1;18;9
3959;8851;3;20;10;1;1;1;1;1;801;182;7;2;8;13;9;11;82
3960;8852;3;21;10;1;1;1;1;1;1;461;7;1;1;15;1;14;9
3961;8853;3;8;10;1;1;2;1;1;303;40;7;1;8;13;9;10;21
3963;8855;3;12;58;1;1;2;1;1;1;519;7;1;5;15;1;14;21
3964;8857;3;17;10;1;1;2;1;1;301;13;6;2;3;15;8;6;21
3965;8858;3;17;10;1;1;2;1;1;3423;5;7;1;8;14;3;16;3
3966;8860;3;0;10;1;1;1;1;1;801;133;7;2;8;2;9;10;82
3967;8861;3;20;10;1;1;1;1;1;1;407;7;1;1;15;1;4;9
3968;8862;3;6;10;1;1;1;1;1;320;38;7;1;8;14;2;1;21
3969;8863;3;17;10;1;1;2;1;1;1;466;7;1;3;15;7;1;21
3970;8864;3;10;10;1;1;2;1;1;316;36;6;1;2;15;4;1;21
3971;8865;3;16;10;1;1;2;1;1;316;23;6;1;3;15;8;6;21
3972;8867;3;7;10;1;1;2;1;1;316;54;5;1;2;15;6;1;46
3973;8868;3;9;58;1;1;2;1;1;202;110;7;1;8;14;3;16;9
3974;8869;3;17;58;1;1;2;1;1;7;4;8;1;5;15;4;1;32
3975;8870;3;14;58;1;1;2;1;1;3403;9999;5;1;8;14;2;16;9
3976;8871;3;20;58;1;1;1;1;1;3426;9999;5;1;8;14;1;16;31
3977;8872;3;19;58;1;1;1;1;1;201;106;5;1;3;15;8;1;9
3978;8873;3;11;58;1;1;2;1;1;1;542;7;1;8;14;2;16;59
3979;8874;3;12;58;1;1;2;1;1;1;541;7;1;2;15;4;1;82
3981;8876;3;13;58;1;1;2;1;1;201;113;5;1;8;14;9;16;46
3982;8877;3;11;58;1;1;2;1;1;301;69;7;1;8;13;9;11;31
3983;8878;3;18;58;1;1;1;1;1;301;78;7;1;8;14;2;16;38
3984;8879;3;16;58;1;1;2;1;1;3430;22;6;1;8;14;1;16;21
3985;8880;3;9;58;1;1;2;1;1;3430;0;5;1;3;15;8;1;21
3986;8882;3;18;58;1;1;1;1;1;3430;6;5;1;8;13;9;10;9
3987;8883;3;12;58;1;1;2;1;1;3430;0;5;1;3;15;8;14;32
3988;8884;3;12;58;1;1;2;1;1;301;69;7;1;8;14;1;16;21
3989;8886;3;15;58;1;1;2;1;1;1;531;7;1;3;15;8;6;21
3990;8887;3;8;58;1;1;2;1;1;1;526;7;1;1;15;3;14;9
3991;8888;3;21;58;1;1;1;1;1;1;518;7;1;2;15;6;1;21
3992;8889;3;12;58;1;1;2;1;1;202;74;7;1;8;13;9;10;82
3993;8890;3;4;58;1;1;1;1;1;1;528;8;1;2;15;4;1;31
3994;8892;3;12;58;1;1;2;1;1;202;123;7;1;3;15;8;1;9
3995;8893;3;9;58;1;1;2;1;1;202;120;7;1;3;15;8;14;21
3996;8894;3;10;58;1;1;2;1;1;202;123;7;1;3;15;8;1;21
3997;8896;3;1;58;1;1;1;1;1;801;255;7;2;8;16;3;16;21
3998;8897;3;15;58;1;1;2;1;1;7;27;8;1;2;15;6;1;21
3999;8898;3;13;58;1;1;2;1;1;7;15;8;1;8;13;9;11;82
4000;8899;3;6;58;1;1;1;1;1;7;13;8;1;8;9;9;11;21
4001;8901;3;12;10;1;1;2;1;1;1;424;7;1;3;15;8;12;21
4002;8902;3;12;10;1;1;2;1;1;3400;5;5;1;8;18;9;10;9
4003;8903;3;11;10;1;1;2;1;1;1;424;7;1;8;14;1;16;21
4004;8904;3;12;10;1;1;2;1;1;1;422;7;1;2;15;4;1;21
4005;8905;3;18;10;1;1;1;1;1;1;438;7;1;8;14;2;16;21
4006;8906;3;14;10;1;1;2;1;1;1;439;7;1;3;15;8;14;9
4007;8907;3;10;10;1;1;2;1;1;3406;12;5;1;8;13;9;11;9
4008;8908;3;11;10;1;1;2;1;1;3406;9999;5;1;8;13;9;10;31
4009;8909;3;14;10;1;1;2;1;1;320;72;7;1;2;15;4;1;9
4010;8910;3;21;10;1;1;1;1;1;1;432;7;1;8;14;2;16;21
4011;8911;3;12;10;1;1;2;1;1;3404;1;5;1;1;15;1;14;21
4012;8912;3;12;10;1;1;2;1;1;3461;6;6;1;1;15;1;14;3
4013;8913;3;14;10;1;1;2;1;1;3461;5;6;1;8;13;9;11;21
4014;8914;3;17;10;1;1;2;1;1;3406;2;5;1;8;14;1;16;46
4015;8915;3;16;10;1;1;2;1;1;1;432;7;1;8;13;9;11;9
4016;8916;3;19;10;1;1;1;1;1;3404;0;5;1;2;15;4;1;9
4017;8917;3;11;10;1;1;2;1;1;3461;4;6;1;3;15;8;6;21
4018;8918;3;8;10;1;1;2;1;1;3461;13;5;1;8;14;2;16;9
4019;8919;3;12;10;1;1;2;1;1;1;439;7;1;8;14;1;16;82
4020;8921;3;18;10;1;1;1;1;1;202;9999;7;1;3;15;8;14;9
4021;8922;3;17;10;1;1;2;1;1;316;43;5;1;2;15;4;1;21
4022;8923;3;12;10;1;1;2;1;1;316;43;6;1;2;15;4;1;21
4023;8924;3;6;10;1;1;1;1;1;316;58;5;1;2;15;4;1;341
4024;8926;3;15;10;1;1;2;1;1;3416;9999;5;1;3;15;8;14;341
4025;8928;3;18;10;1;1;1;1;1;3409;9999;5;1;8;13;9;11;33
4026;8929;3;13;10;1;1;2;1;1;3403;9999;5;1;8;14;1;16;9
4027;8933;3;21;10;1;1;1;1;1;301;4;6;2;2;15;4;1;46
4028;8935;3;13;10;1;1;2;1;1;301;10;6;2;8;13;9;11;9
4029;8936;3;17;10;1;1;2;1;1;3410;4;6;1;2;15;4;1;9
4030;8937;3;20;10;1;1;1;1;1;316;6;5;1;2;15;4;1;400
4031;8940;3;22;10;1;1;1;1;1;301;3;6;2;2;15;4;1;36
4032;8941;3;13;10;1;1;2;1;1;3410;7;5;1;8;14;1;16;71
4033;8942;3;15;10;1;1;2;1;1;316;2;5;1;2;15;4;1;42
4034;8943;3;18;10;1;1;1;1;1;316;4;5;1;8;14;1;16;50
4035;8944;3;12;10;1;1;2;1;1;3410;6;6;1;8;5;9;11;50
4036;8946;3;6;10;1;1;1;1;1;3417;9999;5;1;3;15;7;12;46
4037;8947;3;12;10;1;1;2;1;1;301;8;6;2;2;15;6;1;50
4038;8949;3;19;10;1;1;1;1;1;3410;4;5;1;3;15;8;1;9
4039;8954;3;21;10;1;1;1;1;1;3410;5;6;1;2;15;4;1;21
4040;8955;3;9;10;1;1;2;1;1;301;2;6;2;8;14;1;4;21
4041;8960;3;16;10;1;1;2;1;1;301;7;6;2;2;15;6;1;38
4042;8963;3;20;10;1;1;1;1;1;3443;14;6;1;3;15;8;4;21
4043;8965;3;13;10;1;1;2;1;1;3427;2;7;1;3;15;8;12;21
4044;8967;3;9;10;1;1;2;1;1;3427;11;7;1;3;15;7;6;21
4045;8968;3;20;10;1;1;1;1;1;3427;12;7;1;2;15;4;1;21
4046;8970;3;16;10;1;1;2;1;1;318;5;7;1;8;14;3;16;32
4047;8971;3;17;10;1;1;2;1;1;801;164;7;2;8;13;9;11;341
4048;8972;3;3;10;1;1;1;1;1;801;165;7;2;8;13;9;11;9
4049;8973;3;12;10;1;1;2;1;1;801;149;7;2;8;13;9;5;9
4050;8974;3;9;10;1;1;2;1;1;801;141;7;2;8;13;9;10;9
4051;8975;3;8;10;1;1;2;1;1;801;146;7;2;8;13;9;11;9
4052;8976;3;9;10;1;1;2;1;1;801;128;7;2;8;13;9;5;82
4053;8977;3;14;10;1;1;2;1;1;801;145;7;2;8;13;9;11;9
4054;8978;3;17;10;1;1;2;1;1;801;230;7;2;8;13;9;11;21
4055;8979;3;17;10;1;1;2;1;1;801;229;7;2;8;13;9;11;9
4056;8980;3;16;10;1;1;2;1;1;801;222;7;2;8;13;9;11;21
4057;8981;3;8;10;1;1;2;1;1;801;208;7;2;8;13;9;11;46
4058;8982;3;11;10;1;1;2;1;1;316;28;5;1;3;15;6;6;9
4059;8983;3;12;10;1;1;2;1;1;303;48;7;1;8;13;9;10;21
4060;8984;3;12;10;1;1;2;1;1;3453;9999;5;1;3;15;8;6;9
4061;8985;3;21;10;1;1;1;1;1;3414;9999;5;1;3;15;8;6;21
4062;8986;3;14;10;1;1;2;1;1;316;33;5;1;8;13;9;10;21
4063;8987;3;16;10;1;1;2;1;1;303;38;7;1;1;15;1;14;21
4064;8988;3;19;10;1;1;1;1;1;3441;9;5;1;8;13;9;11;21
4065;8991;3;23;10;1;1;1;1;1;316;34;5;1;8;13;9;11;33
4066;8993;3;15;10;1;1;2;1;1;318;27;6;1;8;13;9;10;21
4067;8997;3;19;10;1;1;1;1;1;1;503;6;2;3;15;8;1;46
4068;9000;3;11;10;1;1;2;1;1;1;404;7;1;8;13;9;11;33
4069;9001;3;11;10;1;1;2;1;1;3471;9999;5;1;3;15;8;14;9
4070;9002;3;12;10;1;1;2;1;1;1;417;7;1;8;13;9;10;82
4071;9003;3;23;10;1;1;1;1;1;320;43;7;1;1;15;3;14;21
4072;9004;3;21;10;1;1;1;1;1;1;412;7;1;3;15;7;1;21
4073;9005;3;11;10;1;1;2;1;1;3473;9999;5;1;3;15;7;6;21
4074;9006;3;9;10;1;1;2;1;1;1;404;7;1;8;13;9;11;21
4075;9007;3;12;10;1;1;2;1;1;303;10;7;1;8;14;1;16;21
4076;9008;3;11;10;1;1;2;1;1;3471;9999;5;1;3;15;8;14;31
4077;9009;3;14;10;1;1;2;1;1;1;473;7;1;2;15;4;1;9
4078;9010;3;10;10;1;1;2;1;1;316;4;5;1;3;15;8;6;9
4079;9011;3;12;10;1;1;2;1;1;3403;9999;5;1;8;14;1;16;21
4080;9013;3;22;10;1;1;1;1;1;1;460;7;1;2;15;4;6;40
4081;9015;3;20;10;1;1;1;1;1;1;461;7;1;3;15;3;6;9
4082;9016;3;12;10;1;1;2;1;1;1;471;7;1;8;13;9;11;9
4083;9017;3;23;10;1;1;1;1;1;1;461;7;1;2;15;4;1;38
4084;9018;3;20;10;1;1;1;1;1;1;463;7;1;8;13;9;11;3
4085;9019;3;18;10;1;1;1;1;1;1;466;7;1;3;15;8;6;36
4086;9020;3;14;10;1;1;2;1;1;1;462;7;1;2;15;4;1;36
4087;9021;3;19;10;1;1;1;1;1;1;477;7;1;2;15;4;1;42
4088;9022;3;13;10;1;1;2;1;1;3403;9999;5;1;8;14;2;16;9
4092;9027;3;20;23;1;2;1;2;1;802;107;9;2;8;14;1;16;9
4093;9028;3;17;23;1;1;2;1;1;6;145;8;1;8;10;9;11;38
4095;9030;3;16;39;1;1;2;1;1;9999;9999;10;1;1;15;1;4;38
4096;9031;3;13;23;1;1;2;1;1;6;172;8;1;2;15;8;1;9
4097;9032;3;13;39;1;1;2;1;1;8;9999;7;1;8;14;1;16;21
4114;9057;3;12;39;1;1;2;1;1;8;636;7;1;7;15;7;8;3
4115;9058;3;18;39;1;1;1;1;1;13;9999;6;1;8;18;9;10;21
4116;9060;3;18;39;1;1;1;1;1;8;636;7;1;7;15;1;18;9
4117;9061;3;14;39;1;1;2;1;1;8;637;7;1;7;15;7;8;9
4118;9062;3;15;39;1;1;2;1;1;8;645;7;1;8;18;7;18;38
4119;9063;3;13;39;1;1;2;1;1;13;277;7;1;1;15;1;14;391
4120;9064;3;7;39;1;1;2;1;1;8;641;7;1;8;12;2;18;31
4121;9065;3;17;23;1;1;2;1;1;802;106;9;2;8;18;9;11;3
4122;9066;3;9;23;1;1;2;1;1;802;118;9;2;8;18;9;11;42
4123;9067;3;19;23;1;1;1;1;1;802;105;9;2;8;18;9;10;42
4124;9068;3;22;23;1;1;1;1;1;802;102;8;2;2;15;4;1;21
4125;9069;3;21;23;1;1;1;1;1;802;116;10;2;8;18;9;11;21
4126;9070;3;21;23;1;1;1;1;1;802;105;9;2;2;15;4;1;21
4127;9071;3;8;23;1;1;2;1;1;802;116;10;2;2;15;4;1;21
4128;9072;3;15;23;1;1;2;1;1;802;155;10;2;8;18;9;11;9
4129;9073;3;11;23;1;1;2;1;1;802;145;9;2;7;3;9;11;9
4130;9074;3;18;23;1;1;1;1;1;802;143;9;2;8;18;9;10;9
4131;9075;3;22;23;1;1;1;1;1;802;147;9;1;8;18;9;11;21
4132;9076;3;18;23;1;1;1;1;1;802;156;10;2;8;18;9;11;9
4133;9077;3;7;23;1;1;2;1;1;802;157;9;2;2;15;4;1;9
4134;9078;3;14;23;1;1;2;1;1;802;153;10;2;8;18;9;11;9
4135;9080;3;14;23;1;1;2;1;1;7008;9999;7;1;8;18;9;11;9
4136;9081;3;20;23;1;1;1;1;1;6;172;8;1;2;15;1;1;9
4137;9082;3;18;23;1;1;1;1;1;6;178;8;1;2;15;4;1;82
4138;9083;3;9;23;1;1;2;1;1;7062;4;7;1;1;15;8;4;9
4139;9084;3;17;23;1;1;2;1;1;13;241;8;1;8;14;1;16;341
4140;9085;3;16;23;1;1;2;1;1;13;235;8;2;3;15;8;6;9
4141;9086;3;10;23;1;1;2;1;1;7062;7;7;1;1;15;9;18;9
4142;9087;3;17;23;1;1;2;1;1;7058;2;8;1;2;15;8;1;32
4143;9088;3;11;23;1;1;2;1;1;705;15;8;1;8;14;1;16;9
4144;9089;3;20;23;1;1;1;1;1;413;91;8;1;8;14;1;16;21
4145;9090;3;23;23;1;1;1;1;1;6;143;8;1;3;15;8;6;31
4146;9091;3;18;23;1;1;1;1;1;6;149;8;1;3;15;8;1;31
4147;9092;3;14;23;1;1;2;1;1;718;2;8;1;8;14;1;16;9
4148;9093;3;16;23;1;1;2;1;1;6;152;8;1;1;15;8;1;9
4149;9094;3;17;23;1;1;2;1;1;7024;9999;7;1;1;15;8;4;21
4150;9095;3;17;23;1;1;2;1;1;7036;9999;8;1;2;15;4;1;9
4151;9097;3;17;18;1;1;2;1;1;6;20;7;2;8;2;1;1;3
4152;9098;3;19;18;1;1;1;1;1;6;79;6;1;2;15;1;1;9
4153;9099;3;20;18;1;1;1;1;1;407;9999;6;1;3;15;8;1;9
4154;9101;3;17;18;1;1;2;1;1;9999;80;6;1;8;14;1;16;9
4155;9106;3;15;18;1;1;2;1;1;6;28;6;1;4;15;1;1;82
4156;9108;3;16;18;1;1;2;1;1;6;28;6;1;3;15;1;1;38
4157;9109;3;11;18;1;1;2;1;1;404;13;6;1;2;15;1;1;9
4158;9111;3;18;18;1;1;1;1;1;4329;3;6;1;3;15;1;1;9
4159;9112;3;16;18;1;1;2;1;1;404;60;7;1;2;15;1;21;9
4161;9114;3;3;18;1;1;1;1;1;802;80;7;1;2;15;1;1;33
4162;9115;3;21;18;1;1;1;1;1;802;79;7;1;2;15;1;1;21
4163;9116;3;7;18;1;1;2;1;1;802;83;7;2;8;13;7;1;9
4164;9117;3;7;18;1;1;2;1;1;802;72;7;1;8;2;9;5;341
4165;9118;3;14;18;1;1;2;1;1;802;74;7;1;2;15;1;1;33
4166;9119;3;16;18;1;1;2;1;1;6;109;6;1;2;15;1;1;9
4167;9120;3;8;18;1;1;2;1;1;701;18;6;1;2;15;1;1;21
4168;9121;3;9;73;1;1;2;1;1;401;9;6;1;3;15;1;2;21
4169;9122;3;14;18;1;1;2;1;1;802;40;7;2;8;13;9;11;82
4171;9125;3;17;18;1;1;2;1;1;4323;3;6;1;3;15;1;2;9
4172;9126;3;20;17;1;1;1;1;1;411;8;6;1;8;13;1;11;21
4173;9127;3;20;17;1;1;1;1;1;411;10;6;1;2;15;1;21;9
4174;9129;3;12;18;1;1;2;1;1;409;39;6;1;3;15;1;2;31
4175;9132;3;5;18;1;1;1;1;1;4301;12;6;1;3;15;1;2;32
4176;9133;3;18;18;1;1;1;1;1;4301;61;6;1;3;15;8;1;36
4177;9135;3;10;18;1;1;2;1;1;4301;55;6;1;8;14;1;16;36
4178;9136;3;10;18;1;1;2;1;1;4301;51;6;1;8;13;9;10;38
4179;9137;3;15;18;1;1;2;1;1;407;74;6;1;8;13;1;11;3
4180;9138;3;7;18;1;1;2;1;1;9999;106;6;1;3;15;1;2;38
4181;9139;3;18;18;1;1;1;1;1;6;68;6;1;2;15;1;1;9
4182;9141;3;21;18;1;1;1;1;1;4301;23;6;1;3;15;1;2;21
4183;9142;3;12;18;1;1;2;1;1;404;36;6;1;3;15;1;2;3
4184;9143;3;14;18;1;1;2;1;1;404;16;7;1;8;13;1;10;36
4185;9144;3;19;18;1;1;1;1;1;802;17;7;2;2;15;1;1;9
4186;9145;3;12;18;1;1;2;1;1;802;29;7;2;3;15;1;2;21
4187;9146;3;18;18;1;1;1;1;1;6;21;7;2;8;13;1;10;21
4188;9148;3;19;18;1;1;1;1;1;409;68;6;1;8;13;9;11;9
4189;9149;3;2;18;1;1;1;1;1;6;59;6;1;4;15;1;1;33
4190;9150;3;11;18;1;1;2;1;1;6;58;6;1;8;13;9;10;9
4191;9151;3;21;18;1;1;1;1;1;6;57;6;1;4;15;1;1;31
4192;9153;3;9;73;1;1;2;1;1;4018;9999;4;1;3;15;7;1;31
4193;9155;3;22;60;1;1;1;1;1;801;15;11;2;8;14;9;1;36
4194;9156;3;20;60;1;1;1;1;1;801;17;11;2;8;14;9;1;3
4197;9160;3;19;73;1;1;1;1;1;1;297;15;1;2;15;1;18;9
4198;9162;3;16;73;1;1;2;1;1;4036;9999;7;1;2;15;4;1;31
4199;9164;3;13;73;1;1;2;1;1;401;13;16;1;2;15;4;1;31
4200;9166;3;16;73;1;1;2;1;1;4036;9999;10;1;2;15;4;1;9
4201;9169;3;12;73;1;1;2;1;1;4036;9999;10;1;3;15;7;1;3
4202;9171;3;16;73;1;1;2;1;1;401;10;16;1;8;18;1;1;36
4203;9172;3;22;73;1;1;1;1;1;401;12;16;1;3;15;8;2;9
4204;9173;3;19;73;1;1;1;1;1;401;13;16;1;3;15;7;4;9
4205;9174;3;9;73;1;1;2;1;1;401;13;16;1;3;15;1;4;3
4206;9175;3;10;73;1;1;2;1;1;401;11;16;1;3;15;8;1;31
4207;9176;3;8;73;1;1;2;1;1;403;8;7;1;3;15;3;1;32
4208;9178;3;19;73;1;1;1;1;1;4036;0;7;1;3;15;1;1;31
4209;9179;3;13;73;1;1;2;1;1;4036;0;7;1;3;1;1;1;31
4210;9181;3;12;73;1;1;2;1;1;4001;9999;6;1;8;18;1;1;9
4212;9184;3;22;73;1;1;1;1;1;403;9;7;1;8;18;1;1;341
4213;9185;3;17;73;1;1;2;1;1;4036;9999;7;2;3;15;1;1;50
4214;9186;3;13;73;1;1;2;1;1;4023;9999;6;1;8;18;2;1;31
4215;9187;3;22;73;1;1;1;1;1;4036;9999;7;1;3;15;2;1;9
4216;9188;3;13;73;1;1;2;1;1;4026;9999;6;1;8;14;1;1;33
4217;9190;3;9;73;1;1;2;1;1;4036;9999;7;1;3;15;8;12;9
4218;9198;3;3;73;1;1;1;1;1;4025;9999;7;1;7;5;7;11;36
4219;9199;3;13;60;1;1;2;1;1;805;275;7;1;8;3;8;10;9
4220;9200;3;1;60;1;1;1;1;1;805;288;7;1;2;15;4;1;391
4223;9218;3;19;74;1;1;1;1;1;1;253;14;1;1;15;1;1;9
4224;9221;3;17;74;1;1;2;1;1;1;253;14;1;3;15;7;9;9
4225;9229;3;16;74;1;1;2;1;1;1;248;14;1;3;15;7;1;38
4226;9232;3;11;74;1;1;2;1;1;6;16;7;2;1;13;9;1;21
4227;9234;3;15;74;1;1;2;1;1;6;12;7;2;2;15;4;1;33
4228;9235;3;11;74;1;1;2;1;1;6;20;7;2;3;15;7;12;3
4229;9236;3;18;74;1;1;1;1;1;6;12;7;2;2;15;4;1;21
4230;9237;3;17;74;1;1;2;1;1;6;12;7;2;2;15;4;1;3
4231;9238;3;20;74;1;1;1;1;1;6;14;7;2;4;15;9;1;46
4232;9240;3;14;74;1;1;2;1;1;407;20;6;1;3;15;7;12;9
4234;9242;3;10;74;1;1;2;1;1;6;13;7;2;3;15;7;1;400
4235;9243;3;16;74;1;1;2;1;1;6;16;7;2;8;13;9;1;31
4236;9244;3;17;60;1;1;2;1;1;805;250;7;2;8;13;9;1;9
4237;9245;3;21;60;1;1;1;1;1;805;252;7;2;2;15;9;1;38
4238;9246;3;15;60;1;1;2;1;1;805;258;7;2;4;15;9;1;341
4239;9248;3;8;73;1;1;2;1;1;403;5;9;2;3;15;3;2;31
4245;9269;3;16;60;1;1;2;1;1;801;2;11;2;2;15;4;1;3
4246;9270;3;12;60;1;1;2;1;1;801;2;11;2;4;15;4;1;9
4247;9271;3;23;73;1;1;1;1;1;1;306;11;2;2;15;4;1;21
4248;9272;3;14;60;1;1;2;1;1;322;9999;8;1;2;15;4;1;31
4249;9273;3;20;73;1;1;1;1;1;322;66;17;1;3;15;7;5;21
4250;9274;3;18;73;1;1;1;1;1;322;71;17;1;5;15;9;4;3
4251;9275;3;11;73;1;1;2;1;1;322;72;18;1;3;15;4;1;71
4252;9276;3;11;73;1;1;2;1;1;322;67;17;1;3;15;8;5;36
4253;9277;3;9;73;1;1;2;1;1;1;297;15;1;7;15;5;1;32
4255;9279;3;17;73;1;1;2;1;1;1;295;8;1;7;15;7;18;38
4256;9281;3;17;73;1;1;2;1;1;1;295;8;1;7;15;6;18;9