;NUM_ACC;MOIS_ACC;HEU_ACC;COD_PRV;COD_ETA_CHA;COD_ETA_SUR;COD_LUM;COD_INT;TYP_LIE_ACC;NUM_ROU;PKM;LAR_CHA;COD_TYP_CHA;COD_TYP_COL;COD_OBS_HRT;COD_POI_CHO;COD_MAN;CIR_ACC
6202;13932;4;16;54;1;1;2;1;1;318;49;7;1;8;14;7;16;9
6203;13934;4;17;54;1;1;2;1;1;3011;32;6;1;8;14;1;16;9
6204;13936;4;13;54;1;1;2;1;1;1;392;8;1;2;15;4;1;50
6206;13938;4;14;54;1;1;2;1;1;1;9999;7;1;8;14;3;10;9
6207;13940;4;17;54;1;1;2;1;1;3014;9999;6;1;3;15;7;6;9
6208;13942;4;18;54;1;1;2;1;1;1;398;10;1;2;15;4;1;9
6209;13943;4;2;72;1;1;1;1;1;3007;12;7;1;2;15;4;1;9
6210;13944;4;17;6;1;1;2;1;1;1;329;7;1;2;15;4;1;9
6211;13945;4;19;6;1;1;1;1;1;1;322;7;1;3;15;7;6;21
6212;13946;4;10;6;1;1;2;1;1;1;319;7;1;8;14;8;18;36
6213;13947;4;17;6;1;1;2;1;1;1;329;7;1;7;15;8;13;21
6215;13950;4;14;6;1;1;2;1;1;322;49;8;1;3;15;7;1;9
6217;13952;4;9;6;1;1;2;1;1;801;30;43;1;4;15;7;9;9
6218;13953;4;20;54;1;1;1;1;1;1;394;7;1;3;15;6;1;32
6219;13954;4;21;54;1;1;1;1;1;1;393;7;1;8;15;3;13;9
6220;13956;4;18;54;1;1;2;1;1;1;398;7;1;7;15;4;21;82
6221;13957;4;13;54;1;1;2;1;1;1;391;7;1;8;14;2;16;82
6222;13961;4;17;54;1;1;2;1;1;1;389;7;1;8;14;2;16;9
6223;13962;4;13;72;1;1;2;1;1;3011;24;6;1;2;15;4;1;3
6224;13963;4;11;54;1;1;2;1;1;3011;9999;6;1;2;15;4;1;9
6225;13965;4;17;54;1;1;2;1;1;1;392;7;1;2;15;4;1;3
6226;13966;4;13;54;1;1;2;1;1;1;389;7;1;2;15;4;1;9
6227;13967;4;22;54;1;1;1;1;1;3603;9999;6;1;3;15;3;8;21
6228;13968;4;16;72;1;1;2;1;1;3011;24;6;1;8;18;9;10;9
6230;13971;4;19;28;2;1;1;1;1;3618;9999;6;1;8;13;9;10;82
6231;13972;4;13;28;2;1;2;1;1;3615;9999;6;1;8;14;1;16;31
6232;13973;4;20;54;1;1;1;1;1;3014;9999;6;1;8;14;1;16;9
6233;13979;4;19;54;1;1;1;1;1;1;399;7;1;1;15;1;2;9
6234;13980;4;16;54;1;1;2;1;1;3603;9999;7;1;7;14;2;16;341
6235;13981;4;23;54;1;1;1;1;1;1;389;7;1;2;15;4;1;96
6236;13982;4;8;54;1;1;2;1;1;1;396;7;1;1;15;1;2;21
6237;13984;4;14;54;1;1;2;1;1;3005;9999;7;1;7;15;2;2;46
6238;16001;5;20;33;1;1;1;1;1;9999;45;11;1;8;18;1;1;59
6239;16003;5;16;64;1;1;2;1;1;1005;9999;8;1;3;15;7;1;409
6240;16005;5;7;2;1;1;2;1;1;803;398;8;2;2;15;1;1;9
6241;16006;5;7;45;1;1;2;1;1;9999;19;6;1;1;15;1;4;9
6242;16007;5;0;2;1;1;1;1;1;9999;9999;8;1;1;15;1;4;21
6243;16008;5;16;2;1;1;2;1;1;9999;9999;8;1;8;18;9;1;9
6244;16009;5;14;2;1;1;2;1;1;9999;9999;8;1;2;15;1;1;9
6245;16010;5;10;37;1;1;2;1;1;104;113;6;1;8;18;9;1;21
6246;16011;5;10;2;1;1;2;1;1;10;200;6;1;8;13;1;1;31
6247;16012;5;18;2;1;1;2;1;1;9999;9999;15;1;2;15;4;1;40
6248;16013;5;22;2;1;1;1;1;1;1704;2;7;1;8;14;1;16;33
6249;16014;5;22;37;1;1;1;1;1;1908;24;6;1;8;14;1;1;31
6250;16015;5;13;37;1;1;2;1;1;1900;20;6;1;8;18;9;1;31
6251;16016;5;23;37;1;1;1;1;1;104;180;6;1;3;15;2;1;9
6252;16017;5;18;2;1;1;2;1;1;9999;12;8;1;8;18;9;1;3
6254;16022;5;14;45;1;1;2;1;1;1014;2;6;1;2;15;4;1;9
6255;16026;5;10;33;1;1;2;1;1;9999;9999;11;1;7;14;5;1;21
6256;16027;5;23;33;1;1;1;1;1;9999;9999;11;1;7;15;2;1;9
6257;16032;5;12;64;1;1;2;1;1;105;2;12;1;3;15;7;1;9
6258;16034;5;17;64;1;1;2;1;1;1005;9999;8;1;3;15;8;4;31
6259;16035;5;16;2;1;1;2;1;1;10;59;7;1;8;18;7;9;21
6260;16036;5;12;2;1;1;2;1;1;10;48;7;1;8;18;7;11;33
6261;16037;5;21;64;1;1;1;1;1;9999;18;12;1;8;10;1;16;82
6262;16039;5;22;64;1;1;1;1;1;9999;19;12;1;3;15;7;1;59
6263;16040;5;6;64;1;1;2;1;1;9999;28;12;1;2;15;4;21;21
6264;16041;5;7;64;1;1;2;1;1;9999;26;12;1;3;15;7;1;21
6265;16042;5;20;64;1;1;1;1;1;9999;21;12;1;7;15;1;4;9
6266;16043;5;11;64;1;1;2;1;1;9999;19;12;1;8;14;1;16;9
6267;16047;5;15;45;1;1;2;1;1;9999;20;12;1;2;15;1;1;9
6268;16048;5;18;45;1;1;2;1;1;1;905;8;1;8;14;1;16;71
6270;16055;5;12;45;1;1;2;1;1;1;905;8;1;8;15;1;16;9
6272;16063;5;17;45;1;1;2;1;1;1014;10;6;1;8;14;1;16;53
6274;16068;5;16;64;1;1;2;1;1;105;7;12;1;3;15;7;1;33
6275;16069;5;15;64;1;1;2;1;1;105;5;12;1;3;15;4;1;21
6276;16070;5;18;64;1;1;2;1;1;105;6;12;1;3;14;7;16;9
6277;16071;5;9;64;1;1;2;1;1;105;7;12;1;3;15;7;1;9
6278;16073;5;17;64;1;1;2;1;1;105;7;12;1;3;15;8;6;31
6279;16074;5;12;64;1;1;2;1;1;105;2;12;1;3;15;7;1;31
6280;16076;5;13;64;1;1;2;1;1;105;6;12;1;3;15;7;1;9
6281;16077;5;17;64;1;1;2;1;1;105;7;12;1;3;14;7;16;33
6282;16083;5;20;41;1;1;1;1;1;1;823;7;1;4;15;9;1;33
6283;16085;5;19;41;1;1;1;1;1;1000;5;4;1;8;18;9;9;21
6284;16086;5;1;2;1;1;1;1;1;1708;40;7;1;7;14;2;16;33
6286;16096;5;12;33;1;1;2;1;1;102;98;21;1;8;18;1;1;33
6287;16097;5;1;33;1;1;1;1;1;9999;529;11;1;8;18;1;1;33
6289;16102;5;20;41;1;1;1;1;1;9999;9999;6;1;2;15;6;4;38
6290;16103;5;14;41;1;1;2;1;1;9999;9999;8;1;3;15;5;2;42
6291;16106;5;18;41;1;1;2;1;1;9999;9999;12;1;2;1;4;1;9
6292;16107;5;22;41;1;1;1;1;1;9999;9999;8;2;1;15;3;2;59
6293;16110;5;0;45;1;1;1;1;1;1014;6;6;1;7;15;8;6;341
6294;16111;5;17;45;1;1;2;1;1;1014;11;8;1;8;14;1;16;3
6295;16112;5;0;45;1;1;1;1;1;1014;11;8;1;7;15;8;4;32
6296;16115;5;16;45;1;1;2;1;1;1014;11;8;1;7;15;8;8;9
6297;16116;5;21;45;1;1;1;1;1;1009;34;6;1;3;15;7;1;9
6298;16117;5;7;45;1;1;2;1;1;1009;8;6;1;2;15;6;1;9
6299;16118;5;14;45;2;1;2;1;1;9999;23;6;1;8;14;1;16;9
6300;16119;5;11;45;1;1;2;1;1;1;915;8;1;8;14;1;16;31
6301;16120;5;9;45;2;1;2;1;1;9999;21;6;1;8;14;1;16;9
6302;16121;5;10;45;1;1;2;1;1;1;926;8;1;2;15;4;1;9
6303;16122;5;13;45;1;1;2;1;1;1;926;8;1;7;15;9;1;42
6304;16125;5;21;45;2;1;1;1;1;1007;71;6;1;1;15;1;4;21
6305;16128;5;12;2;1;1;2;1;1;9999;9999;7;1;8;18;9;1;9
6306;16131;5;7;2;1;1;2;1;1;1007;9999;6;1;2;15;4;1;32
6308;16133;5;14;64;1;1;2;1;1;10;29;7;1;3;15;1;1;9
6309;16138;5;0;45;1;1;1;1;1;9999;9999;7;1;7;3;9;1;59
6311;16141;5;17;45;1;1;2;1;1;1016;9999;12;1;7;15;7;8;9
6313;16145;5;8;45;1;1;2;1;1;105;25;6;1;2;15;4;1;21
6315;16148;5;20;45;1;1;1;1;1;1;925;8;1;2;15;1;1;31
6316;16150;5;6;45;1;1;2;1;1;1;925;8;1;7;15;7;6;9
6317;16151;5;0;45;1;1;1;1;1;1;915;8;1;2;15;4;1;32
6318;16153;5;20;2;1;1;1;1;1;10;9999;9;1;1;15;1;4;38
6319;16154;5;13;2;1;1;2;1;1;9999;9999;7;1;1;15;1;4;9
6320;16155;5;17;2;1;1;2;1;1;1010;9999;8;1;8;15;1;4;46
6321;16157;5;9;2;1;1;2;1;1;1702;9999;8;1;8;14;1;16;9
6322;16159;5;23;2;1;1;1;1;1;1702;9999;8;1;8;14;1;16;21
6323;16160;5;13;2;1;1;2;1;1;10;61;9;1;8;14;1;16;99
6324;16164;5;17;2;1;1;2;1;1;9999;6;8;1;8;18;9;1;32
6325;16166;5;17;2;1;1;2;1;1;9999;12;7;1;8;18;9;1;21
6326;16167;5;10;2;1;1;2;1;1;9999;10;8;1;3;15;7;1;21
6327;16170;5;0;37;1;1;1;1;1;1;959;6;1;8;18;9;1;33
6329;16172;5;17;37;1;1;2;1;1;1;953;6;1;8;18;9;1;21
6330;16173;5;21;37;1;1;1;1;1;1;963;5;1;8;18;9;1;32
6331;16175;5;0;37;1;1;1;1;1;104;179;6;1;3;15;3;1;21
6332;16179;5;13;2;1;1;2;1;1;10;198;12;1;2;15;4;21;9
6333;16180;5;20;2;1;1;1;1;1;1743;24;6;1;3;15;1;1;9
6334;16181;5;17;2;1;1;2;1;1;10;204;7;1;8;13;1;1;9
6335;16182;5;11;2;1;1;2;1;1;10;175;7;1;3;15;3;7;9
6336;16183;5;8;2;1;1;2;1;1;9999;9999;14;1;3;15;6;1;33
6337;16184;5;22;2;1;1;1;1;1;9999;85;7;1;2;15;5;1;9
6338;16185;5;9;2;1;1;2;1;1;9999;165;15;1;2;15;4;1;3
6339;16186;5;21;2;1;1;1;1;1;9999;86;8;1;2;15;4;1;9
6340;16187;5;13;2;1;1;2;1;1;10;9999;8;1;3;15;1;1;21
6341;16188;5;18;2;1;1;2;1;1;1705;9999;17;1;8;14;1;16;3
6342;16189;5;21;2;1;1;1;1;1;1707;9999;7;1;3;15;4;1;9
6343;16191;5;7;2;1;1;2;1;1;9999;116;9;1;8;18;9;1;32
6344;16193;5;7;2;1;1;2;1;1;9999;105;9;1;8;14;1;16;9
6345;16194;5;18;2;1;1;2;1;1;10;48;8;1;8;18;9;1;38
6346;16196;5;19;2;1;1;1;1;1;106;9999;7;1;8;18;9;1;38
6347;16197;5;14;2;1;1;2;1;1;9999;9999;7;1;3;15;1;1;439
6348;16198;5;16;2;1;1;2;1;1;9999;98;7;1;3;15;2;4;21
6349;16199;5;17;2;1;1;2;1;1;9999;69;7;1;2;15;4;1;21
6350;16200;5;9;3;1;1;2;1;1;8;900;9;1;1;15;1;2;48
6351;16202;5;10;3;1;1;2;1;1;5202;9999;12;1;8;14;1;18;38
6352;16206;5;20;3;1;1;1;1;1;5211;9999;8;2;8;18;9;18;38
6353;16207;5;12;3;1;1;2;1;1;509;46;7;1;8;13;9;13;9
6354;16208;5;21;3;1;1;1;1;1;2;200;7;1;8;18;9;13;9
6355;16209;5;21;3;1;1;1;1;1;5204;7;7;1;7;15;3;2;21
6356;16213;5;15;3;1;1;2;1;1;2;318;7;2;8;7;1;18;32
6357;16214;5;13;3;1;1;2;1;1;2;321;7;2;8;18;9;18;36
6358;16216;5;19;3;1;1;1;1;1;5209;10;7;1;7;15;2;18;341
6359;16217;5;22;3;1;1;1;1;1;5209;3;7;1;3;15;7;18;71
6360;16218;5;17;4;2;1;2;1;1;3105;58;5;1;7;18;1;1;9
6361;16219;5;13;65;1;1;2;1;1;11;165;7;1;7;15;7;4;3
6362;16221;5;19;65;2;1;1;1;1;3209;7;4;1;2;15;1;1;32
6363;16222;5;20;65;2;1;1;1;1;3224;9999;4;1;8;13;1;11;9
6364;16223;5;6;65;1;1;2;1;1;3224;37;3;1;8;13;2;11;31
6365;16224;5;6;65;2;1;2;1;1;3205;6;3;1;2;15;1;1;9
6366;16226;5;9;5;1;1;2;1;1;8;432;7;1;7;15;1;1;46
6368;16229;5;19;65;1;1;1;1;1;309;48;7;1;7;15;8;1;71
6369;16230;5;5;65;1;1;1;1;1;3207;9;6;1;7;15;1;1;21
6370;16231;5;8;5;1;1;2;1;1;3223;9999;5;1;8;15;1;1;38
6371;16232;5;23;65;2;1;1;1;1;3224;9999;4;1;2;15;1;1;38
6372;16233;5;12;65;1;1;2;1;1;309;59;6;1;7;15;1;1;9
6373;16234;5;6;4;1;1;2;1;1;307;15;5;1;7;18;1;1;3
6374;16235;5;9;4;2;1;2;1;1;304;112;6;1;7;18;1;1;21
6375;16237;5;20;4;2;1;1;1;1;3107;20;5;1;7;18;1;1;21
6376;16239;5;23;5;1;1;1;1;1;308;155;6;1;8;15;1;1;32
6377;16240;5;4;65;1;1;1;1;1;309;52;7;1;8;14;7;16;82
6379;16242;5;20;5;1;1;1;1;1;11;187;7;1;7;14;1;16;9
6380;16243;5;18;65;1;1;2;1;1;8;393;6;1;8;13;3;10;9
6381;16245;5;12;4;2;1;2;1;1;304;87;5;1;7;18;1;1;32
6382;16246;5;12;4;2;1;2;1;1;304;97;5;1;7;15;1;1;32
6383;16247;5;23;65;2;1;1;1;1;3207;9999;4;1;2;15;1;1;21
6384;16248;5;15;4;1;1;2;1;1;304;71;6;1;7;18;1;1;71
6385;16249;5;6;65;2;1;2;1;1;3224;0;3;1;8;13;2;11;9
6386;16250;5;21;65;1;1;1;1;1;11;175;7;1;2;15;1;1;9
6387;16252;5;17;4;1;1;2;1;1;8;370;6;1;7;18;1;1;38
6388;16253;5;21;65;1;1;1;1;1;8;381;6;1;7;18;1;1;32
6389;16256;5;21;65;2;1;1;1;1;3228;9999;4;1;8;13;3;10;33
6390;16257;5;12;65;2;1;2;1;1;3228;12;3;1;3;14;1;4;21
6391;16260;5;21;65;2;1;1;1;1;3105;8;4;1;3;15;1;4;9
6392;16261;5;19;65;1;1;1;1;1;8;400;7;1;3;15;1;4;59
6393;16262;5;17;65;2;1;2;1;1;3224;9999;4;1;2;15;1;1;31
6394;16263;5;9;65;1;1;2;1;1;8;400;7;1;3;15;1;4;9
6395;16264;5;18;65;1;1;2;1;1;8;9999;7;1;8;13;3;10;38
6400;16271;5;22;4;2;1;1;1;1;307;10;4;1;7;18;1;1;439
6401;16272;5;18;4;1;1;2;1;1;8;376;7;1;7;15;1;1;31
6402;16273;5;13;4;2;1;2;1;1;307;10;4;1;7;15;1;1;21
6403;16274;5;14;4;2;1;2;1;1;307;7;5;1;2;15;4;1;21
6404;16276;5;18;65;1;1;2;1;1;11;178;6;1;7;15;1;1;9
6405;16278;5;23;65;1;1;1;1;1;11;172;6;1;2;15;1;1;21
6406;16280;5;13;65;1;1;2;1;1;3224;9999;4;1;2;15;1;1;21
6407;16283;5;11;4;1;1;2;1;1;3100;39;6;1;7;15;1;1;9
6408;16284;5;8;4;1;1;2;1;1;3100;46;4;1;7;18;1;1;31
6409;16290;5;11;65;2;1;2;1;1;3228;9999;3;1;3;15;2;4;400
6410;16291;5;13;65;2;1;2;1;1;3203;9999;3;1;2;15;4;1;31
6411;16293;5;23;65;2;1;1;1;1;3228;9999;4;1;8;13;3;10;9
6412;16294;5;20;65;2;1;1;1;1;3228;9999;4;1;1;15;1;4;21
6413;16295;5;18;5;1;1;2;1;1;9999;144;7;1;8;13;1;11;21
6414;16296;5;19;65;2;1;1;1;1;3224;20;4;1;8;13;2;11;9
6415;16297;5;22;65;2;1;1;1;1;3224;25;4;1;3;15;1;4;38
6416;16298;5;22;65;1;1;1;1;1;3224;16;4;1;3;14;1;4;21
6417;16299;5;9;65;2;1;2;1;1;3224;23;4;1;3;15;2;4;33
6418;16300;5;18;65;2;1;2;1;1;3224;26;4;1;3;15;1;4;21
6419;16302;5;20;4;2;1;1;1;1;304;56;5;1;7;14;1;1;21
6420;16303;5;17;4;2;1;2;1;1;304;54;6;1;7;18;1;1;59
6421;16304;5;8;65;1;1;2;1;1;308;125;5;1;2;15;1;1;21
6422;16307;5;18;4;2;1;2;1;1;302;242;5;1;2;15;1;1;9
6423;16309;5;11;4;2;1;2;1;1;302;240;4;1;7;15;1;1;9
6424;16310;5;8;4;2;1;2;1;1;306;12;5;1;7;18;1;1;33
6425;16312;5;12;4;2;1;2;1;1;306;54;4;1;8;14;1;1;21
6426;16314;5;18;4;2;1;2;1;1;302;199;4;1;8;18;1;1;21
6427;16316;5;19;4;1;1;1;1;1;3100;5;8;1;8;14;1;16;38
6428;16318;5;19;4;1;1;1;1;1;8;9999;8;1;3;15;7;13;32
6429;16319;5;18;65;2;1;2;1;1;3228;9999;3;1;3;14;1;4;21
6430;16321;5;22;4;1;1;1;1;1;3111;8;6;1;7;15;1;1;21
6431;16322;5;21;5;1;1;1;1;1;8;451;7;1;1;15;1;4;82
6432;16325;5;23;4;1;1;1;1;1;304;30;5;1;7;18;1;1;21
6433;16326;5;12;4;2;1;2;1;1;304;7;5;1;7;15;1;1;9
6434;16327;5;22;4;2;1;1;1;1;302;7;4;1;7;18;1;1;21
6435;16328;5;11;4;1;1;2;1;1;210;77;4;1;7;18;1;1;9
6436;16329;5;18;4;2;1;2;1;1;307;27;5;1;7;15;1;1;21
6438;16331;5;18;4;1;1;2;1;1;302;100;4;1;3;15;6;1;33
6439;16332;5;19;4;2;1;1;1;1;3108;9999;5;1;7;14;1;1;9
6440;16333;5;15;4;2;1;2;1;1;210;68;5;1;7;18;1;1;3
6441;16334;5;8;4;2;1;2;1;1;304;23;5;1;7;18;1;1;50
6442;16335;5;12;4;2;1;2;1;1;307;60;5;1;7;18;1;1;50
6443;16336;5;12;4;2;1;2;1;1;3105;74;5;1;2;15;1;1;50
6444;16338;5;12;5;1;1;2;1;1;8;511;7;1;7;14;1;16;50
6445;16339;5;12;5;1;1;2;1;1;8;514;7;1;8;18;9;11;50
6446;16341;5;16;5;1;1;2;1;1;8;511;7;1;2;15;1;1;42
6447;16342;5;12;5;1;1;2;1;1;8;511;7;1;3;15;8;8;3
6448;16343;5;20;5;1;1;1;1;1;8;433;7;1;7;15;1;1;9
6449;16344;5;20;5;1;1;1;1;1;8;432;7;1;7;15;1;1;38
6450;16346;5;20;5;1;1;1;1;1;3222;10;6;1;7;15;1;1;82
6451;16347;5;14;5;1;1;2;1;1;8;434;7;1;7;15;1;1;32
6452;16348;5;21;4;2;1;1;1;1;304;120;5;1;7;18;1;1;9
6453;16349;5;5;4;1;1;1;1;1;304;128;6;1;2;14;1;1;9
6454;16350;5;22;4;2;1;1;1;1;304;127;5;1;7;14;1;1;3
6455;16353;5;21;5;1;1;1;1;1;3222;9999;5;1;7;15;1;1;9
6456;16354;5;21;5;1;1;1;1;1;11;185;7;1;7;15;1;21;9
6457;16355;5;23;5;1;1;1;1;1;11;186;7;1;7;15;1;1;48
6458;16356;5;17;5;1;1;2;1;1;3208;10;6;1;3;15;8;10;50
6459;16357;5;12;5;1;1;2;1;1;3208;8;6;1;8;14;1;16;50
6460;16360;5;17;5;1;1;2;1;1;3208;5;6;1;2;15;1;1;88
6461;16361;5;16;5;1;1;2;1;1;3208;6;6;1;3;15;8;13;9
6467;16371;5;20;65;1;1;1;1;1;3222;29;6;1;7;15;1;1;9
6468;16372;5;16;65;1;1;2;1;1;3222;29;6;1;7;15;1;1;42
6469;16374;5;18;65;1;1;2;1;1;3220;15;6;1;7;15;1;1;21
6470;16375;5;20;5;1;1;1;1;1;3212;14;6;1;7;15;1;1;9
6471;16376;5;12;65;1;1;2;1;1;309;60;6;1;7;15;1;1;32
6472;16379;5;21;65;1;1;1;1;1;3220;9999;6;1;1;15;1;1;36
6473;16380;5;21;65;1;1;1;1;1;3222;25;6;1;1;15;1;1;92
6474;16381;5;20;65;1;1;1;1;1;309;52;7;1;7;15;8;1;9
6475;16382;5;21;65;1;1;1;1;1;11;149;7;1;8;13;2;1;9
6476;16383;5;12;4;1;1;2;1;1;307;55;6;1;8;13;1;11;53
6477;16384;5;5;5;1;1;1;1;1;317;76;6;1;8;14;1;11;9
6478;16385;5;0;5;1;1;1;1;1;317;9999;6;1;8;13;1;10;32
6479;16386;5;10;5;1;1;2;1;1;3213;9999;5;1;7;14;1;16;3
6481;16388;5;23;5;1;1;1;1;1;8;456;7;1;7;15;1;5;36
6482;16389;5;8;5;1;1;2;1;1;8;455;7;1;7;15;1;1;9
6483;16390;5;19;5;1;1;1;1;1;306;9999;5;1;8;10;1;11;48
6484;16391;5;21;5;1;1;1;1;1;3210;9999;5;1;8;15;1;1;31
6485;16392;5;21;5;1;1;1;1;1;3211;9999;5;1;8;15;1;4;9
6486;16393;5;23;5;1;1;1;1;1;8;478;7;1;8;13;9;10;9
6488;16396;5;22;5;1;1;1;1;1;8;470;7;1;8;15;1;1;32
6489;16397;5;21;65;1;1;1;1;1;3220;9999;5;1;8;15;1;1;9
6490;16398;5;12;65;1;1;2;1;1;309;62;6;1;7;15;1;1;9
6491;16399;5;1;65;1;1;1;1;1;3216;9999;5;1;8;13;1;10;9
6492;16400;5;19;65;1;1;1;1;1;309;60;6;1;7;14;1;16;32
6493;16401;5;12;65;1;1;2;1;1;3220;9999;6;1;7;15;1;1;31
6494;16402;5;13;15;1;1;2;1;1;604;1;7;1;8;15;1;1;53
6495;16404;5;8;15;1;1;2;1;1;17;175;1;1;8;13;9;1;342
6496;16405;5;8;15;1;1;2;1;1;17;139;1;1;8;13;9;1;9
6498;16409;5;15;15;1;1;2;1;1;10;771;6;1;7;18;1;16;36
6501;16414;5;13;51;1;1;2;1;1;3019;11;5;1;7;15;1;18;9
6502;16415;5;17;51;1;1;2;1;1;3301;9999;8;1;3;15;7;8;21
6503;16416;5;14;51;1;1;2;1;1;3002;9999;6;1;8;14;1;16;42
6504;16419;5;21;51;1;1;1;1;1;801;55;10;2;8;14;1;16;9
6505;16420;5;1;51;1;1;1;1;1;8101;3;9;2;8;14;1;16;9
6507;16422;5;5;72;1;1;1;1;1;320;15;7;1;2;15;4;1;42
6509;16424;5;17;51;1;1;2;1;1;322;13;16;2;7;4;1;5;82
6511;16426;5;22;72;1;1;1;1;1;320;12;7;1;1;15;1;2;21
6512;16427;5;0;51;1;1;1;1;1;322;9;16;2;3;15;1;9;341
6513;16428;5;14;51;1;1;2;1;1;3002;9999;6;1;8;14;1;16;31
6514;16430;5;19;51;1;1;1;1;1;3006;9999;6;1;1;15;1;10;341
6515;16431;5;20;51;1;1;1;1;1;3006;9999;6;1;3;15;8;6;42
6517;16433;5;18;51;1;1;2;1;1;1;334;2;2;2;15;4;1;36
6518;16435;5;22;72;1;1;1;1;1;9999;8;9;1;2;15;4;1;21
6519;16437;5;21;72;1;1;1;1;1;3038;5;7;1;8;18;1;18;21
6520;16438;5;3;50;1;1;1;1;1;801;77;10;2;8;14;1;18;341
6521;16439;5;21;50;1;1;1;1;1;801;73;10;2;2;15;4;1;59
6522;16442;5;1;71;1;1;1;1;1;9999;9999;6;1;8;18;1;18;31
6523;16447;5;9;71;1;1;2;1;1;9;18;7;1;2;15;4;1;9
6524;16449;5;18;72;1;1;2;1;1;3020;9999;16;2;2;15;4;1;99
6526;16457;5;21;50;1;1;1;1;1;803;3;8;2;2;15;4;1;9
6527;16458;5;17;50;1;1;2;1;1;801;60;8;2;2;15;1;1;9
6528;16459;5;10;50;1;1;2;1;1;801;77;10;2;7;15;1;1;9
6529;16460;5;6;50;1;1;2;1;1;801;72;10;2;8;18;9;18;341
6530;16461;5;12;50;1;1;2;1;1;801;67;10;2;3;15;8;14;21
6531;16462;5;17;50;1;1;2;1;1;801;78;8;2;8;16;1;18;9
6532;16468;5;12;72;1;1;2;1;1;3011;16;7;1;3;15;4;1;9
6533;16473;5;15;72;1;1;2;1;1;3011;18;7;1;3;15;2;1;9
6534;16477;5;7;50;1;1;2;1;1;803;6;8;2;4;15;4;1;31
6535;16478;5;23;50;1;1;1;1;1;803;8;8;2;2;15;4;1;9
6536;16479;5;23;50;1;1;1;1;1;803;7;8;2;2;15;4;1;9
6537;16480;5;17;72;1;1;2;1;1;315;4;9;2;2;15;4;1;9
6538;16482;5;21;72;1;1;1;1;1;315;6;9;2;2;15;4;1;9
6539;16483;5;13;72;1;1;2;1;1;315;6;8;2;2;15;4;1;9
6541;16488;5;17;72;1;1;2;1;1;315;8;8;2;3;15;3;1;46
6542;16490;5;21;72;1;1;1;1;1;315;7;8;2;8;14;1;16;9
6543;16491;5;21;72;1;1;1;1;1;315;7;8;2;3;15;5;1;3
6544;16492;5;16;72;1;1;2;1;1;315;8;8;2;3;15;6;1;9
6545;16493;5;14;72;1;1;2;1;1;315;7;9;2;2;15;4;1;36
6546;16494;5;18;71;1;1;2;1;1;315;8;8;2;2;15;4;1;9
6547;16495;5;20;72;1;1;1;1;1;315;7;9;2;2;15;4;1;36
6548;16496;5;18;51;1;1;2;1;1;1;336;8;2;8;14;1;16;42
6549;16497;5;22;72;1;1;1;1;1;3038;4;8;1;2;15;4;1;9
6550;16509;5;9;72;1;1;2;1;1;3011;17;7;1;2;15;4;1;9
6551;16514;5;14;51;1;1;2;1;1;3004;9999;7;2;3;15;8;6;9
6552;16516;5;16;51;1;1;2;1;1;3000;9999;6;1;3;15;8;1;9
6553;16517;5;17;51;1;1;2;1;1;1;335;7;2;3;15;3;2;9
6554;16518;5;20;51;1;1;1;1;1;1;345;7;2;2;15;4;1;32
6555;16519;5;13;51;1;1;2;1;1;3000;9999;6;1;8;14;1;16;31
6556;16520;5;15;51;1;1;2;1;1;1;344;7;1;3;15;3;2;9
6557;16523;5;19;51;1;1;1;1;1;1;338;10;2;2;15;4;1;3
6558;16524;5;23;51;1;1;1;1;1;1;336;10;2;8;14;7;16;31
6559;16525;5;22;51;1;1;1;1;1;1;337;8;2;8;14;1;16;31
6560;16526;5;8;51;1;1;2;1;1;1;339;8;2;3;15;8;8;32
6561;16528;5;20;51;1;1;1;1;1;1;338;9;2;7;15;1;2;31
6562;16535;5;12;71;1;1;2;1;1;3016;9999;7;1;2;15;4;1;31
6563;16539;5;21;71;1;1;1;1;1;9999;9999;7;1;8;10;9;13;9
6564;16546;5;18;72;1;1;2;1;1;315;8;8;2;2;15;1;1;71
6565;16547;5;18;71;1;1;2;1;1;315;9999;8;2;2;15;1;1;3
6567;16549;5;17;71;1;1;2;1;1;315;8;5;1;7;15;1;8;3
6568;16550;5;16;71;1;1;2;1;1;3028;9999;6;1;3;15;6;1;9
6569;16551;5;0;71;1;1;1;1;1;3028;9999;6;1;2;15;4;1;21
6571;16554;5;18;6;1;1;2;1;1;1;313;8;1;7;15;3;2;36
6572;16555;5;21;51;1;1;1;1;1;3313;9999;7;1;3;15;7;1;9
6573;16558;5;11;51;1;1;2;1;1;1;334;7;2;8;14;7;6;36
6575;16560;5;11;51;1;1;2;1;1;3307;9999;7;1;3;15;6;8;9
6576;16561;5;12;51;1;1;2;1;1;1;332;6;1;3;14;1;1;9
6577;16562;5;12;54;1;1;2;1;1;1;394;7;2;3;15;8;1;31
6578;16563;5;16;51;1;1;2;1;1;3313;9999;6;1;2;15;4;1;38
6580;16569;5;19;71;1;1;1;1;1;3330;9999;7;1;3;15;7;2;3
6581;16570;5;17;71;1;1;2;1;1;3330;9999;5;1;1;15;3;2;9
6582;16571;5;12;71;1;1;2;1;1;9;28;9;2;8;14;1;16;21
6583;16572;5;9;71;1;1;2;1;1;3024;9999;6;1;3;15;6;1;9