;NUM_ACC;MOIS_ACC;HEU_ACC;COD_PRV;COD_ETA_CHA;COD_ETA_SUR;COD_LUM;COD_INT;TYP_LIE_ACC;NUM_ROU;PKM;LAR_CHA;COD_TYP_CHA;COD_TYP_COL;COD_OBS_HRT;COD_POI_CHO;COD_MAN;CIR_ACC
6585;16574;5;21;71;1;1;1;1;1;9;29;8;1;3;15;2;2;21
6586;16575;5;7;71;1;1;2;1;1;3010;10;7;1;8;18;1;18;32
6587;16576;5;18;71;1;1;2;1;1;3010;8;7;1;8;18;1;18;38
6588;16582;5;18;6;1;1;2;1;1;3304;0;6;1;7;14;1;16;33
6589;16583;5;0;71;1;1;1;1;1;3024;9999;6;1;7;14;1;16;9
6590;16589;5;20;6;1;1;1;1;1;3305;10;6;1;2;15;4;1;21
6591;16590;5;15;71;1;1;2;1;1;3010;10;7;1;2;15;4;1;31
6592;16591;5;20;71;1;1;1;1;1;3305;4;6;1;2;15;4;1;32
6593;16593;5;23;51;1;1;1;1;1;3006;9999;6;1;3;15;8;6;9
6594;16595;5;13;51;1;1;2;1;1;3006;9999;6;1;8;13;1;11;48
6595;16599;5;20;51;1;1;1;1;1;3006;9999;6;1;8;13;1;10;21
6596;16602;5;18;51;1;1;2;1;1;3004;9999;7;2;3;15;7;6;21
6597;16603;5;10;51;1;1;2;1;1;3004;9999;7;2;2;15;4;1;21
6598;16604;5;18;51;1;1;2;1;1;3000;9999;6;1;8;14;1;16;21
6599;16605;5;12;51;1;1;2;1;1;9;3;7;2;2;15;4;17;9
6600;16606;5;14;51;1;1;2;1;1;9;4;6;2;3;15;8;6;9
6601;16607;5;19;51;1;1;1;1;1;1;338;6;2;3;15;8;7;9
6602;16608;5;20;51;1;1;1;1;1;3000;9999;6;1;3;15;1;8;31
6603;16609;5;22;51;1;1;1;1;1;9;3;7;2;3;15;8;8;3
6604;16610;5;23;51;1;1;1;1;1;1;345;7;2;8;9;1;1;31
6605;16611;5;19;51;1;1;1;1;1;3004;9999;6;2;2;15;4;1;9
6606;16612;5;16;51;1;1;2;1;1;3000;9999;6;1;3;15;5;2;3
6607;16614;5;8;51;1;1;2;1;1;1;338;6;2;3;15;1;6;31
6608;16615;5;23;51;1;1;1;1;1;9;3;7;1;3;15;8;7;32
6609;16616;5;22;51;1;1;1;1;1;3000;9999;6;1;1;15;1;4;21
6610;16617;5;12;51;1;1;2;1;1;9;3;7;2;3;15;8;2;3
6611;16618;5;20;51;1;1;1;1;1;3000;9999;6;1;8;14;1;16;409
6612;16619;5;9;51;1;1;2;1;1;3000;9999;6;1;8;14;1;16;33
6613;16620;5;22;51;1;1;1;1;1;3004;9999;7;2;3;15;7;6;9
6614;16621;5;9;72;1;1;2;1;1;3011;9999;14;1;3;15;7;2;82
6615;16622;5;9;72;1;1;2;1;1;3007;9999;12;1;1;15;1;4;9
6616;16623;5;20;72;1;1;1;1;1;3011;9999;14;1;2;4;5;1;9
6617;16624;5;20;72;1;1;1;1;1;3011;4;5;2;7;14;6;2;9
6618;16626;5;15;72;1;1;2;1;1;3011;6;6;2;4;4;1;15;21
6619;16627;5;1;72;1;1;1;1;1;3007;9999;9;1;1;15;1;2;9
6620;16628;5;19;72;1;1;1;1;1;3013;0;7;1;3;15;9;12;409
6623;16632;5;18;72;1;1;2;1;1;3009;0;7;2;3;15;2;12;36
6624;16633;5;12;72;1;1;2;1;1;3009;9999;12;1;2;15;4;1;9
6626;16635;5;15;72;1;1;2;1;1;3007;8;8;1;1;14;1;16;86
6627;16636;5;19;72;1;1;1;1;1;3011;9999;14;1;7;14;8;16;9
6628;16637;5;13;72;1;1;2;1;1;3011;3;14;1;3;15;5;1;32
6629;16638;5;15;72;2;1;2;1;1;9999;3;7;1;3;14;8;16;21
6631;16640;5;15;72;1;1;2;1;1;3011;3;7;1;2;4;1;1;38
6632;16641;5;13;72;1;1;2;1;1;3011;5;7;2;3;15;3;1;31
6633;16642;5;9;72;1;1;2;1;1;3011;9999;7;1;2;15;4;1;9
6634;16643;5;8;72;1;1;2;1;1;3011;3;12;1;2;15;1;1;32
6635;16644;5;18;72;1;1;2;1;1;3011;9999;12;1;1;15;1;4;9
6637;16646;5;12;72;1;1;2;1;1;3032;9999;12;1;3;15;8;4;38
6638;16647;5;20;72;1;1;1;1;1;3011;3;14;1;4;15;9;2;9
6641;16650;5;15;72;1;1;2;1;1;3009;9999;18;1;3;15;7;15;402
6642;16651;5;9;72;1;1;2;1;1;3011;9999;14;1;3;3;9;1;33
6643;16652;5;21;50;1;1;1;1;1;3011;2;14;1;3;4;9;1;3
6644;16653;5;9;72;1;1;2;1;1;3011;9999;7;1;3;15;7;15;32
6645;16654;5;17;72;1;1;2;1;1;3011;9999;12;1;2;15;9;8;402
6646;16655;5;11;72;1;1;2;1;1;3032;9999;14;1;7;14;7;5;9
6647;16656;5;22;72;1;1;1;1;1;3011;9999;7;1;2;15;7;1;38
6648;16657;5;23;72;1;1;1;1;1;3011;9999;7;1;3;15;7;16;46
6649;16658;5;19;72;1;1;1;1;1;3009;9999;14;1;2;15;4;1;33
6651;16660;5;19;51;1;1;1;1;1;3000;9999;6;1;8;14;1;16;38
6652;16662;5;11;72;1;1;2;1;1;3009;1;7;1;3;15;2;1;9
6653;16663;5;10;72;1;1;2;1;1;1;377;8;1;7;15;1;1;341
6654;16665;5;22;72;1;1;1;1;1;3009;9999;9;1;3;15;1;12;82
6655;16666;5;19;72;1;1;1;1;1;3014;7;8;1;3;15;5;1;9
6656;16668;5;16;72;1;1;2;1;1;1;379;8;1;2;15;4;1;31
6657;16671;5;10;72;1;1;2;1;1;3014;13;11;1;2;1;4;20;21
6658;16672;5;9;72;1;1;2;1;1;3014;10;7;1;7;15;9;21;9
6659;16674;5;20;72;1;1;1;1;1;3014;7;8;1;2;15;4;1;3
6660;16675;5;8;72;1;1;2;1;1;3014;8;7;1;2;15;8;12;9
6661;16676;5;17;54;1;1;2;1;1;1;386;61;1;7;7;1;18;3
6662;16677;5;14;54;1;1;2;1;1;3014;15;7;1;3;15;8;12;9
6664;16680;5;13;51;1;1;2;1;1;801;50;10;2;2;15;4;1;9
6665;16681;5;15;51;1;1;2;1;1;8101;3;8;2;8;14;1;16;3
6666;16682;5;21;51;1;1;1;1;1;8101;1;8;2;8;18;1;18;33
6667;16683;5;20;51;1;1;1;1;1;801;57;10;2;8;18;1;18;21
6669;16685;5;15;51;1;1;2;1;1;8101;3;8;2;7;15;4;1;3
6670;16686;5;8;50;1;1;2;1;1;801;86;7;2;8;18;9;1;9
6671;16687;5;22;50;1;1;1;1;1;801;94;7;2;7;14;1;16;9
6672;16688;5;20;72;1;1;1;1;1;3012;8;14;1;2;15;4;1;9
6673;16689;5;11;72;1;1;2;1;1;3012;0;14;1;3;15;6;1;9
6674;16690;5;20;72;1;1;1;1;1;3012;0;14;1;3;15;2;2;3
6675;16691;5;15;72;1;1;2;1;1;3012;4;14;1;3;15;2;2;33
6676;16693;5;23;72;1;1;1;1;1;3014;10;11;1;7;14;7;16;21
6677;16694;5;19;72;2;1;1;1;1;3014;9;9;1;3;15;6;1;3
6678;16695;5;10;72;1;1;2;1;1;320;9999;8;1;3;15;3;1;32
6679;16697;5;18;72;1;1;2;1;1;3014;8;11;1;2;14;7;16;341
6681;16699;5;15;72;1;1;2;1;1;320;21;7;1;4;15;4;1;21
6682;16700;5;19;72;1;1;1;1;1;320;16;7;1;3;15;3;1;3
6683;16701;5;23;72;1;1;1;1;1;320;21;7;1;2;15;4;1;33
6684;16705;5;17;72;1;1;2;1;1;320;14;7;1;3;15;2;13;9
6685;16706;5;12;72;1;1;2;1;1;320;16;7;1;3;15;3;1;21
6690;16711;5;18;72;1;1;2;1;1;320;21;7;1;2;15;4;1;21
6692;16713;5;8;51;1;1;2;1;1;801;49;10;2;2;15;1;1;3
6693;16717;5;21;51;1;1;1;1;1;322;10;16;2;7;2;1;1;59
6694;16718;5;19;51;1;2;1;1;1;322;12;16;2;3;15;5;1;31
6695;16719;5;21;51;1;1;1;1;1;322;9;16;2;3;15;1;1;21
6696;16720;5;16;51;1;1;2;1;1;322;12;16;2;3;15;7;18;3
6697;16721;5;15;51;1;1;2;1;1;322;11;16;2;3;15;2;1;9
6698;16722;5;12;51;1;1;2;1;1;322;9;16;2;3;15;7;1;3
6699;16723;5;21;51;1;1;1;1;1;322;9;16;2;2;15;4;1;21
6700;16724;5;11;51;1;1;2;1;1;322;13;16;2;3;15;5;1;21
6701;16725;5;10;72;1;1;2;1;1;320;12;7;1;2;15;4;1;31
6702;16726;5;11;72;1;1;2;1;1;320;11;7;1;3;15;3;1;9
6703;16727;5;15;72;1;1;2;1;1;320;21;7;1;2;15;4;1;71
6704;16728;5;20;72;1;1;1;1;1;3001;1;7;1;3;15;1;9;21
6705;16729;5;20;72;1;1;1;1;1;3001;1;7;1;3;15;1;18;21
6706;16730;5;15;72;1;1;2;1;1;3011;9999;14;1;7;14;4;1;38
6707;16732;5;11;50;1;1;2;1;1;9999;9999;14;1;4;15;9;2;38
6708;16733;5;10;50;1;1;2;1;1;3007;9999;14;1;3;15;7;2;38
6709;16734;5;14;50;1;1;2;1;1;3011;9999;15;1;2;15;4;1;31
6710;16735;5;4;51;1;1;1;1;1;3313;9999;6;1;8;18;9;13;9
6711;16737;5;9;71;1;1;2;1;1;9;27;8;2;3;15;1;1;38
6714;16740;5;18;38;1;1;2;1;1;1100;25;9;1;2;15;4;1;21
6715;16741;5;18;10;1;1;2;1;1;3406;12;5;1;1;15;1;14;82
6716;16742;5;17;58;1;1;2;1;1;201;130;5;1;2;15;4;1;9
6717;16743;5;9;10;1;1;2;1;1;801;138;7;2;8;13;9;10;53
6718;16744;5;19;10;1;1;1;1;1;3471;9999;5;1;1;15;1;14;21
6719;16745;5;23;58;1;1;1;1;1;201;101;7;1;2;15;4;1;21
6720;16746;5;12;58;1;1;2;1;1;1;514;7;1;8;14;3;16;9
6721;16747;5;21;58;1;1;1;1;1;202;106;7;1;3;15;7;16;9
6722;16748;5;18;10;1;1;2;1;1;1;440;7;1;1;15;1;4;9
6723;16749;5;23;10;1;1;1;1;1;1;431;7;1;8;14;3;16;46
6724;16750;5;13;10;1;1;2;1;1;318;9;6;1;8;14;2;16;21
6725;16751;5;15;10;1;1;2;1;1;303;52;7;1;8;13;9;10;21
6726;16752;5;15;10;1;1;2;1;1;3403;9999;5;1;2;15;4;1;9
6727;16753;5;22;10;1;1;1;1;1;1;460;7;1;1;15;1;14;409
6728;16754;5;5;10;1;1;1;1;1;1;409;7;1;8;13;9;11;9
6729;16755;5;10;10;1;1;2;1;1;301;52;7;1;3;14;9;11;9
6730;16757;5;15;10;1;1;2;1;1;303;104;7;1;2;15;4;1;9
6731;16758;5;10;10;1;1;2;1;1;3427;10;7;1;3;15;7;12;40
6732;16760;5;16;10;1;1;2;1;1;1;472;7;1;8;14;1;16;3
6733;16761;5;3;10;1;1;1;1;1;801;135;7;2;3;15;8;1;9
6734;16762;5;7;10;1;1;2;1;1;801;146;7;2;2;15;4;1;9
6735;16764;5;20;10;1;1;1;1;1;316;34;5;1;8;13;9;11;9
6736;16765;5;19;10;1;1;1;1;1;3403;9999;5;1;8;14;1;16;21
6737;16766;5;20;10;1;1;1;1;1;301;3;6;2;8;13;9;11;38
6738;16767;5;17;10;1;1;2;1;1;3410;8;5;1;8;14;1;16;32
6739;16768;5;4;10;1;1;1;1;1;301;6;6;2;8;14;3;16;21
6740;16769;5;22;10;1;1;1;1;1;3423;2;7;1;2;15;4;1;9
6741;16770;5;7;58;1;1;2;1;1;202;102;7;1;2;15;4;1;46
6742;16771;5;10;58;1;1;2;1;1;201;104;6;1;8;14;1;16;9
6743;16773;5;20;58;1;1;1;1;1;3430;8;5;1;2;15;4;1;71
6744;16774;5;6;58;1;1;2;1;1;301;67;7;1;8;13;9;11;9
6745;16775;5;18;58;1;1;2;1;1;301;70;7;1;8;16;1;18;32
6746;16780;5;18;58;1;1;2;1;1;202;63;7;1;8;13;9;11;82
6747;16781;5;18;58;1;1;2;1;1;202;63;7;1;2;15;4;1;9
6748;16782;5;5;58;1;1;1;1;1;1;515;7;1;8;13;9;11;31
6749;16783;5;13;58;1;1;2;1;1;1;521;7;1;3;15;8;1;31
6750;16785;5;13;58;1;1;2;1;1;1;525;7;1;2;15;4;1;32
6751;16786;5;12;58;1;1;2;1;1;1;522;7;1;5;15;8;14;31
6752;16787;5;15;58;1;1;2;1;1;3459;9999;5;1;2;15;4;1;9
6753;16788;5;11;58;1;1;2;1;1;3459;9999;5;1;8;13;9;10;9
6754;16790;5;20;58;1;1;1;1;1;3459;9999;5;1;3;15;8;1;31
6755;16791;5;13;58;1;1;2;1;1;202;108;7;1;3;15;8;14;9
6756;16792;5;18;58;1;1;2;1;1;3459;9999;5;1;3;15;8;14;9
6757;16793;5;13;58;1;1;2;1;1;3459;9999;5;1;3;15;8;14;31
6758;16794;5;12;58;1;1;2;1;1;801;266;7;2;8;13;9;11;9
6759;16795;5;22;58;1;1;1;1;1;3445;8;6;1;5;15;9;1;9
6760;16796;5;18;58;1;1;2;1;1;3445;5;5;1;8;13;9;12;9
6761;16797;5;18;58;1;1;2;1;1;3445;7;5;1;2;15;4;1;9
6762;16798;5;20;58;1;1;1;1;1;202;91;7;1;2;15;4;1;9
6763;16799;5;11;58;1;1;2;1;1;7;14;8;1;2;15;4;1;31
6764;16800;5;20;68;1;1;1;1;1;201;82;5;1;8;13;9;12;31
6765;16801;5;0;58;1;1;1;1;1;202;102;7;1;8;14;2;16;9
6766;16802;5;11;58;1;1;2;1;1;7;6;8;1;8;13;9;11;82
6767;16803;5;21;58;1;1;1;1;1;202;102;7;1;3;15;7;12;36
6768;16804;5;19;58;1;1;1;1;1;202;108;7;1;8;14;2;16;9
6769;16805;5;12;58;1;1;2;1;1;7;6;8;1;3;15;8;12;9
6770;16806;5;18;58;1;1;2;1;1;202;108;7;1;2;15;4;1;9
6771;16807;5;23;68;1;1;1;1;1;201;84;5;1;1;15;1;14;48
6772;16808;5;16;10;1;1;2;1;1;1;436;7;1;3;15;8;12;9
6773;16809;5;12;10;1;1;2;1;1;320;68;7;1;8;13;9;10;9
6774;16810;5;12;10;1;1;2;1;1;1;424;7;1;8;14;1;16;9
6775;16811;5;14;10;1;1;2;1;1;9999;4;6;1;8;14;2;16;21
6776;16812;5;21;10;1;1;1;1;1;3406;9999;5;1;3;15;8;14;38
6777;16813;5;22;10;1;1;1;1;1;1;419;7;1;8;14;2;16;9
6778;16814;5;16;10;1;1;2;1;1;320;70;7;1;2;15;4;1;9
6779;16815;5;20;10;1;1;1;1;1;320;52;7;1;8;13;9;10;9
6780;16816;5;17;10;1;1;2;1;1;1;439;7;1;3;15;8;14;31
6781;16819;5;13;10;1;1;2;1;1;1;439;7;1;2;15;4;1;32
6782;16820;5;13;10;1;1;2;1;1;3400;15;5;1;1;15;7;6;9
6783;16821;5;18;10;1;1;2;1;1;1;437;7;1;8;13;9;11;32
6784;16822;5;19;10;1;1;1;1;1;1;434;7;1;8;14;1;16;9
6785;16823;5;12;10;1;1;2;1;1;3463;4;5;1;8;13;9;10;400
6786;16824;5;20;10;1;1;1;1;1;3406;13;5;1;2;15;6;1;21
6787;16825;5;18;10;1;1;2;1;1;1;439;7;1;8;13;9;11;46
6788;16827;5;14;10;1;1;2;1;1;3459;0;5;1;8;13;9;11;9
6789;16829;5;13;10;1;1;2;1;1;316;9999;5;1;3;15;7;15;32
6790;16831;5;21;10;1;1;1;1;1;316;61;5;1;2;15;6;1;406
6791;16833;5;16;10;1;1;2;1;1;3416;9999;5;1;2;15;4;1;32
6792;16834;5;21;10;1;1;1;1;1;3409;9999;5;1;8;13;9;11;9
6793;16835;5;10;10;1;1;2;1;1;301;35;7;1;4;15;4;1;38
6794;16836;5;10;10;1;1;2;1;1;301;42;7;1;3;15;8;14;9
6795;16838;5;19;10;1;1;1;1;1;301;54;7;1;8;14;1;16;59
6796;16839;5;12;10;1;1;2;1;1;301;35;7;1;2;15;4;1;38
6797;16840;5;23;10;1;1;1;1;1;3407;9999;5;1;2;15;4;1;9
6798;16842;5;12;10;1;1;2;1;1;3416;9999;5;1;2;15;4;1;9
6799;16843;5;9;10;1;1;2;1;1;3403;9999;5;1;1;15;1;14;430
6800;16844;5;13;10;1;1;2;1;1;3403;9999;5;1;8;13;9;11;3
6803;16847;5;11;10;1;1;2;1;1;301;32;7;1;8;13;9;11;31
6804;16848;5;17;10;1;1;2;1;1;301;18;6;2;8;7;3;11;9
6805;16849;5;17;10;1;1;2;1;1;316;10;5;1;3;15;8;1;9
6806;16851;5;19;10;1;1;1;1;1;301;4;6;2;8;13;9;11;9
6807;16857;5;22;10;1;1;1;1;1;301;6;6;2;8;14;2;16;3
6808;16858;5;12;10;1;1;2;1;1;301;18;6;2;8;13;9;11;9
6809;16862;5;15;10;1;1;2;1;1;301;4;6;2;3;15;8;6;38
6810;16866;5;16;10;1;1;2;1;1;301;8;6;2;2;15;4;1;3
6811;16868;5;18;10;1;1;2;1;1;3410;5;5;1;8;14;1;16;3
6812;16869;5;13;10;1;1;2;1;1;301;22;7;1;8;13;9;11;3
6813;16870;5;10;10;1;1;2;1;1;301;14;6;2;4;15;4;1;9
6814;16873;5;19;10;1;1;1;1;1;301;2;6;2;3;15;8;1;3
6815;16874;5;6;10;1;1;2;1;1;301;20;6;2;3;15;8;1;82
6816;16875;5;9;10;1;1;2;1;1;3410;4;5;1;8;14;1;16;9
6817;16877;5;0;10;1;1;1;1;1;301;4;6;2;8;14;1;16;38
6818;16881;5;19;10;1;1;1;1;1;318;19;6;1;8;14;1;16;82
6819;16882;5;16;10;1;1;2;1;1;1;423;7;1;3;15;7;12;3
6820;16883;5;19;10;1;1;1;1;1;318;9;6;1;8;14;3;16;21
6821;16884;5;8;10;1;1;2;1;1;801;166;7;2;8;13;9;11;9
6822;16885;5;2;10;1;1;1;1;1;801;167;7;2;8;13;9;11;31
6823;16886;5;14;10;1;1;2;1;1;801;183;7;2;8;13;9;11;42
6824;16887;5;18;10;1;1;2;1;1;801;162;7;2;8;13;9;11;33
6825;16888;5;19;10;1;1;1;1;1;801;126;7;2;8;13;9;5;31
6826;16889;5;16;10;1;1;2;1;1;3416;9999;5;1;2;15;6;1;9
6827;16890;5;19;10;1;1;1;1;1;1;503;6;2;3;15;8;12;71
6828;16891;5;22;10;1;1;1;1;1;3453;11;5;1;3;15;7;16;36
6829;16892;5;13;10;1;1;2;1;1;316;41;6;1;3;15;8;6;46
6830;16894;5;17;10;1;1;2;1;1;316;35;5;1;8;13;9;11;9
6831;16895;5;18;10;1;1;2;1;1;316;20;5;1;1;15;1;14;82
6832;16896;5;17;10;1;1;2;1;1;316;28;6;1;8;13;9;11;82
6833;16897;5;12;10;1;1;2;1;1;303;65;7;1;2;15;6;1;82
6834;16898;5;14;10;1;1;2;1;1;316;18;5;1;3;15;8;6;21
6835;16899;5;12;10;1;1;2;1;1;316;9999;5;1;8;13;9;11;9
6836;16901;5;8;10;1;1;2;1;1;3443;13;5;1;8;13;9;10;21
6837;16902;5;22;10;1;1;1;1;1;3449;5;5;1;3;15;8;14;21
6838;16904;5;11;10;1;1;2;1;1;3427;0;7;1;8;14;1;16;21
6839;16905;5;21;10;1;1;1;1;1;1;479;7;1;3;15;7;14;32
6840;16906;5;15;10;1;1;2;1;1;1;477;7;1;3;15;8;6;31
6841;16907;5;12;10;1;1;2;1;1;3403;9999;5;1;8;13;9;11;81
6842;16908;5;14;10;1;1;2;1;1;1;461;7;1;3;15;8;12;9
6843;16909;5;19;10;1;1;1;1;1;3471;9999;5;1;3;15;8;1;21
6844;16911;5;15;10;1;1;2;1;1;303;10;7;1;8;14;2;16;9
6845;16912;5;7;10;1;1;2;1;1;320;47;7;1;3;15;8;1;9
6846;16913;5;12;10;1;1;2;1;1;1;408;7;1;8;13;9;10;9
6847;16914;5;22;10;1;1;1;1;1;303;4;7;1;3;15;8;1;9
6848;16915;5;13;10;1;1;2;1;1;1;503;6;2;3;15;8;1;9
6849;16916;5;7;10;1;1;2;1;1;1;488;7;1;2;15;4;1;31
6850;16917;5;4;10;1;1;1;1;1;1;488;7;1;3;15;8;14;9
6851;16919;5;17;10;1;1;2;1;1;1;503;6;2;8;14;1;16;21
6852;16920;5;17;10;1;1;2;1;1;3416;9999;5;1;8;13;9;11;341
6853;16921;5;7;10;1;1;2;1;1;1;486;7;1;2;15;4;1;31
6854;16922;5;15;10;1;1;2;1;1;3416;9999;5;1;3;15;8;4;82
6855;16923;5;9;10;1;1;2;1;1;801;139;7;2;8;13;9;11;31
6856;16924;5;15;10;1;1;2;1;1;801;146;7;2;8;13;9;11;9
6858;16926;5;11;10;1;1;2;1;1;801;192;7;2;3;15;8;1;21
6859;16927;5;5;10;1;1;1;1;1;801;211;7;2;8;13;9;11;21
6860;16928;5;16;10;1;1;2;1;1;801;190;7;2;8;13;9;5;9
6861;16929;5;14;10;1;1;2;1;1;801;198;7;2;8;3;9;10;9
6862;16930;5;22;10;1;1;1;1;1;1;485;7;1;8;16;3;16;3
6863;16931;5;15;10;1;1;2;1;1;3403;9999;5;1;2;15;1;3;341
6864;16932;5;21;10;1;1;1;1;1;3403;9999;5;1;2;15;4;1;9
6865;16933;5;19;10;1;1;1;1;1;1;461;7;1;3;15;8;12;36
6866;16934;5;12;10;1;1;2;1;1;1;460;7;1;3;15;8;12;9
6867;16935;5;20;10;1;1;1;1;1;316;2;5;1;8;14;1;1;9
6868;16936;5;12;10;1;1;2;1;1;1;464;7;1;2;15;4;1;400
6869;16937;5;13;10;1;1;2;1;1;1;426;7;1;2;15;4;1;48
6870;16938;5;17;10;1;1;2;1;1;3427;6;7;1;2;15;4;1;33
6871;16939;5;17;10;1;1;2;1;1;1;448;7;1;2;15;4;1;21
6872;16942;5;20;10;1;1;1;1;1;3449;1;5;1;3;15;8;14;9
6873;16943;5;1;58;1;1;1;1;1;3436;9999;5;1;8;13;9;11;3
6874;16944;5;14;10;2;1;2;1;1;3449;9999;5;1;8;13;9;11;9
6875;16945;5;20;58;1;1;1;1;1;7;38;8;1;3;15;8;12;9
6876;16946;5;18;58;1;1;2;1;1;3430;9999;5;1;2;15;4;1;46
6877;16947;5;1;58;1;1;1;1;1;3430;9999;5;1;8;13;9;11;21
6878;16948;5;14;58;1;1;2;1;1;201;103;7;1;3;15;8;14;9
6879;16949;5;20;53;1;1;1;1;1;15;9999;6;1;2;1;4;1;21
6880;16950;5;23;53;1;1;1;1;1;13;391;6;1;8;14;1;18;9
6881;16951;5;20;13;1;1;1;1;1;13;618;6;1;8;14;1;16;33
6883;16953;5;18;13;1;1;2;1;1;7101;3;6;1;8;18;1;1;9
6888;16965;5;12;13;1;1;2;1;1;13;525;6;1;8;18;1;1;9
6889;16966;5;20;13;1;1;1;1;1;10;651;6;1;3;15;2;1;9
6890;16967;5;14;13;1;1;2;1;1;10;646;6;1;3;15;2;1;31
6891;16969;5;15;53;1;1;2;1;1;13;387;6;1;8;10;9;10;32
6892;16970;5;19;53;1;1;1;1;1;13;400;6;1;8;13;1;10;38
6894;16972;5;23;13;1;1;1;1;1;13;585;7;1;2;15;1;1;9
6895;16973;5;17;13;1;1;2;1;1;7109;32;6;1;8;13;1;1;341
6896;16974;5;3;13;1;1;1;1;1;10;700;6;1;7;14;1;16;48
6897;16975;5;18;13;1;1;2;1;1;10;705;8;1;8;13;9;1;38
6899;16977;5;4;13;1;1;1;1;1;13;666;6;1;2;15;5;1;3
6900;16978;5;21;13;1;1;1;1;1;702;72;6;1;2;15;4;1;9
6902;16981;5;19;13;1;1;1;1;1;10;556;17;1;7;15;6;1;9
6903;16983;5;11;13;1;1;2;1;1;10;557;17;1;7;15;3;12;21
6904;16985;5;9;13;1;1;2;1;1;702;84;6;1;8;18;3;1;38
6906;16987;5;21;53;1;1;1;1;1;9999;183;8;1;2;15;4;1;9
6907;16989;5;22;12;1;1;1;1;1;2207;9999;4;1;1;18;1;4;9
6908;16990;5;8;12;1;1;2;1;1;1;653;6;1;2;15;4;1;21
6909;16991;5;12;12;1;1;2;1;1;2201;9999;5;1;3;15;1;2;9
6910;16993;5;6;12;1;1;2;1;1;1;702;6;1;7;12;1;1;31
6911;16995;5;20;12;1;1;1;1;1;2236;2;6;1;1;15;1;4;9
6912;16997;5;13;12;1;1;2;1;1;1;717;5;1;1;15;1;2;82
6914;16999;5;16;12;1;1;2;1;1;1;732;6;1;8;18;8;18;9
6915;17000;5;13;12;1;1;2;1;1;1;738;6;1;1;15;1;2;36
6916;17001;5;16;12;1;1;2;1;1;2207;9999;3;1;8;14;1;1;9
6917;17002;5;13;27;1;1;2;1;1;1;623;7;1;8;18;1;1;9
6918;17003;5;0;12;1;1;1;1;1;9999;48;7;1;8;14;1;2;9
6919;17004;5;18;12;1;1;2;1;1;2026;9999;10;2;1;15;1;4;21
6920;17005;5;21;12;1;1;1;1;1;1;664;7;1;3;15;2;1;48
6921;17006;5;3;12;1;1;1;1;1;1;648;6;1;8;18;9;9;32
6922;17007;5;9;12;1;1;2;1;1;2201;9999;5;1;8;18;1;1;9
6923;17008;5;11;12;1;1;2;1;1;1;690;6;1;2;15;2;1;31
6924;17009;5;8;35;1;1;2;1;1;419;9999;6;1;8;13;9;10;46
6925;17010;5;1;14;1;1;1;1;1;6;217;9;1;8;18;1;1;31
6926;17011;5;17;66;1;1;2;1;1;9999;9999;6;1;8;13;9;11;9
6927;17012;5;17;7;1;1;2;1;1;15;177;6;1;8;13;9;10;9
6928;17013;5;13;66;1;1;2;1;1;5003;17;5;1;1;15;1;4;9
6929;17014;5;18;14;1;1;2;1;1;6;208;9;1;7;15;2;5;36
6931;17017;5;19;35;1;1;1;1;1;5313;9999;6;1;7;15;8;4;21
6933;17019;5;2;35;1;1;1;1;1;508;24;6;1;8;13;9;11;21
6934;17020;5;23;35;1;1;1;1;1;8;775;7;1;8;13;9;10;9
6935;17021;5;7;35;1;1;2;1;1;5319;3;6;1;8;13;9;10;9
6945;17036;5;6;66;1;1;2;1;1;5027;9999;5;1;1;15;1;2;409
6946;17038;5;10;66;1;1;2;1;1;4;157;8;1;7;15;8;4;9
6947;17039;5;19;66;1;1;1;1;1;4;148;8;1;1;15;1;4;9
6949;17044;5;18;66;1;1;2;1;1;5017;9999;7;1;7;15;8;4;9
6950;17046;5;20;66;1;1;1;1;1;5017;9999;8;1;3;15;6;6;21
6953;17050;5;12;66;1;1;2;1;1;8;740;8;1;7;15;8;4;9
6955;17053;5;18;14;1;1;2;1;1;8;724;11;2;2;15;1;1;9
6956;17054;5;18;14;1;1;2;1;1;8;724;11;2;2;15;2;1;9
6957;17056;5;18;14;1;1;2;1;1;6;211;9;1;8;14;1;16;9
6958;17058;5;13;14;1;1;2;1;1;8;724;11;2;8;14;1;16;21
6959;17059;5;11;14;1;1;2;1;1;8;722;11;2;8;14;4;17;31
6960;17061;5;11;14;1;1;2;1;1;8;725;11;2;2;15;1;1;9
6961;17062;5;22;14;1;1;1;1;1;8;721;11;2;3;15;4;1;9
6962;17067;5;10;14;1;1;2;1;1;8;722;11;2;8;14;1;16;9
6963;17071;5;18;66;1;1;2;1;1;5013;9999;5;1;7;15;9;6;9
6964;17074;5;13;66;1;1;2;1;1;5013;9999;5;1;7;15;8;4;32
6965;17077;5;21;35;1;1;1;1;1;8;830;6;1;1;15;1;4;9
6966;17078;5;11;35;1;1;2;1;1;8;801;7;1;8;13;8;11;9
6967;17079;5;19;35;1;1;1;1;1;8;816;62;1;7;15;9;21;32