;NUM_ACC;MOIS_ACC;HEU_ACC;COD_PRV;COD_ETA_CHA;COD_ETA_SUR;COD_LUM;COD_INT;TYP_LIE_ACC;NUM_ROU;PKM;LAR_CHA;COD_TYP_CHA;COD_TYP_COL;COD_OBS_HRT;COD_POI_CHO;COD_MAN;CIR_ACC
6970;17082;5;18;35;1;1;2;1;1;8;794;6;1;7;15;8;4;38
6971;17083;5;19;35;1;1;1;1;1;8;796;6;1;7;15;8;14;38
6973;17085;5;15;35;1;1;2;1;1;8;796;6;1;1;15;1;4;21
6974;17086;5;16;35;1;1;2;1;1;8;796;7;1;7;15;9;6;9
6975;17087;5;9;66;1;1;2;1;1;5005;14;6;1;8;13;9;11;82
6976;17088;5;18;66;1;1;2;1;1;5005;10;6;1;8;13;9;16;9
6977;17089;5;19;66;1;1;1;1;1;5002;39;6;1;8;14;1;16;32
6978;17090;5;16;66;1;1;2;1;1;5005;7;6;1;1;15;1;4;9
6979;17091;5;13;66;1;1;2;1;1;5005;7;6;1;1;15;1;4;9
6981;17095;5;10;14;1;1;2;1;1;9999;0;8;2;8;13;9;11;32
6983;17098;5;13;35;1;1;2;1;1;508;2;6;1;8;13;9;11;9
6984;17100;5;15;35;1;1;2;1;1;8;773;6;1;8;13;9;11;3
6986;17103;5;14;35;1;1;2;1;1;508;20;6;1;8;13;9;11;82
6988;17105;5;20;35;1;1;1;1;1;8;787;6;1;7;15;8;4;9
6989;17106;5;10;35;1;1;2;1;1;8;788;6;1;2;15;1;1;31
6990;17108;5;12;42;1;1;2;1;1;5016;9999;5;1;8;13;9;11;32
6991;17110;5;12;42;1;1;2;1;1;504;11;5;1;1;15;1;4;50
6992;17112;5;21;42;1;1;1;1;1;5031;9999;5;1;8;14;9;16;21
6993;17113;5;11;42;1;1;2;1;1;5035;4;6;1;8;13;9;10;21
6994;17114;5;16;7;1;1;2;1;1;15;260;6;1;8;13;9;10;21
6995;17116;5;19;7;1;1;1;1;1;15;222;6;1;7;15;8;4;32
6997;17119;5;6;7;1;1;2;1;1;7235;19;5;1;8;13;9;10;50
6998;17120;5;13;7;1;1;2;1;1;7235;21;5;1;2;15;9;1;53
6999;17121;5;16;7;1;1;2;1;1;503;127;6;1;8;13;9;11;36
7000;17123;5;12;7;1;1;2;1;1;503;116;12;1;8;13;9;10;9
7001;17124;5;17;7;1;1;2;1;1;503;103;6;1;1;15;4;4;32
7002;17125;5;8;7;1;1;2;1;1;5115;2;5;1;8;13;9;11;9
7004;17130;5;11;42;1;1;2;1;1;504;51;5;1;7;14;9;21;9
7005;17132;5;18;14;1;1;2;1;1;802;202;7;2;2;15;4;1;33
7007;17134;5;16;42;1;1;2;1;1;802;223;7;1;8;9;9;10;21
7008;17135;5;14;42;1;1;2;1;1;802;229;7;1;8;3;9;11;3
7009;17136;5;5;35;1;1;1;1;1;5312;9999;6;1;8;13;9;11;21
7010;17137;5;7;35;1;1;2;1;1;5304;9999;6;1;8;13;9;11;21
7011;17138;5;22;35;1;1;1;1;1;5304;9999;8;1;8;13;9;11;31
7012;17139;5;12;35;1;1;2;1;1;419;9999;6;1;7;15;9;18;82
7016;17144;5;21;31;1;1;1;1;1;1;1217;7;1;8;14;1;1;9
7017;17145;5;16;32;1;1;2;1;1;103;2;6;1;8;18;1;1;21
7019;17148;5;18;59;1;1;2;1;1;9999;38;7;1;8;13;9;1;82
7020;17149;5;21;59;1;1;1;1;1;9999;33;7;1;8;13;9;12;82
7021;17151;5;14;59;1;1;2;1;1;9999;43;7;1;8;13;9;13;32
7022;17153;5;8;59;1;1;2;1;1;104;24;6;1;8;13;9;12;400
7023;17154;5;12;59;1;1;2;1;1;1903;9999;5;1;7;14;1;16;32
7024;17156;5;23;59;1;1;1;1;1;104;10;6;1;8;13;9;12;82
7025;17157;5;18;59;1;1;2;1;1;1914;9999;5;1;1;15;9;4;9
7026;17159;5;6;32;1;1;2;1;1;9999;80;6;1;2;15;4;1;38
7027;17160;5;20;32;1;1;1;1;1;1;1071;8;1;1;18;7;16;9
7028;17161;5;14;32;1;1;2;1;1;9999;110;6;1;8;18;9;1;31
7029;17162;5;9;32;1;1;2;1;1;1;1048;7;1;2;15;4;1;82
7030;17163;5;10;32;1;1;2;1;1;102;0;6;1;8;14;1;16;38
7031;17168;5;22;31;1;1;1;1;1;1;1225;7;1;8;16;1;1;82
7032;17170;5;23;31;1;1;1;1;1;1;1229;7;1;8;18;9;1;82
7033;17171;5;1;31;1;1;1;1;1;1;1231;7;1;8;18;9;1;21
7034;17172;5;23;31;1;1;1;1;1;1;1225;7;1;8;18;9;1;38
7035;17173;5;1;31;1;1;1;1;1;9999;22;7;1;8;18;9;1;9
7036;17174;5;15;16;1;1;2;1;1;805;248;7;1;8;13;7;11;9
7037;17175;5;11;16;1;1;2;1;1;1;169;9;1;3;15;7;1;9
7038;17176;5;16;16;1;1;2;1;1;406;39;7;1;8;18;2;11;9
7039;17178;5;8;16;1;1;2;1;1;4201;9999;6;1;8;13;8;10;9
7040;17179;5;17;16;1;1;2;1;1;1;125;7;1;8;18;2;11;9
7041;17182;5;2;16;1;1;1;1;1;805;193;7;1;8;13;7;11;9
7042;17183;5;19;16;1;1;1;1;1;805;188;7;1;8;13;9;11;48
7043;17185;5;23;16;1;1;1;1;1;1;243;10;1;2;15;4;1;21
7044;17186;5;13;16;1;1;2;1;1;1;239;10;1;8;14;7;16;50
7045;17188;5;19;16;1;1;1;1;1;4266;9999;6;1;3;14;7;20;9
7046;17189;5;8;16;1;1;2;1;1;1;243;10;1;3;15;7;1;9
7047;17190;5;22;16;1;1;1;1;1;1;243;10;1;8;14;7;16;9
7048;17191;5;17;16;1;1;2;1;1;4266;9999;6;1;8;13;7;11;53
7049;17192;5;19;16;1;1;1;1;1;4266;9999;6;1;3;15;8;4;50
7050;17193;5;14;16;1;1;2;1;1;805;216;7;1;3;15;8;1;38
7051;17194;5;4;16;1;1;1;1;1;805;195;7;1;8;13;8;10;436
7052;17195;5;15;16;1;1;2;1;1;805;221;7;1;8;13;7;11;53
7053;17196;5;15;16;1;1;2;1;1;805;209;7;1;8;13;7;10;59
7054;17197;5;16;16;1;1;2;1;1;805;197;7;1;8;13;8;10;3
7055;17198;5;9;16;1;1;2;1;1;805;222;7;1;8;13;7;11;9
7056;17199;5;18;16;1;1;2;1;1;1;213;7;1;2;15;4;1;9
7057;17200;5;8;16;1;1;2;1;1;1;216;7;1;8;14;1;16;21
7058;17201;5;9;16;1;1;2;1;1;405;6;7;1;8;11;1;10;50
7059;17202;5;17;16;1;1;2;1;1;1;217;7;1;8;14;1;16;50
7060;17203;5;9;16;1;1;2;1;1;4;0;7;2;1;15;1;4;9
7061;17204;5;23;16;1;1;1;1;1;405;11;7;1;8;16;1;16;21
7062;17205;5;16;16;1;1;2;1;1;405;13;7;1;1;15;1;4;32
7063;17206;5;0;16;1;1;1;1;1;805;237;7;1;2;15;6;1;9
7064;17207;5;19;16;1;1;1;1;1;805;232;7;1;2;15;6;1;38
7065;17208;5;2;16;1;1;1;1;1;805;244;7;1;8;13;8;10;59
7066;17209;5;14;16;1;1;2;1;1;805;235;7;1;8;13;7;11;50
7067;17210;5;14;16;1;1;2;1;1;805;240;7;1;3;15;6;1;9
7068;17211;5;18;16;1;1;2;1;1;805;224;7;1;8;16;7;11;9
7069;17212;5;18;16;1;1;2;1;1;805;232;7;1;8;15;7;10;53
7070;17213;5;9;16;1;1;2;1;1;805;236;7;1;2;15;4;1;21
7071;17214;5;15;16;1;1;2;1;1;805;226;7;1;8;13;8;10;9
7073;17216;5;16;16;1;1;2;1;1;1;178;9;1;7;13;7;1;3
7075;17218;5;14;16;1;1;2;1;1;4234;9999;5;1;3;15;7;4;9
7076;17219;5;17;16;1;1;2;1;1;1;198;9;1;7;14;1;1;53
7077;17223;5;16;16;1;1;2;1;1;4201;9999;6;1;1;15;1;4;3
7078;17225;5;23;16;1;1;1;1;1;4201;9999;6;1;3;15;6;1;59
7079;17227;5;19;16;1;1;1;1;1;4268;9999;6;1;8;14;7;16;9
7081;17229;5;14;16;1;1;2;1;1;4201;9999;6;1;3;15;8;4;21
7082;17230;5;13;16;1;1;2;1;1;4266;9999;6;1;8;14;8;16;31
7083;17231;5;19;16;1;1;1;1;1;1;242;10;1;8;14;7;16;53
7084;17232;5;12;16;1;1;2;1;1;4266;8;6;1;3;15;8;5;33
7085;17234;5;16;16;1;1;2;1;1;4266;9999;6;1;2;15;4;1;9
7086;17235;5;15;16;1;1;2;1;1;1;242;10;1;2;15;4;1;341
7087;17236;5;20;16;1;1;1;1;1;4266;9999;6;1;3;15;7;16;53
7088;17237;5;15;16;2;1;2;1;1;4214;9999;6;1;8;14;1;16;9
7089;17238;5;19;16;1;1;1;1;1;4214;9999;6;1;8;14;1;16;9
7090;17239;5;8;16;2;1;2;1;1;4222;9999;7;1;8;18;2;11;9
7091;17240;5;23;16;2;1;1;1;1;4214;9999;6;1;8;14;1;16;9
7092;17241;5;13;16;2;1;2;1;1;4201;9999;6;1;8;18;2;11;3
7093;17243;5;16;16;1;1;2;1;1;4201;9999;6;1;3;15;8;4;21
7094;17244;5;14;16;1;1;2;1;1;4205;9999;6;1;8;14;7;16;59
7095;17245;5;17;16;1;1;2;1;1;4201;9999;6;1;8;14;8;10;9
7096;17246;5;12;16;2;1;2;1;1;4228;9999;6;1;8;18;2;11;9
7097;17247;5;20;16;1;1;1;1;1;406;9;7;1;2;15;4;1;9
7098;17248;5;19;16;1;1;1;1;1;1;166;7;1;2;15;4;1;9
7099;17249;5;14;16;1;1;2;1;1;1;166;7;1;3;15;5;1;50
7100;17250;5;17;16;1;1;2;1;1;1;153;7;1;2;15;4;1;9
7101;17251;5;1;16;1;1;1;1;1;1;156;7;1;8;18;2;11;31
7102;17253;5;15;16;1;1;2;1;1;805;152;7;2;8;18;3;10;31
7103;17254;5;13;16;1;1;2;1;1;805;173;7;2;8;18;2;11;9
7104;17255;5;12;16;1;1;2;1;1;9999;40;7;1;8;18;2;11;9
7105;17256;5;19;16;1;1;1;1;1;406;40;7;1;8;18;2;11;9
7106;17257;5;2;16;1;1;1;1;1;406;34;7;1;8;18;2;11;48
7107;17258;5;3;16;2;1;1;1;1;4214;9999;6;1;3;15;2;21;9
7108;17260;5;13;16;1;1;2;1;1;406;35;7;1;2;15;4;1;9
7109;17261;5;16;16;2;1;2;1;1;4208;9999;6;1;8;14;1;16;9
7110;17263;5;18;16;2;1;2;1;1;4204;9999;6;1;3;15;3;4;9
7111;17264;5;15;16;2;1;2;1;1;4204;9999;6;1;3;15;2;4;38
7112;17265;5;13;16;2;1;2;1;1;4208;9999;6;1;3;15;1;4;3
7113;17266;5;13;16;2;1;2;1;1;4201;9999;7;1;3;15;5;1;38
7114;17267;5;8;16;2;1;2;1;1;4201;9999;6;1;2;15;4;1;21
7115;17268;5;10;18;1;1;2;1;1;6;68;6;1;1;15;1;2;9
7116;17269;5;9;18;1;1;2;1;1;402;2;6;1;8;14;1;16;9
7117;17270;5;12;18;1;1;2;1;1;802;32;7;2;8;13;9;5;53
7118;17271;5;16;18;1;1;2;1;1;4323;8;6;1;8;14;1;1;9
7119;17273;5;14;18;1;1;2;1;1;6;55;6;1;1;15;1;2;33
7120;17275;5;13;18;1;1;2;1;1;411;9999;6;1;1;15;1;2;3
7121;17276;5;8;18;1;1;2;1;1;4316;12;6;1;8;13;1;11;9
7122;17277;5;19;18;1;1;1;1;1;4323;10;6;1;3;15;1;1;46
7123;17278;5;5;18;1;1;1;1;1;4323;12;6;1;8;14;1;16;9
7124;17279;5;9;18;1;1;2;1;1;4323;12;6;1;8;14;1;1;21
7125;17280;5;5;18;1;1;1;1;1;4304;9999;6;1;2;15;1;1;9
7126;17285;5;21;18;1;1;1;1;1;409;69;6;1;8;13;9;10;31
7127;17286;5;15;18;1;1;2;1;1;409;69;6;1;8;11;1;10;31
7128;17287;5;14;74;1;1;2;1;1;6;15;7;2;8;13;1;11;9
7129;17288;5;9;18;1;1;2;1;1;802;36;7;2;8;13;1;11;21
7130;17289;5;8;18;1;1;2;1;1;802;35;7;2;8;13;9;5;33
7131;17290;5;17;18;1;1;2;1;1;802;38;7;2;8;15;9;5;21
7132;17291;5;22;18;1;1;1;1;1;6;20;7;2;8;2;9;11;31
7133;17294;5;21;18;1;1;1;1;1;404;69;6;1;8;13;9;11;21
7134;17295;5;21;18;1;1;1;1;1;9999;42;6;1;1;15;1;2;9
7135;17296;5;12;18;1;1;2;1;1;9999;53;6;1;2;15;1;1;9
7136;17297;5;13;18;1;1;2;1;1;802;56;7;2;8;13;9;11;33
7137;17298;5;18;18;1;1;2;1;1;802;40;7;2;8;13;1;10;33
7138;17299;5;0;18;1;1;1;1;1;802;54;7;2;8;13;1;11;33
7140;17301;5;15;18;1;1;2;1;1;6;96;6;1;3;15;1;2;341
7141;17302;5;23;18;1;1;1;1;1;7300;9999;6;1;8;11;1;11;9
7142;17303;5;11;18;1;1;2;1;1;9999;89;6;1;8;13;9;10;9
7143;17306;5;12;18;1;1;2;1;1;4301;72;6;1;8;13;9;10;9
7144;17307;5;0;18;1;1;1;1;1;9999;76;6;1;8;5;1;1;31
7145;17310;5;19;18;1;1;1;1;1;407;89;6;1;8;13;1;11;9
7146;17311;5;12;18;1;1;2;1;1;6;27;6;1;2;15;1;1;21
7147;17312;5;11;18;1;1;2;1;1;6;26;6;1;8;14;1;16;9
7148;17313;5;1;18;1;1;1;1;1;6;30;6;1;8;13;1;11;9
7149;17314;5;11;18;1;1;2;1;1;6;34;7;1;3;15;1;1;341
7150;17315;5;16;18;1;1;2;1;1;6;26;6;1;3;15;7;1;9
7151;17316;5;21;18;1;1;1;1;1;6;29;6;1;8;13;1;11;3
7152;17317;5;8;18;1;1;2;1;1;404;6;5;1;3;15;8;1;9
7153;17318;5;13;18;2;1;2;1;1;4316;9999;4;1;3;15;8;1;3
7154;17320;5;19;18;2;1;1;1;1;4329;2;5;1;3;15;8;2;9
7155;17321;5;19;18;2;1;1;1;1;4316;0;4;1;8;13;9;1;36
7156;17322;5;14;18;1;1;2;1;1;404;6;6;1;3;15;8;1;9
7157;17323;5;3;18;1;1;1;1;1;6;55;6;1;8;13;1;10;9
7158;17324;5;15;16;1;1;2;1;1;411;60;6;1;8;13;9;11;21
7159;17325;5;16;18;1;1;2;1;1;4306;9999;6;1;8;13;1;11;9
7160;17326;5;16;74;1;1;2;1;1;407;34;6;1;2;15;1;1;9
7161;17327;5;10;18;1;1;2;1;1;4312;1;6;1;3;15;1;1;9
7162;17328;5;19;18;1;1;1;1;1;802;80;7;1;4;15;2;1;9
7163;17329;5;17;18;1;1;2;1;1;802;72;7;1;8;13;9;5;9
7164;17330;5;15;18;1;1;2;1;1;802;90;7;1;7;14;1;1;53
7165;17331;5;8;18;1;1;2;1;1;802;79;7;1;2;15;1;1;50
7166;17332;5;15;18;1;1;2;1;1;802;83;7;1;7;2;6;1;50
7167;17333;5;18;18;1;1;2;1;1;802;67;7;1;1;15;9;5;21
7168;17334;5;3;18;1;1;1;1;1;802;66;7;1;2;15;1;1;341
7169;17335;5;14;18;1;1;2;1;1;802;67;7;1;8;13;9;13;21
7170;17336;5;17;18;1;1;2;1;1;6;46;6;1;3;15;1;1;21
7171;17338;5;20;18;1;1;1;1;1;6;35;6;1;2;15;1;1;9
7172;17339;5;15;18;1;1;2;1;1;6;35;6;1;8;13;1;11;50
7173;17340;5;19;18;1;1;1;1;1;6;30;6;1;5;15;1;2;9
7174;17342;5;19;18;1;1;1;1;1;6;28;6;1;3;15;1;1;3
7175;17343;5;23;18;1;1;1;1;1;6;35;6;1;8;13;1;11;33
7176;17344;5;20;18;1;1;1;1;1;6;27;6;1;3;15;1;1;9
7177;17345;5;14;18;1;1;2;1;1;6;35;6;1;8;14;1;16;9
7178;17347;5;22;18;1;1;1;1;1;6;47;6;1;3;15;1;1;9
7179;17348;5;17;18;1;1;2;1;1;802;67;7;1;7;14;1;1;21
7180;17349;5;5;18;1;1;1;1;1;802;83;7;1;8;13;9;1;46
7181;17350;5;23;19;1;1;1;1;1;8;569;10;1;8;18;8;11;9
7182;17351;5;16;19;1;1;2;1;1;710;22;6;1;8;18;1;15;9
7183;17352;5;16;19;1;1;2;1;1;7306;7;5;1;8;18;9;1;3432
7184;17353;5;9;5;1;1;2;1;1;8;502;8;1;7;14;3;16;82
7187;17357;5;15;5;1;1;2;1;1;8;503;8;1;3;15;5;1;53
7188;17358;5;13;5;2;1;2;1;1;8;501;10;1;8;18;9;11;33
7190;17360;5;16;19;1;1;2;1;1;710;3;6;1;8;10;3;1;9
7191;17361;5;14;19;1;1;2;1;1;710;3;6;1;8;18;7;11;3
7192;17362;5;17;19;1;1;2;1;1;7306;4;4;1;3;15;4;14;9
7197;17368;5;12;19;1;1;2;1;1;7303;9999;5;1;8;18;1;11;82
7198;17369;5;18;19;1;1;2;1;1;710;16;6;1;8;18;1;11;9
7199;17370;5;18;19;1;1;2;1;1;710;34;6;1;8;18;1;14;9
7200;17371;5;7;19;1;1;2;1;1;7303;9999;5;1;8;18;1;10;9
7201;17372;5;9;19;1;1;2;1;1;8;583;6;1;3;15;8;1;32
7202;17373;5;2;19;1;1;1;1;1;8;559;6;1;8;15;1;4;3
7203;17374;5;0;19;1;1;1;1;1;712;44;7;1;8;14;1;1;9
7204;17375;5;12;19;1;1;2;1;1;712;9999;7;1;7;14;4;1;9
7205;17376;5;17;19;1;1;2;1;1;7311;2;6;1;8;4;2;1;32
7206;17378;5;17;19;1;1;2;1;1;7311;3;6;1;8;18;1;1;32
7207;17379;5;15;20;1;1;2;1;1;9999;141;7;1;1;15;1;4;31
7208;17380;5;23;20;1;1;1;1;1;9999;131;6;1;1;15;1;14;9
7209;17381;5;6;20;1;1;2;1;1;9999;98;8;1;1;15;1;4;9
7212;17384;5;21;20;1;1;1;1;1;3517;9999;4;1;1;15;1;4;82
7215;17389;5;9;20;1;1;2;1;1;9999;135;6;1;2;15;4;1;9
7216;17390;5;15;20;1;1;2;1;1;9999;133;6;1;2;15;4;1;9
7220;17395;5;11;20;1;1;2;1;1;3508;9999;5;1;2;15;1;1;82
7224;17399;5;11;20;1;1;2;1;1;804;132;8;2;8;3;1;11;9
7225;17400;5;8;20;1;1;2;1;1;312;5;6;1;2;15;6;1;9
7226;17404;5;21;20;1;1;1;1;1;804;125;8;2;8;16;1;1;38
7228;17406;5;12;20;2;1;2;1;1;9999;9999;6;1;3;15;6;18;31
7230;17409;5;14;20;1;1;2;1;1;804;124;8;2;8;3;1;1;9
7231;17412;5;0;20;1;1;1;1;1;312;13;7;1;1;15;1;4;9
7232;17413;5;9;20;1;1;2;1;1;312;16;6;1;2;3;4;1;9
7233;17414;5;15;20;1;1;2;1;1;312;20;6;1;3;15;3;4;36
7234;17419;5;12;5;1;1;2;1;1;310;7;6;1;8;13;8;10;9
7235;17420;5;21;20;1;1;1;1;1;3525;7;4;1;2;15;4;1;21
7236;17421;5;22;20;1;1;1;1;1;3506;9999;6;1;3;15;3;4;9
7238;17424;5;17;20;2;1;2;1;1;3512;9999;6;1;3;15;3;4;38
7240;17426;5;11;20;1;1;2;1;1;9999;86;7;1;3;15;5;1;9
7242;17428;5;10;29;1;4;2;1;1;9999;1920;6;1;8;18;9;1;9
7243;17429;5;19;8;1;1;1;1;1;1;1647;6;1;8;18;9;1;9
7244;17430;5;6;62;1;1;2;1;1;1;1509;8;1;8;18;9;1;31
7245;17432;5;12;62;1;1;2;1;1;1;1307;7;1;8;18;9;1;31
7247;17434;5;1;8;1;1;1;1;1;1;1625;6;1;8;18;9;1;36
7248;17435;5;16;8;1;1;2;1;1;1;1664;6;1;8;18;9;1;3
7249;17436;5;20;8;1;1;1;1;1;1402;1;6;1;8;18;9;1;82
7250;17437;5;12;8;1;1;2;1;1;1;1835;6;1;8;18;9;1;9
7251;17438;5;19;21;1;1;1;1;1;5;9;6;1;8;18;1;1;31
7252;17439;5;21;21;1;1;1;1;1;1;1551;9;1;8;18;1;1;36
7253;17440;5;8;62;1;1;2;1;1;1;1377;8;2;8;13;9;1;82
7254;17441;5;1;62;1;1;1;1;1;1;1392;8;1;8;13;1;1;36
7255;17442;5;17;62;1;1;2;1;1;1;1410;8;1;8;18;9;1;38
7256;17443;5;7;62;1;1;2;1;1;1;1355;8;1;8;18;2;1;9
7257;17444;5;22;62;1;1;1;1;1;1;1320;8;1;8;18;2;1;9
7258;17445;5;15;21;1;1;2;1;1;1;1528;2;1;8;18;9;1;9
7261;17448;5;2;11;1;1;1;1;1;206;60;6;1;4;15;9;1;9
7262;17449;5;12;43;1;1;2;1;1;2017;34;8;1;8;14;1;18;38
7263;17450;5;8;22;1;1;2;1;1;2006;15;8;1;1;15;1;4;3
7265;17452;5;14;48;1;1;2;1;1;2003;9999;3;1;8;14;1;16;21
7267;17454;5;21;11;1;1;1;1;1;206;48;7;1;2;15;4;1;9
7268;17455;5;1;57;1;1;1;1;1;803;153;7;2;2;15;1;1;31
7269;17456;5;22;22;1;1;1;1;1;212;8;6;1;8;18;7;11;50
7270;17457;5;16;48;1;1;2;1;1;803;278;12;2;8;3;3;1;9
7271;17458;5;13;22;1;1;2;1;1;2017;4;16;1;2;1;4;20;9
7272;17459;5;16;22;1;1;2;1;1;2009;2;9;1;2;1;4;20;9
7273;17461;5;23;43;1;1;1;1;1;2017;46;8;1;8;14;1;18;38
7274;17462;5;9;11;1;1;2;1;1;9;230;8;1;8;14;1;18;33
7275;17463;5;18;43;1;1;2;1;1;2017;41;8;1;8;18;9;18;42
7276;17465;5;21;22;1;1;1;1;1;7;135;16;1;1;15;1;4;92
7277;17467;5;21;48;1;1;1;1;1;8;193;8;1;8;18;9;10;9
7278;17468;5;21;48;1;1;1;1;1;8;106;7;1;7;15;3;4;21
7279;17471;5;19;57;1;1;1;1;1;8;297;9;1;8;18;1;11;21
7280;17472;5;20;11;1;1;1;1;1;2116;5;7;1;3;15;7;6;9
7281;17473;5;20;43;1;1;1;1;1;2010;13;7;1;1;15;1;18;31
7282;17475;5;14;11;1;1;2;1;1;2127;12;7;1;8;18;7;11;9
7283;17476;5;22;43;1;1;1;1;1;2017;34;8;1;1;15;1;18;9
7284;17477;5;21;48;1;1;1;1;1;2026;9999;7;1;8;18;7;11;9
7285;17478;5;1;22;1;1;1;1;1;8;236;10;1;8;18;7;11;9
7286;17482;5;9;43;1;1;2;1;1;9;267;8;1;2;15;4;18;9
7287;17483;5;11;43;1;1;2;1;1;9;266;8;1;8;14;1;18;53
7288;17484;5;1;48;1;1;1;1;1;8;193;8;1;8;18;9;11;9
7289;17486;5;21;43;1;1;1;1;1;2017;30;8;1;3;15;3;18;38
7290;17487;5;21;43;1;1;1;1;1;2009;55;7;1;1;15;1;18;3
7291;17488;5;12;43;1;1;2;1;1;2022;58;6;1;1;15;1;18;9
7293;17492;5;19;43;1;1;1;1;1;2017;40;8;1;1;15;1;18;38
7294;17493;5;19;43;1;1;1;1;1;2017;34;8;1;8;15;6;18;432
7295;17494;5;11;11;1;1;2;1;1;2125;12;7;1;2;15;4;1;21
7296;17496;5;12;11;1;1;2;1;1;208;33;7;1;8;14;7;16;82
7297;17497;5;4;11;1;1;1;1;1;8;302;7;1;8;14;7;16;341
7298;17498;5;18;11;1;1;2;1;1;2137;27;7;1;8;18;8;10;42
7299;17499;5;12;11;1;1;2;1;1;208;26;7;1;3;15;7;4;9
7300;17500;5;13;11;1;1;2;1;1;206;99;7;1;8;18;7;11;31
7301;17502;5;17;48;1;1;2;1;1;2001;9999;4;1;8;18;9;10;32
7302;17505;5;23;22;1;1;1;1;1;7;132;16;1;2;15;4;1;42
7303;17507;5;11;22;1;1;2;1;1;7;128;16;1;7;15;7;6;36
7304;17508;5;6;43;1;1;2;1;1;2017;35;8;1;3;15;3;18;31
7305;17510;5;13;43;1;1;2;1;1;9;280;8;1;8;14;1;18;9
7306;17511;5;9;43;1;1;2;1;1;9;268;8;1;2;15;4;18;48
7307;17512;5;15;11;1;1;2;1;1;9;214;8;1;8;18;9;18;3
7308;17513;5;12;43;1;1;2;1;1;2012;23;7;1;8;18;9;18;21
7309;17514;5;11;43;1;1;2;1;1;2010;53;11;1;8;14;1;16;21
7310;17515;5;15;43;1;1;2;1;1;9999;178;12;1;8;12;3;1;9
7311;17516;5;14;22;1;1;2;1;1;8;262;9;2;8;13;8;11;9
7312;17517;5;7;22;1;1;2;1;1;8;264;9;2;8;16;1;16;9
7313;17518;5;7;22;1;1;2;1;1;8;264;9;2;8;13;7;11;31
7314;17521;5;13;22;1;1;2;1;1;2017;7;16;1;7;15;7;9;46
7315;17523;5;23;43;1;1;1;1;1;2009;8;9;1;1;15;1;4;42
7317;17526;5;22;22;1;1;1;1;1;8;241;10;1;8;14;1;16;391
7318;17527;5;9;22;1;1;2;1;1;212;5;6;1;7;15;7;8;9
7319;17529;5;6;48;1;1;2;1;1;803;307;12;2;8;18;9;11;9
7320;17530;5;3;22;1;1;1;1;1;212;25;7;1;7;15;8;20;33
7321;17531;5;12;22;1;1;2;1;1;7;100;8;1;8;13;7;11;9
7322;17533;5;14;22;1;1;2;1;1;8;224;7;1;3;15;6;1;3
7323;17534;5;12;22;1;1;2;1;1;8;224;7;1;8;14;1;16;50
7324;17537;5;10;22;1;1;2;1;1;9;232;8;1;8;13;7;11;36
7325;17538;5;22;22;1;1;1;1;1;9;236;5;2;1;15;1;4;9
7326;17539;5;1;22;2;1;1;1;1;2008;9999;1;1;1;15;1;4;32
7327;17540;5;19;22;1;1;1;1;1;212;22;7;1;8;14;1;16;9
7328;17543;5;22;22;1;1;1;1;1;8;229;10;1;8;18;5;11;9
7329;17545;5;18;22;1;1;2;1;1;8;242;10;1;7;15;1;1;21
7330;17549;5;16;22;1;1;2;1;1;2008;9999;8;1;2;15;1;1;9
7331;17550;5;23;22;1;1;1;1;1;8;234;10;1;7;15;7;8;33
7333;17553;5;12;22;1;1;2;1;1;8;242;10;1;2;15;1;1;459
7334;17555;5;17;22;1;1;2;1;1;8;240;10;1;2;15;1;1;31
7335;17556;5;1;22;1;1;1;1;1;8;230;10;1;7;15;7;8;21
7336;17557;5;12;22;1;1;2;1;1;8;233;10;1;2;15;1;1;9
7337;17559;5;11;22;1;1;2;1;1;8;241;10;1;2;15;1;1;82
7338;17560;5;9;22;1;1;2;1;1;8;236;10;1;7;15;8;1;32
7339;17563;5;6;48;1;1;2;1;1;803;256;12;2;8;18;9;1;31
7340;17564;5;17;48;1;1;2;1;1;8;87;8;1;8;18;9;10;9
7341;17565;5;12;48;1;1;2;1;1;212;45;6;1;8;13;1;1;3
7342;17566;5;21;48;1;1;1;1;1;212;91;6;1;8;14;1;1;9
7343;17569;5;7;11;1;1;2;1;1;206;64;6;1;8;13;9;1;9
7344;17571;5;15;48;1;1;2;1;1;214;9999;6;1;8;18;9;11;9
7345;17572;5;5;48;1;1;1;1;1;803;306;12;2;3;1;6;21;9
7346;17573;5;9;57;1;1;2;1;1;2118;20;6;1;8;18;1;11;33
7347;17574;5;3;11;1;1;1;1;1;9;230;7;1;8;18;1;18;38
7348;17575;5;8;57;1;1;2;1;1;2118;37;6;1;8;18;1;10;42
7349;17576;5;16;11;1;1;2;1;1;9;192;6;1;3;15;8;1;36
7350;17577;5;2;11;1;1;1;1;1;9;196;7;1;1;15;2;4;36
7352;17579;5;15;11;1;1;2;1;1;206;33;6;1;8;13;9;1;42
7353;17580;5;17;11;1;1;2;1;1;206;45;6;1;3;15;2;1;21
7354;17582;5;2;22;1;1;1;1;1;203;3;8;1;8;13;8;11;31
7355;17585;5;16;22;1;1;2;1;1;8;236;10;1;7;15;7;1;32