;NUM_ACC;MOIS_ACC;HEU_ACC;COD_PRV;COD_ETA_CHA;COD_ETA_SUR;COD_LUM;COD_INT;TYP_LIE_ACC;NUM_ROU;PKM;LAR_CHA;COD_TYP_CHA;COD_TYP_COL;COD_OBS_HRT;COD_POI_CHO;COD_MAN;CIR_ACC
7356;17587;5;14;22;1;1;2;1;1;2017;6;16;1;7;15;7;9;9
7357;17591;5;0;22;1;1;1;1;1;2017;5;16;1;7;15;8;8;36
7358;17592;5;22;22;1;1;1;1;1;2017;8;16;1;7;15;7;16;9
7362;17596;5;19;57;1;1;1;1;1;803;120;7;2;8;18;1;10;88
7363;17597;5;7;57;1;1;2;1;1;803;113;7;2;8;18;1;10;9
7364;17598;5;9;57;1;1;2;1;1;803;131;7;2;8;18;1;10;59
7365;17599;5;17;57;1;1;2;1;1;803;124;7;2;8;18;1;11;32
7366;17600;5;19;57;1;1;1;1;1;803;114;7;2;8;18;1;10;9
7367;17601;5;1;57;1;1;1;1;1;803;110;7;2;8;18;1;11;31
7368;17604;5;20;22;1;1;1;1;1;203;5;8;1;7;15;2;6;46
7369;17605;5;22;22;1;1;1;1;1;2017;12;16;1;8;14;1;16;436
7370;17606;5;20;22;1;1;1;1;1;2017;8;16;1;4;15;4;1;9
7371;17608;5;18;22;1;1;2;1;1;2017;11;16;1;2;15;4;1;9
7372;17609;5;10;22;1;1;2;1;1;2017;13;16;1;7;15;8;6;9
7373;17610;5;9;22;1;1;2;1;1;2009;5;9;1;8;13;7;11;9
7374;17612;5;11;22;1;1;2;1;1;2017;7;16;1;7;15;7;6;9
7375;17614;5;1;22;1;1;1;1;1;2009;6;9;1;8;13;7;11;9
7376;17616;5;22;22;1;1;1;1;1;8;265;9;2;4;15;1;16;46
7377;17618;5;7;22;1;1;2;1;1;803;233;7;1;8;18;9;18;31
7378;17619;5;8;22;1;1;2;1;1;803;203;7;1;8;18;9;18;31
7379;17620;5;18;48;1;1;2;1;1;803;336;7;1;3;15;3;1;9
7380;17621;5;9;48;1;1;2;1;1;803;329;7;1;3;15;3;1;9
7381;17622;5;6;48;1;1;2;1;1;803;336;7;1;2;15;4;1;9
7382;17628;5;17;22;1;1;2;1;1;9;261;8;1;8;18;2;18;9
7383;17629;5;10;22;1;1;2;1;1;9;256;8;1;8;14;1;18;9
7384;17630;5;14;22;1;1;2;1;1;2012;9999;8;1;2;15;1;1;9
7385;17632;5;10;22;1;1;2;1;1;2012;9999;8;1;1;15;1;4;99
7387;17638;5;14;22;1;1;2;1;1;2017;8;16;1;7;15;3;6;32
7388;17640;5;22;22;1;1;1;1;1;2017;7;16;1;7;15;2;1;9
7389;17642;5;13;22;1;1;2;1;1;2017;4;16;1;7;15;7;15;9
7390;17643;5;22;22;1;1;1;1;1;2017;8;16;1;2;15;4;1;9
7391;17644;5;12;22;1;1;2;1;1;2009;5;9;1;7;15;7;1;31
7392;17648;5;12;22;1;1;2;1;1;7;127;8;1;7;15;2;6;9
7393;17649;5;20;22;1;1;1;1;1;2009;1;9;1;7;15;3;9;9
7394;17651;5;19;22;1;1;1;1;1;2009;1;9;1;2;15;4;1;31
7395;17655;5;18;22;1;1;2;1;1;8;260;9;2;2;15;4;1;9
7396;17657;5;21;22;1;1;1;1;1;2019;2;6;1;8;18;9;18;9
7397;17659;5;12;43;1;1;2;1;1;2012;23;7;1;3;15;5;18;46
7398;17660;5;22;43;1;1;1;1;1;9999;175;8;1;3;15;4;1;9
7399;17661;5;21;43;1;1;1;1;1;9999;172;12;1;8;14;1;1;9
7400;17662;5;11;43;1;1;2;1;1;9999;178;12;1;8;14;2;16;31
7401;17663;5;15;43;1;1;2;1;1;9999;170;12;1;1;15;1;4;9
7402;17665;5;17;43;1;1;2;1;1;2009;7;7;1;3;15;3;18;9
7403;17666;5;21;43;1;1;1;1;1;2009;18;7;1;8;18;9;18;42
7404;17667;5;20;43;1;1;1;1;1;9999;178;8;1;2;15;4;1;53
7405;17668;5;13;43;1;1;2;1;1;9999;9999;6;1;7;15;8;8;86
7406;17669;5;14;43;1;1;2;1;1;2010;53;11;1;3;15;6;8;36
7407;17670;5;12;43;1;1;2;1;1;2019;9999;6;1;2;15;4;18;3
7408;17672;5;12;43;1;1;2;1;1;2019;10;6;1;8;14;1;18;36
7409;17673;5;0;22;1;1;1;1;1;2030;6;6;1;8;18;9;18;9
7410;17674;5;15;22;1;1;2;1;1;2017;5;8;1;3;15;2;18;9
7411;17676;5;1;11;1;1;1;1;1;2117;13;6;1;8;18;9;18;9
7412;17677;5;12;43;1;1;2;1;1;9;268;8;1;8;18;9;18;21
7413;17678;5;14;22;1;1;2;1;1;9;262;8;1;2;15;4;18;3
7414;17679;5;10;43;1;1;2;1;1;9;317;8;1;8;14;1;18;21
7415;17680;5;23;43;1;1;1;1;1;9;338;8;1;1;15;1;18;21
7416;17681;5;13;43;1;1;2;1;1;9;296;8;1;3;15;5;18;9
7417;17682;5;7;43;1;1;2;1;1;9;340;8;1;8;18;1;18;9
7418;17683;5;12;43;1;1;2;1;1;9;290;8;1;2;15;4;18;59
7419;17685;5;18;43;1;1;2;1;1;2017;41;8;1;8;18;9;18;36
7423;17689;5;21;57;1;1;1;1;1;803;125;7;2;2;15;1;1;9
7424;17690;5;17;22;1;1;2;1;1;7;134;16;1;8;14;1;16;9
7425;17691;5;12;22;1;1;2;1;1;7;133;16;1;7;15;7;16;33
7426;17692;5;12;57;1;1;2;1;1;803;178;7;2;2;15;1;1;9
7427;17693;5;23;11;1;1;1;1;1;9;230;7;1;2;15;1;1;9
7429;17697;5;11;22;1;1;2;1;1;7;128;16;1;7;15;7;6;9
7430;17698;5;21;22;1;1;1;1;1;7;129;16;1;7;15;7;1;9
7431;17699;5;12;22;1;1;2;1;1;7;130;16;1;8;13;7;11;9
7432;17701;5;5;22;1;1;1;1;1;7;134;16;1;2;15;4;1;9
7433;17702;5;20;22;1;1;1;1;1;7;131;16;1;2;15;4;1;33
7434;17705;5;19;22;1;1;1;1;1;7;136;16;1;2;15;4;1;9
7435;17707;5;12;22;1;1;2;1;1;7;136;16;1;7;15;5;9;9
7436;17708;5;1;22;1;1;1;1;1;7;133;16;1;8;13;7;10;9
7437;17709;5;12;22;1;1;2;1;1;9;236;5;1;1;15;1;4;9
7438;17711;5;10;22;1;1;2;1;1;9;236;8;2;7;15;7;11;9
7439;17712;5;3;48;1;1;1;1;1;8;197;8;1;8;18;9;11;9
7440;17713;5;22;48;1;1;1;1;1;9999;9999;5;1;3;15;8;4;9
7441;17714;5;17;48;1;1;2;1;1;212;79;6;1;8;14;1;16;9
7442;17715;5;11;48;1;1;2;1;1;2001;9999;4;1;1;15;1;2;9
7443;17717;5;15;48;1;1;2;1;1;8;112;8;1;8;18;8;10;9
7444;17718;5;19;48;1;1;1;1;1;2034;9999;5;1;1;15;1;4;9
7445;17719;5;19;48;1;1;1;1;1;803;257;12;2;8;18;9;10;86
7446;17720;5;13;43;1;1;2;1;1;9999;194;8;1;8;14;1;18;9
7448;17727;5;9;11;1;1;2;1;1;2123;7;7;1;8;14;7;16;9
7449;17728;5;8;11;1;1;2;1;1;8;360;7;1;8;18;7;11;9
7450;17731;5;10;11;1;1;2;1;1;8;352;7;1;2;15;4;1;9
7451;17733;5;20;11;1;1;1;1;1;2108;37;7;1;8;18;8;10;3
7452;17734;5;11;11;1;1;2;1;1;8;339;7;1;3;15;7;6;9
7453;17735;5;19;11;1;1;1;1;1;208;32;7;1;2;15;4;1;9
7454;17736;5;17;11;1;1;2;1;1;2116;16;7;1;8;18;8;10;9
7455;17738;5;21;11;1;1;1;1;1;208;26;7;1;4;15;4;1;9
7456;17739;5;2;57;1;1;1;1;1;803;114;7;2;8;18;1;11;9
7457;17740;5;17;43;1;1;2;1;1;2009;48;7;1;8;14;1;18;9
7458;17741;5;20;11;1;1;1;1;1;210;42;7;1;8;18;7;11;9
7459;17744;5;1;11;1;1;1;1;1;2116;14;7;1;1;15;8;4;31
7460;17746;5;19;11;1;1;1;1;1;8;301;7;1;2;15;4;1;9
7461;17748;5;3;11;1;1;1;1;1;8;308;7;1;8;18;7;11;9
7462;17749;5;12;11;1;1;2;1;1;8;301;7;1;2;15;4;1;9
7463;17750;5;10;11;1;1;2;1;1;8;323;7;1;2;15;4;1;31
7464;17751;5;13;11;1;1;2;1;1;8;303;7;1;2;15;4;1;31
7465;17752;5;12;11;1;1;2;1;1;8;307;7;1;2;15;4;1;9
7466;17753;5;21;11;1;1;1;1;1;2117;2;7;1;2;15;4;1;9
7467;17755;5;9;43;1;1;2;1;1;2009;7;7;1;2;15;4;18;21
7468;17757;5;1;22;1;1;1;1;1;2019;2;6;1;8;18;9;18;341
7469;17759;5;13;22;1;1;2;1;1;9;260;8;1;8;18;9;18;9
7470;17760;5;19;22;1;1;1;1;1;9;261;8;1;8;18;3;18;9
7471;17761;5;23;22;1;1;1;1;1;9;260;8;1;8;14;1;18;9
7472;17762;5;18;22;1;1;2;1;1;9;257;8;1;1;15;1;18;31
7473;17763;5;12;22;1;1;2;1;1;9;261;8;1;3;15;3;18;9
7475;17766;5;16;43;1;1;2;1;1;2017;38;8;1;8;15;1;18;32
7476;17767;5;15;43;1;1;2;1;1;2017;34;8;1;3;15;5;18;9
7477;17768;5;18;43;1;1;2;1;1;2017;41;8;1;3;15;3;18;3
7478;17769;5;12;43;1;1;2;1;1;2017;18;8;1;3;15;3;18;50
7479;17770;5;14;43;1;1;2;1;1;2017;31;8;1;8;14;1;18;53
7480;17771;5;12;43;1;1;2;1;1;2010;24;7;1;3;15;3;18;53
7481;17772;5;12;43;1;1;2;1;1;2017;32;8;1;3;15;3;18;9
7483;17787;5;12;43;1;1;2;1;1;2017;45;8;1;8;14;1;18;9
7484;17789;5;14;11;1;1;2;1;1;8;340;7;1;1;15;1;4;21
7485;17790;5;8;11;1;1;2;1;1;8;339;7;1;3;15;7;6;9
7486;17791;5;23;11;1;1;1;1;1;8;341;7;1;3;15;7;6;48
7487;17792;5;20;11;1;1;1;1;1;8;341;7;1;3;15;7;6;46
7488;17793;5;18;11;1;1;2;1;1;8;328;7;1;2;15;4;1;9
7489;17794;5;15;11;1;1;2;1;1;2115;4;7;1;4;15;4;1;9
7490;17795;5;5;11;1;1;1;1;1;2115;10;7;1;2;15;4;1;21
7491;17796;5;23;11;1;1;1;1;1;2115;34;7;1;2;15;4;1;9
7492;17797;5;18;11;1;1;2;1;1;2125;26;7;1;3;15;7;6;9
7493;17798;5;11;11;1;1;2;1;1;2125;16;7;1;2;15;4;1;32
7494;17799;5;12;43;1;1;2;1;1;2017;17;8;1;8;14;1;18;82
7495;17800;5;19;43;1;1;1;1;1;2017;35;8;1;8;14;1;18;32
7496;17801;5;12;43;1;1;2;1;1;2009;48;7;1;7;14;1;16;31
7497;17803;5;8;43;1;1;2;1;1;2017;33;8;1;2;15;4;18;9
7498;17804;5;9;22;1;1;2;1;1;7;137;16;1;7;15;8;14;9
7499;17805;5;19;22;1;1;1;1;1;7;132;16;1;7;15;2;8;9
7500;17806;5;10;48;1;1;2;1;1;8;175;9;1;2;15;1;1;9
7501;17807;5;20;43;1;1;1;1;1;2017;21;8;1;3;15;5;18;3
7502;17808;5;9;23;1;1;2;1;1;6;142;8;1;7;7;9;10;46
7503;17809;5;9;23;1;1;2;1;1;802;110;9;2;2;15;6;20;9
7504;17810;5;12;23;2;1;2;1;1;7030;9999;6;1;2;15;8;1;31
7505;17811;5;21;23;1;1;1;1;1;13;240;8;1;3;15;7;6;9
7506;17812;5;6;23;1;1;2;1;1;13;205;8;1;1;15;1;4;9
7509;17816;5;18;23;1;1;2;1;1;6;175;8;1;8;14;1;18;9
7510;17818;5;18;23;1;1;2;1;1;802;147;9;2;7;2;9;11;71
7511;17819;5;6;23;1;1;2;1;1;802;157;9;2;8;18;9;11;3
7512;17820;5;10;23;1;1;2;1;1;802;164;9;2;3;18;9;10;9
7513;17821;5;16;23;1;1;2;1;1;802;157;9;2;2;15;4;1;31
7514;17822;5;3;23;1;1;1;1;1;802;162;9;2;8;18;9;10;9
7515;17823;5;9;23;1;1;2;1;1;802;134;9;2;8;18;9;11;38
7516;17824;5;17;23;1;1;2;1;1;4;126;8;1;8;10;9;11;46
7517;17825;5;8;23;1;1;2;1;1;802;145;9;2;7;2;9;10;9
7518;17826;5;9;23;1;1;2;1;1;802;153;9;2;8;18;9;11;9
7519;17827;5;12;23;1;1;2;1;1;7069;5;7;1;1;15;8;4;9
7520;17830;5;12;23;1;1;2;1;1;4;112;8;1;3;15;7;6;9
7521;17831;5;11;23;1;1;2;1;1;4;122;8;1;8;18;9;11;9
7522;17832;5;17;23;1;1;2;1;1;7062;4;7;1;1;15;8;4;9
7523;17833;5;15;23;1;1;2;1;1;7062;3;7;1;8;14;1;16;31
7524;17834;5;23;23;1;1;1;1;1;13;232;8;2;1;15;1;4;9
7525;17835;5;17;23;1;1;2;1;1;802;131;9;2;7;2;9;11;31
7526;17836;5;16;23;1;1;2;1;1;802;165;9;2;8;18;9;11;9
7527;17838;5;16;23;1;1;2;1;1;13;241;9;1;2;15;8;1;9
7528;17839;5;16;23;1;1;2;1;1;7058;3;7;1;2;15;8;17;9
7529;17841;5;8;23;1;1;2;1;1;7062;2;7;1;3;15;7;4;21
7530;17842;5;16;23;1;1;2;1;1;7006;9999;7;1;8;18;9;11;31
7531;17843;5;18;23;1;1;2;1;1;413;97;8;1;8;18;9;11;9
7536;17850;5;12;23;1;1;2;1;1;802;102;8;2;7;2;9;11;400
7537;17851;5;17;23;1;1;2;1;1;802;112;9;2;8;18;9;11;31
7538;17852;5;18;23;1;1;2;1;1;802;101;8;2;2;15;6;1;341
7539;17853;5;15;23;1;1;2;1;1;802;116;9;2;2;15;8;1;3
7552;17877;5;4;39;1;1;1;1;1;13;281;1;1;7;15;2;18;9
7553;17878;5;9;39;1;1;2;1;1;13;274;7;1;8;18;8;18;31
7554;17879;5;17;39;1;1;2;1;1;8;647;7;1;8;15;7;1;9
7555;17881;5;18;39;1;1;2;1;1;7209;1;7;1;8;18;9;18;9
7558;17888;5;9;23;1;1;2;1;1;7017;1;8;1;1;15;8;4;9
7559;17889;5;23;23;1;1;1;1;1;7017;0;8;1;3;15;8;6;3
7560;17890;5;17;23;1;1;2;1;1;7017;1;8;1;3;15;8;6;9
7561;17891;5;9;23;1;1;2;1;1;7004;9999;7;1;1;15;1;4;31
7562;17892;5;22;23;1;1;1;1;1;13;205;8;1;8;18;9;11;9
7563;17893;5;11;23;1;1;2;1;1;6;127;8;1;1;15;8;4;9
7567;17897;5;18;23;1;1;2;1;1;13;241;9;1;3;15;8;6;21
7568;17898;5;18;23;1;1;2;1;1;7058;0;7;1;2;15;4;1;71
7569;17899;5;5;24;2;1;1;1;1;610;105;6;1;8;13;9;10;21
7570;17900;5;17;24;1;1;2;1;1;16;391;8;1;2;15;4;1;21
7571;17903;5;20;55;1;1;1;1;1;505;97;6;1;7;14;7;16;21
7572;17905;5;22;3;1;1;1;1;1;610;1;6;1;7;18;7;1;33
7573;17906;5;17;34;1;1;2;1;1;505;96;6;1;7;18;7;1;32
7574;17907;5;18;55;1;1;2;1;1;2;363;6;1;8;18;7;1;31
7575;17919;5;21;24;1;1;1;1;1;16;428;6;1;1;15;1;4;9
7576;17922;5;19;24;1;1;1;1;1;16;465;7;2;1;15;1;2;9
7577;17923;5;11;24;1;1;2;1;1;16;470;17;1;2;15;1;1;21
7578;17924;5;18;24;1;1;2;1;1;612;9999;6;2;8;18;1;1;31
7579;17925;5;12;24;1;1;2;1;1;6204;30;5;1;8;13;8;10;31
7580;17926;5;20;24;1;1;1;1;1;2;477;6;1;3;15;3;6;21
7581;17928;5;20;24;1;1;1;1;1;19;40;7;1;3;15;1;19;31
7582;17931;5;13;24;1;1;2;1;1;6209;1;6;1;8;14;1;16;48
7583;17934;5;12;24;1;1;2;1;1;19;20;7;1;8;13;1;11;46
7584;17935;5;12;24;1;1;2;1;1;6209;10;6;1;8;13;1;11;9
7585;17936;5;10;24;1;1;2;1;1;16;381;8;1;5;15;4;1;9
7586;17937;5;7;24;1;1;2;1;1;6209;23;6;1;8;13;2;11;9
7587;17938;5;20;24;1;1;1;1;1;6209;17;6;1;8;13;9;11;33
7588;17939;5;15;24;1;1;2;1;1;16;412;7;1;4;15;6;1;9
7589;17940;5;17;24;1;1;2;1;1;16;414;7;1;4;15;9;1;9
7590;17941;5;11;24;1;1;2;1;1;16;413;7;1;2;15;4;1;9
7591;17942;5;11;24;1;1;2;1;1;16;386;7;1;1;15;1;4;9
7592;17943;5;16;3;1;1;2;1;1;610;1;6;1;1;15;1;4;9
7593;17944;5;19;24;1;1;1;1;1;610;120;6;1;8;13;1;10;9
7594;17945;5;13;25;1;1;2;1;1;1507;2;8;1;8;13;9;1;32
7596;17947;5;15;25;1;1;2;1;1;10;358;9;1;8;13;9;1;9
7597;17948;5;15;46;1;1;2;1;1;9;641;11;1;7;18;1;1;9
7598;17951;5;8;63;1;1;2;1;1;10;423;6;1;8;13;9;11;3
7599;17952;5;12;63;1;1;2;1;1;113;44;5;1;3;15;8;1;9
7600;17953;5;18;63;1;1;2;1;1;12;9999;6;1;8;18;7;11;46
7601;17954;5;14;25;1;1;2;1;1;9;414;6;1;3;15;8;6;46
7602;17955;5;20;25;1;1;1;1;1;9;418;6;1;8;4;9;11;42
7603;17956;5;7;25;1;1;2;1;1;1507;2;7;1;8;13;7;1;9
7604;17957;5;6;25;1;1;2;1;1;1502;9999;7;1;8;13;7;1;9
7605;17958;5;17;25;1;1;2;1;1;10;384;8;1;8;14;1;1;9
7606;17959;5;11;25;1;1;2;1;1;10;260;9;1;8;13;7;1;9
7607;17960;5;2;25;1;1;1;1;1;108;6;7;1;8;13;8;1;9
7608;17961;5;16;25;1;1;2;1;1;1506;65;6;1;8;14;1;18;46
7609;17962;5;20;25;1;1;1;1;1;1507;9999;8;1;8;13;7;1;32
7612;17965;5;15;63;1;1;2;1;1;703;71;6;1;1;15;1;4;21
7616;17970;5;17;63;1;1;2;1;1;1521;9999;6;1;2;15;4;1;21
7618;17973;5;23;63;1;1;1;1;1;10;450;6;1;7;5;1;18;3
7619;17974;5;9;63;1;1;2;1;1;10;423;6;1;3;15;7;1;31
7620;17975;5;13;25;2;1;2;1;1;1502;12;5;1;3;15;7;6;3
7621;17976;5;12;63;1;1;2;1;1;10;435;6;1;7;15;7;4;9
7622;17977;5;9;63;1;1;2;1;1;10;441;6;1;1;15;1;4;21
7623;17978;5;14;25;1;1;2;1;1;1502;8;5;1;1;15;2;4;9
7624;17979;5;14;63;1;1;2;1;1;10;424;6;1;1;15;1;4;3
7626;17981;5;21;46;1;1;1;1;1;9;608;11;1;7;18;1;16;82
7627;17982;5;19;46;1;1;1;1;1;9;614;11;1;8;14;1;1;3
7628;17983;5;22;46;1;1;1;1;1;9;605;11;1;8;18;9;1;33
7629;17984;5;12;46;1;1;2;1;1;9;616;11;1;8;14;1;1;9
7630;17985;5;18;46;1;1;2;1;1;9;632;11;1;8;18;9;1;9
7631;17986;5;20;46;1;1;1;1;1;9;670;6;1;3;15;8;12;9
7632;17987;5;10;46;1;1;2;1;1;9;505;6;1;3;15;6;8;31
7633;17988;5;17;46;1;1;2;1;1;9;516;6;1;3;15;2;21;9
7635;17991;5;13;46;1;1;2;1;1;9;505;6;1;3;15;7;21;9
7636;17992;5;19;46;1;1;1;1;1;9;505;6;1;3;15;2;21;9
7639;17996;5;15;25;1;2;2;2;1;1506;19;6;1;3;15;5;1;9
7640;17997;5;0;25;1;1;1;1;1;9;420;6;1;8;10;3;10;9
7641;17998;5;11;25;1;1;2;1;1;1506;57;6;1;1;15;1;2;82
7642;17999;5;0;25;1;1;1;1;1;9;399;6;1;2;1;4;21;9
7643;18000;5;18;25;1;1;2;1;1;111;20;7;1;1;15;1;1;31
7644;18001;5;20;25;1;1;1;1;1;10;367;9;1;8;13;7;1;9
7645;18002;5;9;25;1;1;2;1;1;10;384;9;1;7;15;7;1;9
7646;18003;5;11;25;1;1;2;1;1;10;407;9;1;7;15;1;1;21
7647;18004;5;16;25;1;1;2;1;1;10;372;9;1;7;15;7;1;59
7648;18005;5;20;25;1;1;1;1;1;9;444;9;1;8;13;7;1;3
7649;18006;5;14;46;1;1;2;1;1;9999;9999;7;1;8;15;5;1;36
7650;18008;5;10;46;1;1;2;1;1;1519;9999;4;1;1;15;3;2;3
7651;18010;5;10;25;2;1;2;1;1;1502;9999;7;1;7;15;1;1;21
7652;18011;5;14;25;2;1;2;1;1;1502;9999;7;1;8;14;1;1;21
7653;18012;5;13;25;2;1;2;1;1;1502;9999;6;1;8;14;6;1;3
7654;18013;5;9;25;2;1;2;1;1;9;371;8;1;8;13;7;1;21
7655;18014;5;18;25;2;1;2;1;1;1510;9999;8;1;7;14;1;1;71
7656;18016;5;18;25;1;1;2;1;1;1516;9999;8;1;7;15;1;1;21
7657;18017;5;6;67;1;1;2;1;1;17;73;7;1;8;13;9;10;82
7658;18019;5;23;56;1;1;1;1;1;15;101;6;1;8;18;9;10;32
7659;18021;5;6;26;1;1;2;1;1;2;556;7;2;8;14;1;16;9
7660;18022;5;2;56;1;1;1;1;1;6;334;7;1;8;13;1;10;48
7661;18023;5;21;26;1;1;1;1;1;6034;9999;6;1;8;14;1;16;9
7662;18024;5;13;47;1;1;2;1;1;6012;3;5;1;3;15;8;12;3
7663;18025;5;1;26;1;1;1;1;1;6034;9999;6;1;8;13;8;11;38
7664;18026;5;19;56;1;1;1;1;1;15;53;6;1;8;14;1;16;33
7665;18027;5;17;26;1;1;2;1;1;2;561;7;2;8;13;8;11;32
7666;18031;5;18;47;1;1;2;1;1;6008;9999;6;1;8;15;1;1;9
7667;18032;5;8;47;1;1;2;1;1;6006;9999;6;1;8;15;7;8;9
7668;18034;5;20;26;1;1;1;1;1;6036;42;5;1;8;13;9;18;21
7669;18037;5;21;47;1;1;1;1;1;612;22;7;1;7;15;8;6;71
7670;18038;5;1;47;1;1;1;1;1;6012;9999;7;1;8;13;8;10;53
7671;18039;5;18;47;1;2;2;2;1;6012;9999;7;1;8;13;9;11;21
7672;18042;5;14;47;1;1;2;1;1;6000;14;7;2;8;13;9;11;9
7673;18044;5;17;47;1;1;2;1;1;2;536;7;2;2;15;4;1;9
7674;18045;5;18;47;1;1;2;1;1;2;536;7;2;8;18;1;16;33
7676;18047;5;9;47;1;1;2;1;1;6015;9999;6;1;7;15;8;12;3
7677;18048;5;22;26;1;1;1;1;1;17;3;7;2;2;15;4;1;9
7678;18049;5;11;26;1;1;2;1;1;6013;1;5;1;3;15;4;1;341
7679;18052;5;7;26;1;1;2;1;1;6;504;9;1;8;13;7;13;341
7680;18053;5;16;56;1;1;2;1;1;15;124;6;1;8;13;9;10;3
7681;18054;5;22;47;1;1;1;1;1;6006;0;6;1;7;15;4;1;9
7682;18055;5;19;67;1;1;1;1;1;17;41;9;1;8;13;8;11;3
7683;18056;5;17;67;1;1;2;1;1;6048;41;6;1;8;13;5;10;9
7684;18057;5;9;67;1;1;2;1;1;17;35;7;1;8;14;1;16;36
7685;18058;5;17;67;1;1;2;1;1;6021;50;7;1;8;10;8;11;21
7686;18060;5;1;26;1;1;1;1;1;2;543;6;2;8;13;8;11;9
7687;18061;5;16;47;1;1;2;1;1;2;531;6;1;7;15;8;6;9
7688;18062;5;19;26;1;1;1;1;1;2;548;6;2;8;14;1;16;42
7689;18063;5;11;26;1;1;2;1;1;2;553;19;1;7;14;4;1;36
7690;18064;5;9;26;1;1;2;1;1;2;553;18;1;8;14;1;16;21
7691;18065;5;14;26;1;1;2;1;1;2;567;7;2;2;15;4;1;3
7692;18066;5;9;26;1;1;2;1;1;6;513;7;1;2;15;4;1;9
7693;18068;5;13;56;1;1;2;1;1;5430;20;5;1;8;13;7;11;38
7694;18069;5;11;56;1;1;2;1;1;6;359;7;1;2;12;1;1;9
7695;18071;5;15;56;1;1;2;1;1;802;354;7;1;7;2;1;11;9
7696;18072;5;19;56;1;1;1;1;1;802;340;7;1;2;15;6;1;33
7697;18073;5;20;56;1;1;1;1;1;15;80;6;1;8;13;9;10;38
7698;18075;5;16;49;1;1;2;1;1;19;173;5;1;8;6;1;11;31
7699;18078;5;18;47;1;1;2;1;1;607;5;7;2;8;13;7;11;9
7701;18082;5;16;60;1;1;2;1;1;805;251;7;2;8;13;9;1;21
7702;18083;5;5;73;1;1;1;1;1;322;70;17;2;3;15;8;1;3
7703;18085;5;5;60;1;1;1;1;1;805;263;7;2;3;1;8;1;32
7705;18089;5;12;73;1;1;2;1;1;1;295;8;1;1;15;1;4;9
7706;18091;5;12;73;1;1;2;1;1;403;18;7;1;8;14;2;1;21
7707;18093;5;18;73;1;1;2;1;1;401;19;6;1;8;15;3;1;21
7708;18102;5;9;73;1;1;2;1;1;4022;9999;7;1;2;15;4;1;71
7709;18105;5;21;73;1;1;1;1;1;4032;9999;7;1;3;18;3;1;38
7710;18106;5;15;73;1;1;2;1;1;4032;9999;7;1;1;15;3;4;21
7711;18107;5;11;73;1;1;2;1;1;401;12;16;1;3;15;7;2;82
7712;18108;5;18;73;1;1;2;1;1;401;12;16;1;3;15;7;1;9
7713;18109;5;8;73;1;1;2;1;1;401;11;16;1;8;14;2;1;9
7714;18110;5;11;73;1;1;2;1;1;4025;9999;6;1;8;18;2;1;9
7715;18111;5;12;73;1;1;2;1;1;401;10;16;1;8;14;1;1;21
7716;18112;5;0;73;1;1;1;1;1;4026;9999;5;1;3;15;6;1;3
7717;18113;5;11;73;1;1;2;1;1;401;9;16;1;8;18;2;2;33
7718;18114;5;21;73;1;1;1;1;1;403;9999;7;1;2;15;3;1;82
7719;18115;5;14;73;1;1;2;1;1;4036;4;6;1;8;18;2;1;21
7720;18117;5;21;73;1;1;1;1;1;4036;0;7;1;3;15;2;1;21
7721;18118;5;20;73;1;1;1;1;1;4036;2;6;1;8;15;7;1;9
7722;18119;5;22;73;1;1;1;1;1;4036;9999;6;1;8;14;2;1;439
7723;18120;5;0;73;1;1;1;1;1;4026;9999;6;1;3;15;2;1;21
7724;18123;5;12;73;1;1;2;1;1;4026;9999;6;1;3;15;2;1;71
7725;18124;5;3;73;1;1;1;1;1;403;9;7;1;3;15;3;1;21
7726;18125;5;13;73;1;1;2;1;1;403;9;7;1;8;14;3;1;21
7727;18127;5;20;73;1;1;1;1;1;1;297;15;1;7;15;7;18;3
7729;18129;5;12;73;1;1;2;1;1;1;297;15;1;2;15;4;1;21
7731;18131;5;19;73;1;1;1;1;1;1;293;8;1;7;15;7;18;9
7732;18132;5;18;73;1;1;2;1;1;1;296;8;1;7;15;7;18;9
7733;18133;5;20;73;1;1;1;1;1;1;295;8;1;7;15;7;18;21
7734;18134;5;22;73;1;1;1;1;1;1;297;15;1;7;15;7;18;9
7736;18136;5;15;60;1;1;2;1;1;805;280;7;1;2;15;4;1;9
7737;18137;5;5;60;1;1;1;1;1;805;294;7;1;2;15;1;1;33
7738;18138;5;16;60;1;1;2;1;1;805;300;7;1;2;15;4;1;32
7739;18139;5;22;60;1;1;1;1;1;805;294;7;1;8;18;9;10;21
7740;18152;5;15;73;1;1;2;1;1;401;25;8;1;8;15;2;1;59
7742;18158;5;0;73;1;1;1;1;1;1;300;16;1;3;15;8;4;409
7746;18162;5;18;16;1;1;2;1;1;1;200;16;1;2;15;4;1;3
7747;18163;5;8;73;1;1;2;1;1;1;301;16;1;2;15;4;1;9
7749;18165;5;14;73;1;1;2;1;1;1;300;16;1;2;15;4;1;21
7750;18167;5;16;73;1;1;2;1;1;4030;9999;7;1;1;15;1;4;9
7751;18175;5;17;74;1;1;2;1;1;407;1;60;1;3;15;7;1;9