;NUM_ACC;MOIS_ACC;HEU_ACC;COD_PRV;COD_ETA_CHA;COD_ETA_SUR;COD_LUM;COD_INT;TYP_LIE_ACC;NUM_ROU;PKM;LAR_CHA;COD_TYP_CHA;COD_TYP_COL;COD_OBS_HRT;COD_POI_CHO;COD_MAN;CIR_ACC
9665;21972;6;16;54;1;1;2;1;1;318;72;7;1;7;15;3;1;37
9666;21973;6;1;54;1;1;1;1;1;3005;9999;7;1;8;18;2;1;45
9667;21975;6;14;54;1;1;2;1;1;3603;9999;7;1;1;15;1;4;40
9668;21976;6;18;54;1;1;2;1;1;3607;9999;7;1;8;13;9;11;40
9669;21977;6;18;54;1;1;2;1;1;320;29;14;2;2;15;4;1;43
9670;21978;6;14;54;1;1;2;1;1;320;27;14;2;8;14;7;16;9
9671;21979;6;18;54;1;1;2;1;1;320;29;14;2;8;14;8;16;9
9672;21982;6;21;54;1;1;1;1;1;320;28;14;2;2;15;4;1;9
9673;21986;6;23;54;1;1;1;1;1;320;29;14;2;8;14;8;16;36
9674;21987;6;16;51;1;1;2;1;1;322;26;14;2;3;15;8;6;40
9675;21989;6;11;54;1;1;2;1;1;3627;24;6;1;2;15;1;1;40
9676;21990;6;17;54;1;1;2;1;1;3625;9999;7;1;2;15;4;1;36
9677;21993;6;13;54;1;1;2;1;1;3602;9999;7;1;8;14;8;16;9
9678;21994;6;14;54;1;1;2;1;1;3625;9999;7;1;8;14;8;16;44
9679;21995;6;22;54;1;1;1;1;1;3625;9999;7;1;2;15;4;1;40
9680;21999;6;6;6;1;1;2;1;1;305;53;6;1;2;15;4;1;40
9681;22000;6;14;6;1;1;2;1;1;3326;6;6;1;4;15;4;1;40
9682;22001;6;14;6;1;1;2;1;1;3305;12;6;1;3;15;7;4;43
9683;22009;6;16;6;1;1;2;1;1;3305;6;6;1;3;15;7;4;88
9684;22010;6;20;51;1;1;1;1;1;3313;9;6;1;3;15;1;1;40
9685;22011;6;13;6;1;1;2;1;1;305;26;6;1;7;15;2;1;40
9686;22012;6;19;6;1;1;1;1;1;313;14;7;2;3;15;2;8;9
9687;22013;6;17;6;1;1;2;1;1;3340;9999;5;1;8;13;1;11;9
9688;22014;6;18;6;1;1;2;1;1;305;67;6;1;8;14;1;16;88
9689;22015;6;12;6;1;1;2;1;1;305;68;6;1;8;13;1;10;40
9690;22016;6;0;6;1;1;1;1;1;3321;17;6;1;8;13;1;10;88
9691;22018;6;11;28;1;1;2;1;1;3634;9999;7;1;2;15;4;1;9
9692;22021;6;13;28;2;1;2;1;1;3622;9999;6;1;8;14;1;16;40
9693;22023;6;5;28;2;1;1;1;1;3626;9999;6;1;7;15;8;2;9
9694;22024;6;6;6;1;1;2;1;1;1;331;7;1;8;13;9;11;9
9695;22025;6;21;6;1;1;1;1;1;1;318;7;1;8;13;3;10;489
9696;22026;6;16;6;1;1;2;1;1;305;3;7;1;8;13;9;11;40
9697;22027;6;14;6;1;1;2;1;1;313;12;7;1;2;15;4;1;9
9699;22030;6;13;28;1;1;2;1;1;316;9999;7;1;8;14;1;16;3
9700;22031;6;17;28;1;1;2;1;1;316;143;7;1;7;15;8;2;45
9701;22032;6;19;28;2;1;1;1;1;9999;9999;6;1;8;13;9;10;21
9702;22034;6;11;28;1;1;2;1;1;803;44;8;2;8;13;9;5;21
9703;22035;6;10;28;1;1;2;1;1;803;46;8;2;7;15;6;17;88
9704;22036;6;12;28;1;1;2;1;1;803;104;8;2;8;2;7;11;9
9705;22037;6;22;73;1;1;1;1;1;1;302;7;1;1;15;1;4;9
9706;22038;6;4;6;1;1;1;1;1;1;325;7;1;1;15;1;10;45
9707;22039;6;17;6;1;1;2;1;1;3323;1;7;1;1;15;1;4;341
9708;22040;6;11;6;1;1;2;1;1;3326;5;6;1;2;15;4;1;93
9709;22041;6;16;28;1;1;2;1;1;9;100;8;1;8;13;9;10;9
9710;22043;6;7;28;2;1;2;1;1;3618;9999;6;1;2;15;4;1;88
9711;22044;6;22;6;1;1;1;1;1;404;110;7;1;3;15;8;1;90
9712;22045;6;10;6;1;1;2;1;1;404;132;7;1;3;15;3;4;186
9713;22046;6;12;6;1;1;2;1;1;404;130;7;1;3;15;8;4;9
9714;22047;6;8;6;1;1;2;1;1;404;127;7;1;3;15;8;8;82
9715;22048;6;8;6;1;1;2;1;1;3315;9999;5;1;3;15;8;6;32
9716;22049;6;13;6;1;1;2;1;1;3312;9999;5;1;8;14;1;16;37
9717;22050;6;8;6;1;1;2;1;1;3335;9999;4;1;8;14;1;16;40
9718;22051;6;21;6;1;1;1;1;1;404;136;7;1;3;15;8;1;9
9719;22052;6;16;6;1;1;2;1;1;3321;9999;6;1;2;15;4;1;9
9721;22054;6;8;6;1;1;2;1;1;404;133;7;1;2;15;4;1;21
9722;22057;6;17;28;1;1;2;1;1;11;65;8;1;7;15;1;16;9
9723;22058;6;11;28;1;1;2;1;1;316;150;7;1;8;13;3;11;9
9724;22059;6;5;28;1;1;1;1;1;11;62;8;1;8;15;6;14;9
9726;22062;6;20;6;1;1;1;1;1;322;28;8;1;3;15;8;1;21
9727;22064;6;19;6;1;1;1;1;1;322;28;8;1;1;15;1;2;9
9728;22065;6;13;6;1;1;2;1;1;322;27;6;1;3;15;8;14;21
9729;22066;6;16;6;1;1;2;1;1;322;28;8;1;3;15;8;2;9
9730;22067;6;13;6;1;1;2;1;1;322;30;8;1;2;15;4;1;50
9731;22068;6;20;6;1;1;1;1;1;3304;9999;6;1;1;15;1;2;32
9732;22069;6;12;6;1;1;2;1;1;3308;1;6;1;3;15;7;1;9
9733;22071;6;19;6;1;1;1;2;1;322;28;5;1;3;15;8;2;21
9734;22073;6;12;6;1;1;2;1;1;801;34;11;2;3;15;6;1;30
9735;22074;6;15;6;1;1;2;1;1;322;49;8;1;3;15;2;4;32
9736;22075;6;17;28;2;1;2;1;1;3606;36;7;1;8;13;2;11;49
9738;22077;6;9;28;1;1;2;1;1;316;9999;7;1;8;13;9;11;9
9739;22079;6;8;28;1;1;2;1;1;308;26;7;1;2;15;4;1;30
9740;22081;6;14;28;1;1;2;1;1;308;23;7;1;3;15;8;8;9
9741;22082;6;13;28;2;1;2;1;1;3618;9999;6;1;1;15;1;2;30
9742;22083;6;15;28;2;1;2;1;1;3503;9999;6;1;7;15;1;11;36
9743;22084;6;18;28;2;1;2;1;1;3503;9999;6;1;7;15;1;16;30
9744;22085;6;12;28;1;1;2;1;1;308;76;7;1;1;15;1;2;9
9745;22087;6;11;28;2;1;2;1;1;3630;9999;6;1;8;13;7;11;9
9746;22088;6;5;17;1;1;1;1;1;4232;68;4;1;8;18;9;1;44
9747;22089;6;18;61;2;1;2;1;1;4221;9999;6;1;8;13;9;11;9
9748;22091;6;18;17;1;1;2;1;1;4234;40;6;1;7;14;2;16;9
9749;22093;6;12;17;1;1;2;1;1;13;177;5;1;7;14;1;16;9
9750;22094;6;18;17;1;1;2;1;1;411;20;6;1;3;15;8;4;9
9751;22095;6;23;17;1;1;1;1;1;411;3;7;1;2;15;4;1;9
9752;22096;6;11;61;1;1;2;1;1;4246;9999;7;1;2;15;4;1;9
9753;22097;6;13;61;2;1;2;1;1;4252;9999;9;1;8;13;8;11;36
9754;22098;6;19;61;1;1;1;1;1;411;30;6;1;7;14;8;16;9
9755;22099;6;8;61;1;1;2;1;1;411;38;6;1;8;13;9;11;9
9756;22100;6;20;17;2;1;1;2;1;4252;9999;6;1;8;13;9;10;9
9757;22101;6;11;61;1;1;2;1;1;409;1;6;1;2;15;4;1;3
9758;22102;6;12;61;1;1;2;1;1;409;32;6;1;3;15;8;4;9
9759;22104;6;20;61;1;1;1;1;1;4260;21;3;1;8;13;9;11;40
9760;22105;6;12;61;1;1;2;1;1;4235;4;7;1;2;15;4;1;9
9761;22106;6;22;61;1;1;1;1;1;409;32;6;1;8;13;9;11;9
9762;22107;6;13;61;1;1;2;1;1;4235;3;5;1;7;14;7;16;43
9763;22108;6;11;61;1;1;2;1;1;4235;0;9;1;3;15;8;4;3
9764;22110;6;16;18;1;1;2;1;1;4323;0;7;1;3;15;8;4;30
9765;22114;6;17;61;1;1;2;1;1;4;42;7;1;8;13;2;11;9
9766;22115;6;5;61;1;1;1;1;1;409;15;8;1;3;15;8;4;30
9767;22119;6;11;18;1;1;2;1;1;4323;5;8;1;3;15;8;4;9
9768;22120;6;23;61;1;1;1;1;1;409;9999;3;1;3;15;8;1;21
9769;22121;6;6;61;1;1;2;1;1;4240;4;6;1;2;15;4;1;9
9770;22122;6;0;61;1;1;1;1;1;409;13;7;1;3;15;8;4;9
9771;22123;6;22;17;1;1;1;1;1;4;83;5;1;3;15;8;2;9
9772;22124;6;19;61;1;1;1;1;1;4240;13;5;1;2;15;4;1;9
9773;22125;6;8;61;2;1;2;1;1;4236;9999;5;1;3;15;8;4;42
9774;22126;6;2;61;1;1;1;1;1;409;5;6;1;8;13;9;10;9
9775;22127;6;12;17;1;1;2;1;1;4538;32;6;1;1;15;1;4;21
9776;22128;6;16;61;1;1;2;1;1;413;38;6;1;3;15;7;1;40
9777;22129;6;19;61;1;1;1;1;1;4240;8;5;1;8;13;9;10;3
9778;22130;6;12;61;1;1;2;1;1;9999;9999;4;1;1;15;1;2;9
9779;22131;6;22;17;1;1;1;1;1;413;48;5;1;1;15;1;2;9
9780;22132;6;15;17;1;1;2;1;1;4;71;5;1;2;15;4;1;3
9781;22133;6;14;17;1;1;2;1;1;4517;2;6;1;3;15;3;4;9
9782;22134;6;21;17;1;1;1;1;1;4234;34;6;1;2;15;1;1;9
9783;22135;6;9;17;1;1;2;1;1;4234;45;6;1;8;13;2;11;9
9784;22136;6;22;17;1;1;1;1;1;411;9;7;1;2;15;4;1;21
9785;22138;6;18;17;1;1;2;1;1;4240;21;4;1;2;15;4;1;9
9786;22139;6;13;17;1;1;2;1;1;4232;45;4;1;3;15;8;21;9
9787;22140;6;21;17;1;1;1;1;1;4536;1;5;1;7;14;2;16;82
9788;22141;6;20;17;1;1;1;1;1;4232;41;4;1;8;18;9;1;43
9789;22142;6;22;17;1;1;1;1;1;4240;9999;4;1;8;18;9;1;9
9790;22143;6;12;17;1;1;2;1;1;4232;38;4;1;2;15;4;1;21
9791;22144;6;22;17;1;1;1;1;1;13;149;5;1;2;15;4;1;21
9792;22145;6;12;17;1;1;2;1;1;13;184;5;1;2;15;4;1;9
9793;22147;6;11;17;1;1;2;1;1;4232;45;4;1;7;14;8;16;9
9794;22148;6;12;61;1;1;2;1;1;9999;18;4;1;3;15;7;1;3
9795;22149;6;23;17;1;1;1;1;1;4232;52;4;1;8;18;9;1;59
9796;22150;6;18;17;1;1;2;1;1;4571;9999;4;1;1;15;1;2;48
9797;22154;6;10;16;1;1;2;1;1;4220;3;4;1;2;15;4;1;43
9799;22156;6;12;17;1;1;2;1;1;4538;12;4;1;8;18;9;1;9
9800;22157;6;18;17;1;1;2;1;1;4538;12;4;1;2;15;4;1;53
9801;22158;6;20;17;1;1;1;1;1;411;19;5;1;8;18;9;1;43
9802;22159;6;15;17;1;1;2;1;1;4538;4;4;1;8;18;9;1;32
9803;22160;6;8;17;1;1;2;1;1;4571;9999;4;1;3;15;8;2;9
9804;22161;6;9;40;1;1;2;1;1;4405;3;5;1;8;18;8;10;9
9805;22163;6;11;40;1;1;2;1;1;1;99;7;2;3;15;2;1;9
9806;22165;6;14;40;1;1;2;1;1;1;119;7;1;7;14;8;16;9
9807;22168;6;19;40;1;1;1;1;1;1;107;7;2;2;15;4;1;9
9809;22170;6;12;30;1;1;2;1;1;1;12;7;2;3;15;2;6;9
9810;22172;6;3;30;1;1;1;1;1;805;69;8;2;2;15;6;1;9
9811;22173;6;16;30;1;1;2;1;1;4601;9999;18;1;8;14;1;16;9
9812;22175;6;23;40;1;1;1;1;1;4404;2;5;1;1;15;1;4;43
9814;22177;6;12;30;1;1;2;1;1;2;10;8;2;8;14;1;11;9
9815;22178;6;7;30;1;1;2;1;1;4600;9999;12;1;1;15;4;1;9
9817;22181;6;22;40;1;1;1;1;1;4404;3;5;1;1;11;5;14;9
9819;22185;6;13;40;1;1;2;1;1;1;99;7;2;8;18;8;10;30
9820;22188;6;19;40;1;1;1;1;1;417;18;6;1;2;15;4;1;9
9821;22190;6;0;40;1;1;1;1;1;1;111;7;1;7;9;7;11;21
9822;22191;6;18;40;1;1;2;1;1;1;112;7;1;7;14;1;16;48
9823;22192;6;6;40;1;1;2;1;1;1;106;7;2;8;18;7;11;9
9824;22194;6;15;40;1;1;2;1;1;1;95;7;2;2;15;4;1;30
9825;22196;6;9;69;1;1;2;1;1;16;21;6;1;3;15;8;6;40
9826;22197;6;18;69;1;1;2;1;1;16;33;8;1;1;15;1;4;9
9828;22200;6;18;30;1;1;2;1;1;2;13;5;2;2;15;4;1;9
9829;22201;6;17;30;1;1;2;1;1;805;73;8;2;8;13;7;9;9
9830;22202;6;19;30;1;1;1;1;1;2;19;8;2;3;15;8;1;9
9831;22203;6;17;40;1;1;2;1;1;4405;9999;6;1;8;18;6;11;9
9832;22204;6;22;30;1;1;1;1;1;2;13;5;2;8;13;9;11;50
9833;22205;6;11;30;1;1;2;1;1;805;27;7;2;7;9;1;10;9
9834;22206;6;1;40;1;1;1;1;1;415;14;6;1;3;15;8;4;9
9835;22207;6;19;30;1;1;1;1;1;4601;9999;17;1;8;14;1;16;9
9837;22210;6;0;30;1;1;1;1;1;4600;9999;16;1;1;1;4;11;9
9838;22212;6;8;30;1;1;2;1;1;1;10;11;1;7;12;1;11;9
9839;22213;6;6;30;1;1;2;1;1;1;11;7;2;8;13;7;13;21
9840;22215;6;14;30;1;1;2;1;1;4602;9999;7;1;3;15;8;4;9
9841;22216;6;19;30;1;1;1;1;1;4600;9999;12;1;1;15;1;4;36
9842;22217;6;20;30;1;1;1;1;1;2;10;8;2;2;15;6;1;9
9843;22218;6;19;30;1;1;1;1;1;4601;9999;30;1;8;14;1;16;51
9845;22221;6;23;34;1;1;1;1;1;802;275;7;2;2;15;1;1;9
9846;22222;6;17;34;1;1;2;1;1;5413;9;5;1;1;15;1;4;9
9847;22223;6;13;34;1;1;2;1;1;5407;20;5;1;8;13;1;10;9
9848;22224;6;4;34;1;1;1;1;1;507;6;7;1;8;18;8;11;3
9849;22230;6;23;34;1;1;1;1;1;6;285;8;1;7;1;1;11;3
9852;22233;6;7;34;1;1;2;1;1;5409;9;5;1;8;16;1;16;9
9853;22234;6;16;34;1;1;2;1;1;5414;9999;7;1;8;13;1;10;9
9854;22236;6;11;34;1;1;2;1;1;5407;30;5;1;8;13;1;9;9
9855;22237;6;15;34;1;1;2;1;1;6;291;9;1;8;13;1;10;9
9858;22242;6;14;34;1;1;2;1;1;5412;9999;8;1;8;14;1;16;9
9859;22243;6;19;34;1;1;1;1;1;507;8;7;1;8;18;7;10;3
9860;22244;6;17;34;1;1;2;1;1;5413;1;5;1;8;18;7;11;9
9861;22245;6;19;34;1;1;1;1;1;507;4;7;1;8;18;7;11;9
9862;22246;6;19;34;1;1;1;1;1;5413;2;5;1;8;18;8;10;21
9863;22247;6;19;34;1;1;1;1;1;9999;10;5;1;2;15;1;4;62
9864;22248;6;17;34;1;1;2;1;1;6;308;6;1;8;10;1;10;31
9865;22249;6;0;34;1;1;1;1;1;505;17;6;2;8;18;7;11;9
9866;22250;6;5;34;1;1;1;1;1;505;26;6;2;8;18;8;10;40
9869;22255;6;14;36;1;1;2;1;1;16;92;8;1;8;13;9;1;9
9871;22257;6;18;52;1;1;2;1;1;9999;9999;4;1;8;13;9;1;9
9872;22258;6;22;52;1;1;1;1;1;408;23;6;1;8;16;3;16;21
9874;22260;6;19;52;1;1;1;1;1;13;72;8;1;7;13;9;1;341
9876;22262;6;10;36;1;1;2;1;1;2;52;8;1;2;15;4;1;40
9877;22263;6;18;36;1;1;2;1;1;2;46;8;1;2;15;4;1;59
9878;22264;6;13;36;1;1;2;1;1;9999;8;6;1;8;13;9;1;9
9879;22265;6;20;36;1;1;1;1;1;2;42;8;1;3;15;3;1;31
9880;22266;6;15;36;1;1;2;1;1;417;9999;6;1;3;15;2;4;40
9882;22269;6;12;36;1;1;2;1;1;16;92;8;1;8;13;9;1;9
9883;22270;6;21;36;1;1;1;1;1;9999;93;6;1;8;16;1;16;44
9884;22272;6;12;36;1;1;2;1;1;9999;33;6;1;8;13;9;1;9
9886;22274;6;19;36;1;1;1;1;1;2;90;6;1;8;18;7;11;9
9887;22275;6;16;36;1;1;2;1;1;9999;75;5;1;7;14;7;16;9
9889;22278;6;19;36;1;1;1;1;1;4704;8;4;1;7;14;7;16;9
9891;22280;6;19;36;1;1;1;1;1;2;82;6;1;8;18;8;10;9
9892;22281;6;10;9;1;1;2;1;1;16;127;8;1;2;15;4;1;37
9893;22282;6;9;9;1;1;2;1;1;16;128;8;1;3;15;7;4;9
9894;22283;6;19;9;1;1;1;1;1;16;131;8;1;3;15;2;4;5
9895;22287;6;21;36;1;1;1;1;1;2;30;8;1;7;15;9;1;9
9896;22288;6;19;9;1;1;1;1;1;13;9999;8;1;2;15;4;1;9
9897;22290;6;15;9;1;1;2;1;1;13;9999;8;1;1;15;1;4;9
9898;22291;6;19;9;1;1;1;1;1;412;0;8;1;1;15;1;4;51
9899;22292;6;10;9;1;1;2;1;1;412;12;5;1;8;13;9;1;9
9900;22293;6;14;9;1;1;2;1;1;2;170;8;1;8;13;9;1;9
9902;22295;6;10;36;1;1;2;1;1;16;87;8;1;2;15;6;1;341
9903;22297;6;15;36;1;1;2;1;1;16;91;8;1;2;15;6;1;40
9904;22300;6;22;36;1;1;1;1;1;807;15;12;1;8;4;9;1;9
9906;24003;7;22;33;1;1;1;1;1;9999;19;4;1;1;10;1;18;9
9907;24004;7;19;45;1;1;1;1;1;9999;27;12;1;2;15;4;1;9
9908;24006;7;3;2;1;1;1;1;1;10;164;9;1;1;15;1;4;9
9909;24007;7;20;2;1;1;1;1;1;1709;9999;8;1;2;15;1;1;9
9910;24009;7;23;2;1;1;1;1;1;1713;7;7;1;8;18;9;1;9
9911;24010;7;15;2;1;1;2;1;1;9999;9999;15;1;8;18;9;1;3
9912;24011;7;21;37;1;1;1;1;1;1903;28;6;1;8;18;9;1;40
9913;24012;7;6;41;1;1;2;1;1;1;829;10;1;7;4;9;1;9
9914;24013;7;18;41;1;1;2;1;1;1;842;10;1;7;18;7;1;9
9917;24016;7;4;41;1;1;1;1;1;1;800;7;1;3;15;3;4;9
9918;24017;7;8;45;1;1;2;1;1;1016;9999;8;1;2;4;4;1;9
9919;24018;7;18;37;1;1;2;1;1;1;991;6;1;8;18;9;1;40
9920;24019;7;19;2;1;1;1;1;1;1733;9999;7;1;8;18;9;1;59
9922;24022;7;10;45;1;1;2;1;1;1;901;8;1;2;15;4;1;21
9923;24023;7;14;41;2;1;2;1;1;1000;8;4;1;8;18;9;1;32
9924;24025;7;15;45;1;1;2;1;1;1;903;8;1;8;14;1;16;32
9927;24029;7;23;41;1;1;1;1;1;10;4;9;1;2;15;1;1;3
9928;24030;7;6;2;1;1;2;1;1;9999;346;12;1;8;18;9;1;9
9929;24031;7;22;2;1;1;1;1;1;9999;83;7;1;3;15;7;4;9
9930;24033;7;12;2;1;1;2;1;1;1704;9999;7;1;2;15;4;1;3
9931;24034;7;14;2;1;1;2;1;1;9999;130;15;1;8;18;9;1;21
9933;24037;7;5;41;1;1;1;1;1;1;842;10;1;1;15;1;2;21
9934;24041;7;20;37;1;1;1;1;1;104;64;6;1;1;15;1;1;9
9935;24042;7;10;37;1;1;2;1;1;1903;18;6;1;8;18;9;1;9
9936;24043;7;1;2;1;1;1;1;1;9999;9999;15;1;3;18;1;1;82
9937;24044;7;15;2;1;1;2;1;1;10;196;12;1;1;1;1;7;82
9939;24046;7;7;2;1;1;2;1;1;9999;9999;9;1;8;15;1;1;40
9940;24047;7;22;45;1;1;1;1;1;1009;20;6;1;2;15;4;1;40
9941;24048;7;18;45;1;1;2;1;1;1009;14;6;1;7;15;7;8;90
9943;24051;7;19;45;2;1;1;1;1;1018;9999;6;1;8;14;1;16;9
9944;24052;7;20;45;2;1;1;1;1;1018;9999;8;1;7;14;1;4;40
9945;24053;7;12;45;2;1;2;1;1;1018;9999;6;1;7;15;7;12;9
9946;24055;7;21;45;2;1;1;1;1;1018;9999;6;1;7;15;7;8;9
9947;24057;7;20;45;1;1;1;1;1;1018;9999;6;1;1;15;1;4;9
9949;24060;7;14;45;2;1;2;1;1;1018;9999;6;1;7;15;8;6;9
9950;24061;7;22;2;1;1;1;1;1;1704;2;7;1;8;18;9;1;400
9951;24063;7;17;2;1;1;2;1;1;9999;120;15;1;8;14;1;16;40
9952;24064;7;17;2;1;1;2;1;1;9999;122;15;1;8;14;1;16;9
9953;24065;7;13;2;1;1;2;1;1;1704;5;7;1;1;15;1;4;40
9954;24066;7;21;2;1;1;1;1;1;9999;120;15;1;8;14;1;16;40
9955;24068;7;16;2;1;1;2;1;1;1704;9999;7;1;8;18;9;1;9
9957;24071;7;12;2;1;1;2;1;1;10;161;9;1;3;15;7;1;9
9958;24072;7;17;2;1;1;2;1;1;10;161;9;1;3;15;7;1;341
9959;24073;7;21;2;1;1;1;1;1;10;73;9;1;2;15;4;1;88
9963;24080;7;1;45;1;1;1;1;1;1009;24;6;1;8;16;1;16;40
9964;24082;7;10;45;1;1;2;1;1;1009;20;6;1;3;15;7;1;9
9965;24083;7;18;45;1;1;2;1;1;1009;10;6;1;1;15;1;4;9
9966;24085;7;18;64;1;1;2;1;1;10;23;9;1;3;15;7;1;21
9967;24086;7;18;64;1;1;2;1;1;10;16;9;1;3;15;8;1;21
9969;24089;7;11;2;1;1;2;1;1;1723;9999;7;1;8;15;8;4;9
9970;24090;7;10;2;1;1;2;1;1;9999;9999;7;1;8;15;5;4;71
9971;24091;7;22;2;1;1;1;1;1;1705;9999;9;1;2;15;4;1;71
9972;24092;7;10;2;1;1;2;1;1;9999;9999;9;1;8;15;4;4;21
9973;24093;7;18;2;1;1;2;1;1;1709;9999;8;1;2;15;4;1;21
9974;24094;7;10;2;1;1;2;1;1;10;9999;9;1;3;15;7;1;21
9975;24095;7;13;2;1;1;2;1;1;9999;9999;7;1;2;15;1;1;21
9976;24097;7;3;2;1;1;1;1;1;9999;9999;7;1;3;15;1;16;21
9977;24098;7;11;2;1;1;2;1;1;9999;9999;7;1;2;15;1;1;9
9978;24099;7;10;2;1;1;2;1;1;9999;9999;7;1;2;15;4;1;21
9979;24101;7;7;2;1;1;2;1;1;10;194;8;1;3;15;5;1;9
9980;24102;7;12;2;1;1;2;1;1;10;196;8;1;2;15;1;1;33
9981;24103;7;14;2;1;1;2;1;1;1743;26;6;1;8;18;9;1;9
9982;24105;7;19;2;1;1;1;1;1;10;185;7;1;3;15;8;1;21
9983;24106;7;16;2;1;1;2;1;1;10;207;6;1;8;2;3;1;30
9984;24107;7;9;2;1;1;2;1;1;10;220;6;1;8;18;1;1;341
9985;24108;7;21;2;1;1;1;1;1;1743;26;6;1;8;18;9;1;9
9986;24109;7;13;2;1;1;2;1;1;10;194;10;2;8;18;9;1;31
9989;24113;7;16;2;1;1;2;1;1;1727;9999;7;1;8;15;9;1;95
9990;24114;7;15;2;1;1;2;1;1;9999;12;15;1;3;15;7;1;46
9991;24115;7;17;2;1;1;2;1;1;9999;18;9;1;8;18;1;16;9
9992;24116;7;20;37;1;1;1;1;1;1903;30;6;1;8;14;1;1;9
9993;24117;7;17;37;1;1;2;1;1;104;88;6;1;7;18;9;1;37
9994;24118;7;23;37;1;1;1;1;1;1909;14;6;1;8;18;9;1;48
9995;24119;7;10;37;1;1;2;1;1;1903;4;6;1;3;15;3;1;32
9996;24120;7;10;37;1;1;2;1;1;1909;10;6;1;3;15;3;1;30
9997;24121;7;20;37;1;1;1;1;1;9999;55;6;1;3;15;2;1;43
9998;24122;7;4;37;1;1;1;1;1;1;960;6;1;7;18;9;1;36
9999;24123;7;8;37;1;1;2;1;1;1;985;6;1;3;15;2;1;38
10000;24124;7;5;37;1;1;1;1;1;1;960;6;1;8;18;9;1;9
10001;24125;7;14;37;1;1;2;1;1;1;990;6;1;8;18;9;1;33
10002;24126;7;15;37;1;1;2;1;1;104;153;5;1;8;18;9;1;430
10003;24128;7;8;45;1;1;2;1;1;1;918;8;1;2;15;4;1;30
10004;24129;7;10;45;2;1;2;1;1;1007;76;6;1;7;15;7;6;3
10005;24130;7;10;45;1;1;2;1;1;1;926;8;1;2;15;4;1;9
10006;24132;7;13;45;1;1;2;1;1;1;925;8;2;3;15;4;1;32
10008;24136;7;10;45;1;1;2;1;1;1;927;8;1;8;14;1;16;40
10010;24138;7;22;45;2;1;1;1;1;1007;77;6;1;7;15;7;9;21
10011;24140;7;16;64;1;1;2;1;1;105;7;12;1;3;15;7;1;38
10012;24142;7;14;64;1;1;2;1;1;105;8;12;1;3;15;7;1;3
10013;24143;7;10;64;1;1;2;1;1;105;6;12;1;3;18;7;11;49
10014;24145;7;22;64;1;1;1;1;1;105;4;12;1;3;15;7;1;71
10015;24146;7;20;64;1;1;1;1;1;105;9;12;1;3;15;7;1;21
10016;24147;7;20;64;1;1;1;1;1;105;6;12;1;3;14;7;16;21
10017;24149;7;20;64;1;1;1;1;1;105;7;12;1;3;14;7;16;21
10018;24150;7;20;64;1;1;1;1;1;105;3;12;1;3;14;7;1;31
10019;24151;7;21;64;1;1;1;1;1;105;6;12;1;3;15;7;1;21
10020;24152;7;16;64;1;1;2;1;1;105;2;12;1;3;14;8;16;43
10021;24153;7;9;45;1;1;2;1;1;9999;28;12;1;3;15;7;1;45
10022;24154;7;16;45;1;1;2;1;1;9999;19;12;1;3;15;7;6;82
10023;24156;7;21;45;1;1;1;1;1;9999;24;12;1;3;14;7;16;48
10024;24157;7;14;45;1;1;2;1;1;9999;19;12;1;3;15;7;6;9
10025;24158;7;16;45;1;1;2;1;1;9999;24;12;1;3;15;8;1;30
10026;24159;7;19;45;1;1;1;1;1;9999;19;12;1;3;15;8;6;37
10027;24160;7;23;45;1;1;1;1;1;9999;20;12;1;3;15;7;1;9
10028;24161;7;20;45;1;1;1;1;1;9999;17;12;1;3;15;7;1;9
10029;24162;7;19;45;1;1;1;1;1;9999;18;12;1;2;15;4;1;21
10030;24163;7;8;45;1;1;2;1;1;9999;19;12;1;8;18;7;11;9
10031;24164;7;19;45;1;1;1;1;1;9999;20;12;1;3;15;7;1;21
10032;24165;7;23;45;1;1;1;1;1;9999;20;12;1;3;15;1;1;5
10033;24166;7;19;45;1;1;1;1;1;9999;18;12;1;3;14;7;16;9
10034;24167;7;12;45;1;1;2;1;1;1;897;12;1;3;15;7;1;48
10035;24168;7;17;45;1;1;2;1;1;1;898;12;1;8;18;7;11;37
10036;24169;7;21;2;1;1;1;1;1;10;47;14;1;3;15;7;1;9
10037;24170;7;9;2;1;1;2;1;1;10;57;14;1;8;18;7;11;3
10038;24171;7;10;2;1;1;2;1;1;10;55;14;1;8;18;7;11;21
10039;24173;7;18;37;1;1;2;1;1;104;196;6;1;3;15;3;1;50
10040;24176;7;22;41;1;1;1;1;1;1;828;10;1;3;15;7;1;9
10041;24177;7;16;41;1;1;2;1;1;1;840;10;1;3;15;8;1;9
10042;24178;7;14;41;1;1;2;1;1;1001;7;10;1;3;15;7;2;5
10043;24179;7;10;41;1;1;2;1;1;1;833;10;1;7;4;8;1;5
10044;24181;7;19;41;1;1;1;1;1;1;841;10;1;2;15;4;21;3
10045;24182;7;21;41;1;1;1;1;1;1;829;10;1;4;15;9;1;9
10046;24185;7;17;41;1;1;2;1;1;1;843;10;1;2;1;4;21;9
10047;24187;7;8;41;1;1;2;1;1;1;842;10;1;1;15;1;2;42
10048;24192;7;19;2;1;1;1;1;1;1718;8;7;1;3;15;7;4;9