;NUM_ACC;MOIS_ACC;HEU_ACC;COD_PRV;COD_ETA_CHA;COD_ETA_SUR;COD_LUM;COD_INT;TYP_LIE_ACC;NUM_ROU;PKM;LAR_CHA;COD_TYP_CHA;COD_TYP_COL;COD_OBS_HRT;COD_POI_CHO;COD_MAN;CIR_ACC
10049;24193;7;20;2;1;1;1;1;1;9999;59;15;1;8;18;9;1;21
10050;24194;7;11;2;1;1;2;1;1;9999;96;15;1;8;18;9;1;48
10051;24195;7;14;2;1;1;2;1;1;9999;44;9;1;8;18;9;1;5
10053;24197;7;23;33;1;1;1;1;1;9999;9999;6;1;7;14;1;16;9
10054;24198;7;11;33;1;1;2;1;1;9999;9999;6;1;8;10;9;18;21
10055;24199;7;13;33;1;1;2;1;1;9999;9999;6;1;8;10;9;18;21
10056;24200;7;20;33;1;1;1;1;1;9999;9999;4;1;8;3;9;18;42
10057;24201;7;19;33;1;1;1;1;1;9999;9999;6;1;1;10;1;18;9
10059;24204;7;19;45;1;1;1;1;1;1014;12;8;1;7;15;8;8;45
10062;24210;7;13;45;1;1;2;1;1;1014;11;8;1;8;14;1;16;21
10063;24211;7;6;45;1;1;2;1;1;1014;10;6;1;7;15;7;9;9
10064;24212;7;23;45;1;1;1;1;1;1014;12;8;1;8;15;4;1;9
10065;24213;7;9;45;1;1;2;1;1;1;913;8;1;8;14;1;16;38
10066;24214;7;15;45;1;1;2;1;1;1014;13;8;1;3;15;7;1;5
10067;24215;7;7;41;1;1;2;1;1;9999;381;8;1;7;13;1;11;36
10068;24216;7;1;41;1;1;1;1;1;9999;360;8;1;1;15;1;4;48
10069;24217;7;6;41;1;1;2;1;1;9999;379;8;1;3;15;3;1;30
10070;24218;7;8;41;1;1;2;1;1;1001;28;5;1;1;15;3;4;9
10072;24220;7;21;45;1;1;1;1;1;105;13;8;1;8;14;1;16;21
10073;24222;7;8;41;1;1;2;1;1;803;411;7;2;3;15;2;1;30
10074;24223;7;9;41;1;1;2;1;1;803;9999;8;2;8;2;1;11;3
10075;24224;7;12;2;1;1;2;1;1;9999;71;7;1;8;15;7;4;32
10076;24225;7;22;2;1;1;1;1;1;9999;101;15;1;8;18;9;1;30
10077;24226;7;21;2;1;1;1;1;1;106;6;8;1;8;14;1;16;9
10078;24227;7;13;2;1;1;2;1;1;9999;55;12;1;8;18;9;1;9
10079;24228;7;21;64;1;1;1;1;1;10;7;9;1;3;15;6;4;9
10080;24229;7;12;2;1;1;2;1;1;9999;9999;7;1;8;18;9;1;9
10081;24231;7;23;41;1;1;1;1;1;10;4;9;1;8;15;7;4;9
10082;24233;7;10;45;1;1;2;1;1;1;906;8;1;3;15;8;1;9
10083;24234;7;22;45;1;1;1;1;1;1;907;8;1;8;14;1;16;9
10084;24235;7;17;45;1;1;2;1;1;1;911;8;1;3;15;8;1;9
10085;24236;7;18;45;1;1;2;1;1;1;902;8;1;7;15;7;6;9
10086;24237;7;11;45;1;1;2;1;1;1;906;8;1;8;14;1;16;3
10087;24238;7;22;45;1;1;1;1;1;1;905;8;1;8;14;1;16;3
10088;24239;7;1;45;1;1;1;1;1;1;910;8;1;2;15;4;1;21
10089;24240;7;17;45;1;1;2;1;1;1;911;8;1;2;15;4;1;3
10090;24241;7;2;45;1;1;1;1;1;1;911;8;1;2;15;4;1;3
10091;24243;7;11;45;1;1;2;1;1;1;903;8;1;8;14;1;16;3
10093;24246;7;21;45;2;1;1;1;1;1014;24;6;1;2;15;4;1;3
10094;24247;7;21;45;2;1;1;1;1;1014;18;6;1;2;15;4;1;3
10095;24248;7;11;45;1;1;2;1;1;1;906;8;1;8;14;1;16;55
10096;24249;7;1;45;1;1;1;1;1;1;905;8;1;2;15;4;1;9
10097;24250;7;9;45;1;1;2;1;1;1;905;8;1;8;15;1;16;9
10098;24251;7;9;45;1;1;2;1;1;1;905;8;1;7;15;7;6;92
10099;24252;7;20;41;1;1;1;1;1;1;797;19;1;3;15;2;4;9
10100;24253;7;16;41;2;1;2;1;1;1000;6;4;1;7;15;8;4;9
10101;24254;7;23;41;1;1;1;1;1;1;819;7;1;1;15;2;4;3
10102;24255;7;20;45;1;1;1;1;1;1016;9999;9;1;3;15;8;1;21
10103;24256;7;19;45;1;1;1;1;1;1016;9999;8;1;1;14;1;16;9
10105;24259;7;19;45;1;1;1;1;1;1016;9999;1;1;1;14;8;2;88
10106;24260;7;20;45;1;4;1;1;1;1016;9999;4;1;7;4;4;1;55
10107;24261;7;6;41;1;1;2;1;1;9999;394;9;2;8;10;1;5;30
10108;24262;7;23;45;1;1;1;1;1;1016;9999;8;1;3;15;3;1;9
10109;24263;7;18;41;1;4;2;1;1;9999;9999;6;1;3;15;8;1;9
10110;24264;7;0;3;1;1;1;1;1;2;215;7;1;1;15;1;2;9
10111;24265;7;18;3;1;1;2;1;1;8;893;7;1;7;15;2;2;9
10112;24267;7;21;3;1;1;1;1;1;2;315;7;2;8;7;1;18;55
10113;24268;7;14;3;1;1;2;1;1;16;263;7;1;8;13;9;13;9
10114;24269;7;9;3;1;1;2;1;1;16;256;7;1;8;14;1;1;9
10115;24270;7;23;9;1;1;1;1;1;16;234;7;1;8;18;9;1;45
10116;24271;7;12;9;1;1;2;1;1;16;243;7;1;8;14;1;1;30
10117;24272;7;22;3;1;1;1;1;1;8;880;7;1;8;14;1;1;55
10118;24274;7;9;3;1;1;2;1;1;16;294;8;1;2;15;1;18;9
10119;24275;7;23;3;1;1;1;1;1;5211;3;8;2;2;15;1;18;38
10121;24277;7;19;3;1;1;1;1;1;2;315;11;1;3;15;5;18;341
10123;24280;7;16;3;1;1;2;1;1;5209;9;9;1;8;18;9;18;45
10124;24281;7;20;3;1;1;1;1;1;2;311;7;1;8;18;9;18;9
10125;24282;7;21;3;1;1;1;1;1;16;288;7;1;1;15;8;18;43
10126;24283;7;20;3;1;1;1;1;1;2;313;7;2;8;18;7;18;38
10127;24284;7;13;3;1;1;2;1;1;2;313;7;2;8;7;1;18;9
10128;24285;7;19;3;1;1;1;1;1;2;319;7;2;2;15;1;18;42
10129;24286;7;18;3;1;1;2;1;1;2;321;7;2;4;15;1;18;9
10130;24287;7;21;3;1;1;1;1;1;2;321;7;2;4;15;1;18;30
10131;24289;7;17;3;1;1;2;1;1;2;317;7;2;2;15;1;18;45
10132;24290;7;12;3;1;1;2;1;1;2;319;7;2;2;15;1;18;31
10133;24291;7;15;3;1;1;2;1;1;2;313;7;2;1;15;1;18;30
10134;24292;7;20;3;1;1;1;1;1;2;316;8;2;3;15;7;18;33
10135;24293;7;10;3;1;1;2;1;1;2;334;7;2;2;15;1;18;9
10136;24294;7;15;3;1;1;2;1;1;5202;9999;6;1;8;18;9;18;9
10137;24295;7;21;3;1;1;1;1;1;2;316;7;2;8;11;1;18;43
10138;24296;7;14;3;1;1;2;1;1;16;291;7;1;3;15;7;18;9
10139;24297;7;9;35;1;1;2;1;1;509;11;7;1;8;18;9;1;9
10140;24298;7;16;3;1;1;2;1;1;509;9999;6;1;1;15;3;2;9
10141;24302;7;18;3;1;1;2;1;1;8;9999;7;1;1;15;2;14;9
10142;24304;7;15;5;1;1;2;1;1;3208;14;6;1;8;7;9;10;40
10143;24306;7;11;4;2;1;2;1;1;307;15;4;1;8;18;1;1;42
10144;24308;7;19;65;1;1;1;1;1;309;41;6;1;7;15;1;1;59
10145;24309;7;13;65;1;1;2;1;1;308;117;7;1;3;15;7;1;43
10146;24312;7;19;4;1;1;1;1;1;304;112;9;1;8;18;1;5;5
10147;24314;7;12;5;1;1;2;1;1;317;50;6;1;1;15;1;4;9
10148;24315;7;18;65;2;1;2;1;1;3224;9999;4;1;4;15;4;4;30
10149;24316;7;13;5;1;1;2;1;1;8;432;7;1;7;15;8;4;9
10150;24317;7;15;4;1;1;2;1;1;3100;25;4;1;8;4;9;1;9
10151;24318;7;12;4;1;1;2;1;1;210;70;5;1;7;15;1;5;37
10152;24319;7;21;65;1;1;1;1;1;8;390;6;1;1;15;1;2;9
10153;24320;7;12;65;1;1;2;1;1;3209;9999;6;1;1;18;1;4;80
10154;24322;7;18;5;1;1;2;1;1;3204;3;6;1;8;13;1;11;9
10155;24323;7;21;5;1;1;1;1;1;3204;4;6;1;7;14;1;16;9
10156;24324;7;8;5;1;1;2;1;1;9999;9999;6;1;1;15;1;4;9
10157;24325;7;14;5;1;1;2;1;1;3221;9999;6;1;3;15;7;2;9
10158;24326;7;13;65;1;1;2;1;1;3220;10;6;1;7;15;1;1;30
10159;24330;7;11;4;2;1;2;1;1;9999;33;4;1;7;14;1;16;37
10160;24333;7;19;4;1;1;1;1;1;3100;53;6;1;7;15;1;1;3
10161;24334;7;3;4;2;1;1;1;1;306;11;5;1;8;18;1;1;30
10162;24335;7;18;4;2;1;2;1;1;304;87;5;1;2;15;1;1;9
10163;24336;7;13;4;2;1;2;1;1;306;8;5;1;2;15;4;1;21
10164;24337;7;14;4;2;1;2;1;1;304;89;5;1;7;15;1;1;88
10165;24338;7;1;4;2;1;1;1;1;306;17;4;1;8;18;1;1;9
10166;24339;7;19;4;1;1;1;1;1;304;28;5;1;8;18;1;1;9
10167;24340;7;15;4;2;1;2;1;1;3105;31;5;1;7;15;1;1;21
10168;24341;7;23;4;1;1;1;1;1;304;31;5;1;8;13;1;1;21
10169;24342;7;13;4;2;1;2;1;1;3105;68;5;1;8;18;1;1;400
10170;24343;7;18;4;2;1;2;1;1;306;54;4;1;7;15;1;5;9
10171;24345;7;9;4;1;1;2;1;1;3109;9999;4;1;8;13;6;1;21
10172;24346;7;21;4;1;1;1;1;1;8;413;8;1;8;18;1;1;9
10174;24348;7;9;65;1;1;2;1;1;309;29;4;1;1;15;1;4;9
10175;24349;7;9;65;1;1;2;1;1;11;141;5;1;8;13;3;10;9
10176;24350;7;8;5;1;1;2;1;1;309;22;4;1;2;15;4;1;37
10177;24351;7;22;65;1;1;1;1;1;309;48;4;1;2;15;4;1;31
10178;24352;7;20;4;1;1;1;1;1;3100;39;6;1;2;15;1;1;9
10179;24353;7;20;4;1;1;1;1;1;3105;34;6;1;7;15;1;1;90
10180;24354;7;16;4;1;1;2;1;1;3105;42;6;1;8;18;1;1;30
10181;24355;7;18;4;1;1;2;1;1;3102;30;6;1;8;18;1;1;30
10182;24356;7;20;4;1;1;1;1;1;3100;37;6;1;8;18;1;1;30
10183;24357;7;10;4;1;1;2;1;1;3105;26;6;1;7;18;1;1;88
10184;24358;7;22;4;1;1;1;1;1;3100;40;6;1;7;14;1;1;37
10185;24359;7;9;4;1;1;2;1;1;3105;30;5;1;7;15;1;1;21
10186;24360;7;9;5;1;1;2;1;1;9999;9999;5;1;7;15;1;1;9
10187;24361;7;16;65;1;1;2;1;1;3216;9999;5;1;8;13;1;10;40
10188;24367;7;12;65;1;1;2;1;1;308;119;5;1;3;14;1;4;9
10189;24369;7;12;65;1;1;2;1;1;308;131;6;1;8;13;1;10;9
10190;24370;7;11;4;2;1;2;1;1;302;199;5;1;8;13;9;10;3
10191;24371;7;19;4;2;1;1;1;1;302;202;11;1;3;15;2;16;55
10192;24372;7;21;65;1;1;1;1;1;3224;20;6;1;1;15;1;6;62
10193;24373;7;22;65;1;1;1;1;1;3222;9999;5;1;1;15;1;4;48
10194;24374;7;10;65;2;1;2;1;1;3224;23;4;1;2;15;4;1;30
10195;24375;7;20;65;3;1;1;1;1;3203;9999;3;1;3;15;3;4;9
10196;24376;7;22;65;3;1;1;1;1;3224;23;4;1;3;15;1;4;9
10197;24378;7;20;65;3;1;1;1;1;3224;20;4;1;1;15;1;4;37
10198;24379;7;19;65;3;1;1;1;1;3207;2;4;1;3;15;3;4;3
10199;24380;7;19;65;3;1;1;1;1;3224;19;4;1;3;15;2;4;45
10200;24381;7;10;65;3;1;2;1;1;3203;4;4;1;8;13;2;11;37
10201;24383;7;21;5;3;1;1;1;1;3210;9999;4;1;3;15;3;4;33
10202;24385;7;0;65;3;1;1;1;1;3211;19;4;1;8;13;2;11;38
10203;24388;7;10;65;1;1;2;1;1;11;173;5;1;2;15;4;1;9
10204;24390;7;12;5;2;1;2;1;1;3215;3;4;1;3;14;9;4;9
10205;24392;7;8;4;2;1;2;1;1;304;54;5;1;8;18;1;1;21
10206;24394;7;23;4;2;1;1;1;1;3105;19;4;1;8;18;1;1;36
10207;24397;7;20;4;2;1;1;1;1;304;34;5;1;8;15;1;1;54
10208;24399;7;17;4;2;1;2;1;1;304;19;5;1;8;13;1;1;30
10209;24401;7;12;4;2;1;2;1;1;3106;5;4;1;7;14;1;16;21
10210;24402;7;9;4;1;1;2;1;1;304;38;4;1;7;15;1;1;21
10211;24403;7;12;4;1;1;2;1;1;304;31;5;1;8;13;1;1;21
10212;24407;7;20;4;1;1;1;1;1;304;124;6;1;8;18;2;16;30
10213;24408;7;10;4;1;1;2;1;1;3111;9999;5;1;8;18;2;16;30
10216;24412;7;22;4;2;1;1;1;1;3108;0;5;1;7;14;1;1;9
10217;24413;7;11;4;2;1;2;1;1;210;67;5;1;8;18;1;1;21
10218;24415;7;19;4;2;1;1;1;1;210;77;4;1;2;15;1;1;5
10219;24417;7;2;4;2;1;1;1;1;9999;37;4;1;7;15;1;5;9
10220;24418;7;19;4;2;1;1;1;1;302;22;4;1;8;13;1;1;9
10221;24419;7;18;4;2;1;2;1;1;304;10;5;1;8;14;1;1;9
10222;24420;7;10;4;2;1;2;1;1;210;80;5;1;7;15;1;1;9
10223;24423;7;22;4;2;1;1;1;1;304;1;5;1;8;13;1;21;37
10224;24424;7;21;4;2;1;1;1;1;307;31;5;1;8;13;1;1;5
10225;24425;7;12;5;1;1;2;1;1;3208;12;6;1;7;14;1;16;9
10226;24426;7;17;5;1;1;2;1;1;3208;14;6;1;7;15;1;1;9
10227;24427;7;8;5;1;1;2;1;1;3208;16;6;1;7;15;1;6;21
10228;24428;7;12;5;1;1;2;1;1;3208;6;6;1;7;15;1;1;30
10229;24432;7;12;5;1;1;2;1;1;3208;26;6;1;7;15;1;1;30
10230;24435;7;22;5;1;1;1;1;1;3208;23;6;1;7;15;1;6;3
10231;24436;7;18;5;1;1;2;1;1;3214;9999;6;1;8;18;9;11;9
10232;24437;7;11;20;1;1;2;1;1;312;54;6;1;8;13;9;10;9
10233;24438;7;19;5;1;1;1;1;1;3214;9999;5;1;8;13;9;11;30
10234;24440;7;23;5;1;1;1;1;1;3215;9999;5;1;7;15;1;1;9
10235;24441;7;6;5;1;1;2;1;1;11;184;6;1;7;15;1;1;30
10236;24442;7;22;5;1;1;1;1;1;3215;9999;5;1;7;15;1;1;9
10237;24443;7;23;5;1;1;1;1;1;11;184;7;1;7;15;1;1;3
10238;24444;7;3;5;1;1;1;1;1;3222;9999;5;1;7;15;1;1;9
10239;24445;7;13;65;1;1;2;1;1;309;61;6;1;7;15;1;1;92
10240;24446;7;18;65;1;1;2;1;1;309;63;6;1;1;15;1;1;21
10241;24447;7;15;5;1;1;2;1;1;3229;9999;5;1;8;13;1;11;21
10242;24449;7;20;65;1;1;1;1;1;3220;20;6;1;8;13;1;1;406
10243;24451;7;9;65;1;1;2;1;1;3222;27;6;1;7;15;1;1;9
10244;24453;7;12;5;1;1;2;1;1;9999;17;6;1;8;13;1;11;33
10245;24455;7;12;5;1;1;2;2;1;3222;21;6;1;7;14;1;16;9
10246;24458;7;22;5;1;1;1;1;1;8;426;5;1;2;15;1;1;33
10247;24459;7;3;65;1;1;1;1;1;8;421;5;1;8;13;8;11;21
10249;24463;7;9;65;1;1;2;1;1;8;396;6;1;8;14;1;16;30
10250;24464;7;22;65;1;1;1;1;1;8;388;6;1;8;15;5;1;9
10254;24471;7;19;65;1;1;1;1;1;3105;12;7;1;7;15;1;1;9
10255;24472;7;16;65;1;1;2;1;1;309;79;6;1;7;15;1;1;43
10256;24473;7;20;65;1;1;1;1;1;3226;9999;5;1;7;15;1;1;9
10257;24474;7;9;65;1;1;2;1;1;3105;9999;5;1;7;15;1;1;54
10258;24478;7;9;5;1;1;2;1;1;8;9999;7;1;7;14;1;16;54
10259;24479;7;8;5;1;1;2;1;1;8;454;7;1;7;15;1;1;54
10260;24480;7;9;5;1;1;2;1;1;8;454;7;1;7;15;1;1;38
10261;24482;7;18;5;1;1;2;1;1;9999;149;8;1;8;13;1;11;9
10262;24483;7;12;5;1;1;2;1;1;3210;9999;6;1;2;1;4;1;40
10263;24484;7;11;5;1;1;2;1;1;8;471;7;1;2;15;4;1;40
10264;24485;7;14;5;1;1;2;1;1;3211;9999;5;1;8;18;9;11;37
10265;24486;7;22;5;1;1;1;1;1;3211;9999;5;1;8;18;9;10;9
10266;24487;7;10;5;1;1;2;1;1;308;161;6;1;3;15;3;1;43
10267;24488;7;19;5;1;1;1;1;1;3200;9999;6;1;7;7;1;11;40
10268;24489;7;13;5;1;1;2;1;1;3221;9999;6;1;2;15;4;1;36
10269;24491;7;6;5;1;1;2;1;1;8;470;7;1;7;14;1;16;92
10270;24492;7;2;5;1;1;1;1;1;8;480;7;1;8;13;9;10;92
10271;24493;7;20;5;1;1;1;1;1;9999;9999;6;1;8;18;9;10;9
10272;24494;7;5;5;1;1;1;1;1;8;480;7;1;7;7;1;11;30
10273;24495;7;11;5;1;1;2;1;1;3221;4;6;1;7;14;1;6;33
10274;24496;7;20;5;1;1;1;1;1;3221;4;6;1;7;15;1;1;43
10275;24497;7;22;5;1;1;1;1;1;3225;5;6;1;8;13;1;11;32
10277;24501;7;12;5;1;1;2;1;1;3213;4;5;1;8;13;9;11;341
10278;24502;7;21;5;1;1;1;1;1;3111;0;5;1;7;14;1;16;37
10279;24503;7;12;5;1;1;2;1;1;8;435;7;1;7;14;1;16;9
10280;24504;7;20;5;1;1;1;1;1;8;432;7;1;8;13;9;10;9
10281;24506;7;11;5;1;1;2;1;1;8;432;7;1;3;15;3;7;3
10282;24508;7;13;5;1;1;2;1;1;8;434;7;1;3;15;8;2;9
10283;24509;7;22;5;1;1;1;1;1;8;434;7;1;7;15;9;4;9
10284;24510;7;22;5;1;1;1;1;1;3222;9999;5;1;8;18;9;10;80
10285;24511;7;21;5;1;1;1;1;1;3213;9999;5;1;2;15;4;1;9
10286;24512;7;23;5;1;1;1;1;1;8;510;7;1;7;14;1;16;37
10287;24513;7;12;5;1;1;2;1;1;8;509;7;1;2;15;4;1;40
10288;24514;7;12;5;1;1;2;1;1;8;510;7;1;3;15;8;2;37
10293;24522;7;13;15;3;1;2;1;1;6103;28;6;1;8;18;9;1;406
10294;24523;7;17;15;1;1;2;1;1;6103;60;7;1;8;2;1;8;49
10295;24524;7;2;15;1;1;1;1;1;601;129;8;1;2;15;4;1;406
10296;24525;7;4;15;1;1;1;1;1;601;130;8;1;3;15;4;20;3
10297;24527;7;18;15;1;1;2;1;1;17;184;7;1;8;13;9;1;21
10298;24528;7;11;15;1;1;2;1;1;17;135;7;1;7;18;1;16;48
10300;24530;7;23;15;1;1;1;1;1;10;904;6;1;8;13;9;18;406
10301;24531;7;15;71;1;1;2;1;1;315;10;7;1;3;18;1;8;42
10302;24533;7;20;51;1;1;1;1;1;322;12;8;1;7;18;1;1;40
10305;24536;7;0;51;1;1;1;1;1;1;334;7;2;8;18;9;18;38
10306;24537;7;11;71;1;1;2;1;1;9;27;8;2;3;15;1;1;9
10307;24538;7;23;71;1;1;1;1;1;9;30;8;2;8;14;1;16;21
10308;24539;7;22;72;1;1;1;1;1;3013;9999;7;2;7;7;1;1;38
10309;24540;7;1;72;1;1;1;1;1;320;17;7;2;8;18;7;13;32
10310;24541;7;1;72;1;1;1;1;1;9999;8;8;1;1;15;1;2;21
10311;24543;7;16;71;1;1;2;1;1;3019;9999;6;1;1;15;1;2;30
10312;24544;7;16;72;1;1;2;1;1;3012;11;14;1;2;15;4;1;32
10313;24547;7;18;51;1;1;2;1;1;1;339;7;2;8;18;9;18;9
10314;24548;7;8;51;1;1;2;1;1;322;13;8;1;3;15;2;1;21
10315;24549;7;14;72;1;1;2;1;1;320;18;7;2;8;14;7;16;3
10316;24550;7;20;51;1;1;1;1;1;801;50;11;2;2;15;4;1;3
10317;24551;7;14;51;1;1;2;1;1;8101;2;11;2;2;15;4;1;64
10318;24552;7;12;51;1;1;2;1;1;8101;3;11;2;8;14;1;16;82
10319;24554;7;21;71;1;1;1;1;1;9;28;8;1;5;15;4;1;64
10320;24556;7;19;51;1;1;1;1;1;3019;9999;8;1;3;15;8;16;439
10321;24557;7;18;51;1;1;2;1;1;3006;9999;8;1;3;15;6;4;3
10324;24562;7;11;51;1;1;2;1;1;3002;9999;8;1;8;2;7;10;48
10325;24567;7;1;51;1;1;1;1;1;801;57;11;2;3;15;7;14;82
10326;24568;7;21;51;1;1;1;1;1;801;49;11;2;4;15;4;1;40
10327;24569;7;15;51;1;1;2;1;1;801;57;11;2;2;15;4;1;439
10328;24570;7;14;51;1;1;2;1;1;801;57;11;2;2;15;4;1;40
10329;24571;7;21;51;1;1;1;1;1;801;49;11;2;2;15;4;1;40
10330;24572;7;19;51;1;1;1;1;1;801;58;11;2;2;15;4;1;21
10331;24573;7;11;51;1;1;2;1;1;801;57;11;2;3;15;2;2;92
10332;24574;7;12;51;1;1;2;1;1;8101;0;11;2;2;15;4;1;9
10333;24575;7;1;51;1;1;1;1;1;801;54;11;2;2;15;6;1;9
10334;24576;7;11;51;1;1;2;1;1;3002;9999;8;1;3;15;7;16;9
10335;24578;7;14;51;1;1;2;1;1;3006;9999;8;1;3;15;2;1;9
10336;24579;7;18;51;1;1;2;1;1;3006;9999;6;1;8;13;1;10;9
10337;24581;7;17;51;1;1;2;1;1;3313;9999;8;1;3;15;3;16;9
10339;24583;7;21;51;1;1;1;1;1;1;334;8;2;3;15;3;1;40
10340;24584;7;18;51;1;1;2;1;1;3307;9999;8;2;3;15;3;19;21
10341;24586;7;10;51;1;1;2;1;1;1;335;8;1;2;15;4;1;32
10342;24591;7;21;72;1;1;1;1;1;3007;8;7;1;8;18;9;1;82
10343;24592;7;9;72;1;1;2;1;1;3007;5;7;1;1;3;3;2;21
10344;24593;7;20;72;1;1;1;1;1;3011;3;1;1;8;14;1;1;9
10345;24594;7;21;72;1;1;1;1;1;3007;8;7;1;1;3;3;2;9
10348;24597;7;21;72;1;1;1;1;1;3011;3;6;1;3;15;1;4;40
10352;24601;7;8;72;1;1;2;1;1;3011;3;7;1;1;15;1;4;32
10353;24605;7;23;51;1;1;1;1;1;313;9999;8;1;3;15;1;1;9
10354;24606;7;9;51;1;1;2;1;1;3313;9999;8;1;8;14;1;16;33
10356;24608;7;13;72;1;1;2;1;1;3011;13;1;2;8;2;1;1;9
10358;24611;7;14;72;1;1;2;1;1;3011;9999;7;1;3;15;1;1;59
10359;24612;7;12;72;1;1;2;1;1;3032;4;7;1;3;15;8;9;9
10361;24614;7;21;72;1;1;1;1;1;3011;3;2;1;7;15;2;19;40
10362;24615;7;18;72;1;1;2;1;1;3011;9999;7;2;1;15;1;4;88
10363;24619;7;11;51;1;1;2;1;1;3006;9999;8;1;5;11;2;7;9
10365;24624;7;18;51;1;1;2;1;1;3006;9999;6;1;8;13;1;10;48
10366;24625;7;9;72;1;1;2;1;1;3011;3;4;1;1;15;1;2;32
10367;24626;7;10;72;1;1;2;1;1;3011;3;1;1;2;15;4;1;40
10372;24634;7;21;72;1;1;1;1;1;3014;8;7;1;4;15;8;1;9
10373;24635;7;14;72;1;1;2;1;1;1;374;30;1;1;15;1;4;40
10374;24637;7;14;72;1;1;2;1;1;1;377;7;1;7;15;8;15;9
10375;24641;7;13;72;1;1;2;1;1;1;377;7;1;3;15;7;1;40
10376;24642;7;18;72;1;1;2;1;1;3014;7;7;1;3;15;4;14;9
10377;24643;7;19;51;1;1;1;1;1;313;9999;8;1;7;15;7;2;9
10378;24644;7;6;51;2;1;2;1;1;3307;9999;5;1;7;15;9;2;9
10379;24645;7;10;72;1;1;2;1;1;1;379;8;1;7;15;2;13;9
10380;24646;7;21;72;1;1;1;1;1;3014;10;7;1;7;15;2;12;9
10381;24649;7;18;72;1;1;2;1;1;3014;13;8;1;1;15;3;2;40
10382;24651;7;21;72;1;1;1;1;1;3014;10;9;1;3;15;3;14;9
10383;24654;7;23;71;1;1;1;1;1;315;10;8;2;8;13;9;1;88
10384;24655;7;23;72;1;1;1;1;1;3028;9999;7;1;3;15;6;4;59
10385;24657;7;22;72;1;1;1;1;1;320;19;7;2;8;18;8;18;40
10386;24660;7;17;72;1;1;2;1;1;320;14;7;2;8;18;7;11;9
10387;24661;7;23;72;1;1;1;1;1;320;21;7;2;3;15;8;10;45
10389;24663;7;22;72;1;1;1;1;1;320;21;7;2;8;18;8;12;9
10390;24664;7;19;72;1;1;1;1;1;320;20;7;2;7;15;7;11;9
10391;24665;7;0;72;1;1;1;1;1;320;11;7;2;3;15;5;9;9
10392;24666;7;17;50;1;1;2;1;1;801;77;8;2;2;15;4;1;9
10393;24667;7;18;51;1;1;2;1;1;3326;8;7;1;2;15;4;1;30
10394;24668;7;16;51;1;1;2;1;1;3326;11;7;1;8;14;1;16;9
10395;24669;7;15;50;1;1;2;1;1;801;95;7;2;2;15;4;1;9
10396;24670;7;13;50;1;1;2;1;1;801;94;7;2;7;18;9;11;37
10397;24671;7;18;60;1;1;2;1;1;801;0;7;2;7;18;1;11;9
10398;24672;7;10;50;1;1;2;1;1;801;86;7;2;7;15;9;1;59
10400;24675;7;17;72;1;1;2;1;1;320;18;7;1;2;15;6;1;42
10401;24677;7;22;72;1;1;1;1;1;320;11;7;2;7;15;2;9;32
10402;24678;7;13;72;1;1;2;1;1;320;14;7;2;3;15;7;13;33
10403;24679;7;3;72;1;1;1;1;1;320;13;10;2;8;18;7;11;430
10404;24680;7;0;72;1;1;1;1;1;320;16;7;2;7;15;2;8;40
10405;24682;7;16;72;1;1;2;1;1;320;21;7;2;1;15;5;8;9
10406;24683;7;11;51;1;1;2;1;1;1;346;7;2;2;15;4;1;9
10407;24684;7;18;51;1;1;2;1;1;3004;9999;7;2;3;15;3;2;33
10408;24686;7;9;71;1;1;2;1;1;9;29;8;2;7;15;1;8;32
10409;24687;7;14;71;1;1;2;1;1;3330;9999;6;1;2;15;1;1;9
10411;24690;7;20;51;1;1;1;1;1;322;9;8;1;3;15;2;1;9
10412;24691;7;20;51;1;1;1;1;1;322;13;8;1;3;15;6;1;9
10413;24692;7;20;51;1;1;1;1;1;322;12;8;1;7;14;1;1;9
10414;24693;7;18;51;1;1;2;1;1;322;9;8;1;2;14;1;1;9
10415;24694;7;19;51;1;1;1;1;1;322;13;8;1;4;14;4;1;9
10416;24695;7;19;51;1;1;1;1;1;322;9;8;1;1;15;3;1;45
10417;24696;7;19;51;1;1;1;1;1;322;14;8;1;3;15;4;17;36
10418;24697;7;11;51;1;1;2;1;1;322;11;8;1;3;15;4;1;9
10419;24699;7;20;51;1;1;1;1;1;322;14;8;1;7;18;1;1;38
10420;24700;7;21;51;1;1;1;1;1;322;12;8;1;2;15;4;1;43
10422;24702;7;19;51;1;1;1;1;1;322;12;8;1;2;15;4;7;43
10423;24704;7;5;51;1;1;1;1;1;1;337;7;2;3;15;7;9;30
10424;24712;7;22;50;1;1;1;1;1;803;2;8;2;7;15;4;1;3
10425;24713;7;8;50;1;1;2;1;1;803;11;8;2;2;15;4;1;9
10426;24714;7;8;50;1;1;2;1;1;803;1;8;2;7;15;4;20;31
10427;24715;7;12;50;1;1;2;1;1;803;1;8;2;2;15;4;1;9