;NUM_ACC;MOIS_ACC;HEU_ACC;COD_PRV;COD_ETA_CHA;COD_ETA_SUR;COD_LUM;COD_INT;TYP_LIE_ACC;NUM_ROU;PKM;LAR_CHA;COD_TYP_CHA;COD_TYP_COL;COD_OBS_HRT;COD_POI_CHO;COD_MAN;CIR_ACC
11188;25708;7;8;8;1;1;2;1;1;1;1665;8;1;8;18;9;1;21
11193;25713;7;15;8;1;1;2;1;1;1;1758;8;1;8;18;9;1;32
11194;25714;7;23;62;1;1;1;1;1;1;1392;8;1;8;18;2;1;31
11195;25715;7;18;62;1;1;2;1;1;1;1421;8;1;8;18;9;1;82
11196;25716;7;18;62;1;1;2;1;1;1;1332;8;1;8;18;9;1;9
11197;25717;7;11;62;1;1;2;1;1;1;1378;8;1;8;18;2;1;21
11198;25718;7;5;62;1;1;1;1;1;1;1375;7;1;7;15;8;11;38
11199;25719;7;7;62;1;1;2;1;1;1;1319;8;1;8;11;2;1;82
11201;25721;7;5;38;1;1;1;1;1;1;1888;6;1;8;18;7;1;48
11202;25722;7;17;62;1;1;2;1;1;1;1486;8;1;8;18;9;1;38
11204;25725;7;20;8;1;1;1;1;1;1;1672;8;1;8;18;9;8;21
11205;25726;7;22;8;1;1;1;1;1;1;1658;8;1;8;16;1;1;9
11206;25727;7;8;57;1;1;2;1;1;9999;201;6;1;1;15;1;4;9
11207;25728;7;8;11;1;1;2;1;1;2131;0;7;1;8;18;7;11;9
11208;25731;7;5;57;1;1;1;1;1;803;130;7;2;8;18;1;10;21
11209;25732;7;23;11;1;1;1;1;1;2115;0;7;1;3;15;7;6;9
11210;25733;7;6;48;1;1;2;1;1;201;18;6;1;8;18;9;11;9
11213;25738;7;19;43;1;1;1;1;1;2017;20;8;1;1;15;1;1;9
11215;25740;7;12;43;1;1;2;1;1;2009;28;8;1;1;15;4;18;33
11216;25742;7;13;22;1;1;2;1;1;8;227;7;1;8;14;1;16;341
11217;25743;7;21;22;1;1;1;1;1;204;99;8;1;7;15;1;16;92
11218;25744;7;6;57;1;1;2;1;1;803;196;7;2;3;15;1;10;21
11219;25747;7;16;48;1;1;2;1;1;2001;9999;4;1;1;15;1;2;9
11220;25750;7;8;48;1;1;2;1;1;8;152;10;1;8;14;2;16;32
11221;25751;7;17;43;1;1;2;1;1;9;283;8;1;8;18;7;18;9
11222;25752;7;4;43;1;1;1;1;1;9;273;8;1;2;15;4;18;9
11223;25753;7;11;48;1;1;2;1;1;8;167;10;1;1;15;3;4;21
11225;25755;7;22;22;1;1;1;1;1;2030;5;8;1;1;15;1;18;9
11226;25756;7;12;22;1;1;2;1;1;8;223;7;1;2;15;1;1;9
11227;25757;7;7;11;1;1;2;1;1;9;143;10;2;2;15;1;1;21
11228;25759;7;20;57;1;1;1;1;1;2102;24;4;1;3;15;3;1;21
11229;25760;7;16;43;1;1;2;1;1;9;272;8;1;7;15;3;18;9
11233;25765;7;21;22;1;1;1;1;1;2017;9;16;1;7;15;8;8;32
11234;25768;7;11;22;1;1;2;1;1;8;262;9;2;2;15;4;1;9
11235;25769;7;6;22;1;1;2;1;1;8;258;9;2;2;15;4;1;9
11236;25770;7;9;22;1;1;2;1;1;7;113;7;1;7;15;2;8;21
11238;25773;7;13;22;1;1;2;1;1;2017;10;16;1;7;15;7;6;9
11239;25774;7;22;22;1;1;1;1;1;2017;12;16;1;1;15;1;4;21
11240;25776;7;12;57;1;1;2;1;1;9999;192;6;1;8;13;9;8;82
11241;25777;7;19;57;1;1;1;1;1;9999;231;7;1;8;14;1;16;9
11243;25782;7;10;11;1;1;2;1;1;205;0;7;1;1;15;1;4;21
11244;25784;7;18;57;1;1;2;1;1;803;110;7;2;8;18;1;11;21
11245;25786;7;18;11;1;1;2;1;1;2127;3;7;1;2;15;4;1;9
11246;25787;7;9;48;1;1;2;1;1;2003;9999;6;1;8;18;7;11;9
11247;25789;7;5;48;1;1;1;1;1;803;339;12;2;2;15;1;1;32
11248;25790;7;0;48;1;1;1;1;1;803;313;12;2;2;15;2;1;71
11249;25791;7;21;57;1;1;1;1;1;2101;42;5;1;8;13;7;1;36
11250;25792;7;19;57;1;1;1;1;1;2101;41;6;1;8;13;1;1;32
11251;25793;7;20;43;1;1;1;1;1;2009;9999;8;1;1;15;2;18;9
11252;25794;7;0;43;1;1;1;1;1;2009;48;8;1;2;15;4;18;9
11253;25795;7;9;43;1;1;2;1;1;9;280;8;1;3;15;6;18;36
11254;25796;7;22;43;1;1;1;1;1;9;282;8;1;8;18;7;18;21
11255;25797;7;16;43;1;1;2;1;1;9;273;8;1;8;18;7;18;33
11256;25798;7;22;43;1;1;1;1;1;2010;50;11;1;8;14;1;16;9
11257;25799;7;20;43;1;1;1;1;1;9999;160;10;1;8;14;1;16;9
11258;25800;7;0;43;1;1;1;1;1;2009;9999;8;1;1;15;1;18;341
11260;25802;7;14;11;1;1;2;1;1;8;352;7;1;1;15;1;4;9
11261;25804;7;12;11;1;1;2;1;1;2133;0;7;1;3;15;7;6;3
11263;25807;7;10;43;1;1;2;1;1;2009;9999;8;1;2;15;2;18;21
11264;25808;7;21;22;1;1;1;1;1;9;261;8;1;2;15;1;1;21
11267;25811;7;18;43;1;1;2;1;1;9999;194;8;1;1;15;1;18;9
11268;25812;7;7;43;1;1;2;1;1;9999;201;8;1;1;15;1;18;21
11270;25814;7;16;43;1;1;2;1;1;2010;59;8;1;3;15;5;18;21
11273;25817;7;3;43;1;1;1;1;1;9999;179;16;1;8;18;9;1;31
11274;25818;7;22;43;1;1;1;1;1;2010;52;6;1;3;15;3;6;32
11275;25819;7;13;43;1;1;2;1;1;9999;170;10;1;4;15;1;4;46
11277;25822;7;21;43;1;1;1;1;1;2010;50;6;1;1;15;1;2;21
11278;25824;7;21;43;1;1;1;1;1;9999;165;10;1;2;15;4;1;9
11279;25825;7;12;43;1;1;2;1;1;9;288;8;1;8;18;7;18;406
11280;25826;7;11;43;1;1;2;1;1;9;272;8;1;2;15;1;18;36
11281;25827;7;7;22;1;1;2;1;1;9;265;8;1;8;18;7;18;36
11282;25829;7;0;43;1;1;1;1;1;9;283;8;1;8;18;7;18;38
11283;25830;7;14;43;1;1;2;1;1;9;284;8;1;8;18;7;18;9
11284;25831;7;11;48;1;1;2;1;1;8;106;8;1;8;14;2;16;53
11285;25832;7;0;48;1;1;1;1;1;8;133;9;1;7;15;8;4;409
11286;25833;7;15;48;1;1;2;1;1;8;126;9;1;8;18;8;10;31
11287;25834;7;21;48;1;1;1;1;1;214;9999;7;1;3;15;6;1;82
11288;25835;7;21;48;1;1;1;1;1;214;9999;8;1;7;15;8;4;32
11289;25836;7;21;48;1;1;1;1;1;8;123;10;1;8;18;7;11;9
11290;25837;7;11;48;1;1;2;1;1;214;9999;8;1;8;2;7;18;38
11291;25838;7;12;48;1;1;2;1;1;8;135;10;1;8;18;7;18;9
11292;25839;7;21;48;1;1;1;1;1;8;140;11;1;7;15;8;4;38
11293;25840;7;22;48;1;1;1;1;1;207;70;12;2;3;15;2;2;38
11294;25841;7;10;48;1;1;2;1;1;207;72;12;2;8;14;1;16;9
11295;25843;7;18;48;1;1;2;1;1;207;71;12;2;8;14;1;16;21
11296;25844;7;19;43;1;1;1;1;1;2009;50;8;1;1;15;1;18;21
11299;25847;7;17;11;1;1;2;1;1;206;41;6;1;8;13;9;1;21
11300;25848;7;19;11;1;1;1;1;1;9;148;14;1;8;14;1;16;409
11301;25850;7;12;57;1;1;2;1;1;2111;9999;6;1;1;15;1;4;38
11302;25852;7;19;48;1;1;1;1;1;207;88;12;2;2;15;2;1;36
11303;25853;7;19;48;1;1;1;1;1;207;71;12;2;2;15;1;1;5
11304;25855;7;14;48;1;1;2;1;1;803;307;12;2;7;18;9;1;36
11305;25856;7;10;48;1;1;2;1;1;803;252;12;2;8;18;9;1;32
11306;25857;7;10;48;1;1;2;1;1;803;274;12;2;7;18;9;11;9
11307;25858;7;4;48;1;1;1;1;1;803;334;12;2;2;15;2;1;9
11308;25859;7;1;48;1;1;1;1;1;803;368;12;2;2;15;1;1;48
11309;25860;7;0;48;1;1;1;1;1;803;322;12;2;2;15;5;1;31
11310;25861;7;19;48;1;1;1;1;1;803;311;12;2;8;18;9;1;3
11311;25862;7;18;48;1;1;2;1;1;8;193;7;1;8;18;9;11;9
11312;25863;7;7;48;1;1;2;1;1;201;20;6;1;3;15;3;2;38
11313;25864;7;8;48;1;1;2;1;1;201;20;6;1;8;18;9;10;21
11314;25865;7;23;48;1;1;1;1;1;8;198;7;1;2;15;1;1;21
11315;25866;7;22;48;1;1;1;1;1;8;208;7;1;8;18;9;10;9
11316;25867;7;12;48;1;1;2;1;1;8;208;7;1;8;18;9;11;9
11317;25869;7;9;48;1;1;2;1;1;2001;9999;3;1;3;15;3;2;9
11318;25873;7;19;48;1;1;1;1;1;212;58;6;1;8;14;1;16;9
11319;25874;7;13;48;1;1;2;1;1;212;86;6;1;2;15;4;1;36
11320;25875;7;15;48;1;1;2;1;1;2007;26;5;1;1;15;1;4;36
11321;25876;7;13;48;1;1;2;1;1;2038;3;5;1;8;13;1;5;3
11322;25877;7;21;48;1;1;1;1;1;212;83;6;1;8;14;1;16;31
11323;25879;7;18;48;1;1;2;1;1;212;59;6;1;2;15;1;1;46
11324;25882;7;13;48;1;1;2;1;1;212;68;6;1;3;15;1;4;9
11325;25884;7;10;48;1;1;2;1;1;212;57;6;1;8;14;7;16;9
11326;25886;7;17;48;1;1;2;1;1;2026;9999;6;1;8;14;1;16;55
11327;25887;7;18;11;1;1;2;1;1;205;0;7;1;3;15;7;6;31
11329;25889;7;13;11;1;1;2;1;1;205;0;7;1;2;15;4;1;31
11330;25890;7;20;11;1;1;1;1;1;2116;0;7;1;8;18;7;11;9
11331;25891;7;13;11;1;1;2;1;1;208;35;7;1;8;18;7;11;31
11332;25892;7;9;11;1;1;2;1;1;2137;0;7;1;8;18;8;10;59
11333;25895;7;11;11;1;1;2;1;1;2115;0;7;1;3;15;7;6;5
11334;25897;7;18;11;1;1;2;1;1;208;20;6;1;3;15;5;1;5
11335;25898;7;22;11;1;1;1;1;1;2123;0;7;1;8;18;7;11;21
11336;25899;7;21;11;1;1;1;1;1;2125;14;6;1;3;15;3;2;21
11337;25900;7;10;11;1;1;2;1;1;210;26;7;1;3;15;7;6;21
11338;25901;7;11;11;1;1;2;1;1;210;39;7;1;2;15;4;1;5
11339;25902;7;23;11;1;1;1;1;1;8;339;7;1;2;15;4;1;31
11340;25903;7;11;11;1;1;2;1;1;8;345;7;1;3;15;7;4;21
11341;25904;7;7;11;1;1;2;1;1;8;329;7;1;8;18;7;11;9
11342;25905;7;12;11;1;1;2;1;1;8;345;7;1;2;15;4;1;9
11343;25906;7;13;11;1;1;2;1;1;2135;0;7;1;8;18;8;10;9
11344;25908;7;12;11;1;1;2;1;1;2125;16;7;1;3;15;7;6;21
11345;25909;7;17;57;1;1;2;1;1;803;113;7;2;8;18;1;10;48
11346;25910;7;11;57;1;1;2;1;1;803;135;7;2;1;18;1;11;9
11347;25911;7;11;57;1;1;2;1;1;803;121;7;2;2;15;1;1;21
11348;25912;7;20;57;1;1;1;1;1;803;136;7;2;2;15;1;1;9
11349;25913;7;3;57;1;1;1;1;1;803;126;7;2;2;15;1;1;21
11350;25914;7;9;57;1;1;2;1;1;803;121;7;2;1;18;1;11;32
11351;25916;7;19;11;1;1;1;1;1;208;0;7;1;2;15;4;1;9
11352;25917;7;21;11;1;1;1;1;1;2125;0;7;1;3;15;8;6;9
11353;25918;7;22;11;1;1;1;1;1;208;0;7;1;8;18;7;11;21
11354;25919;7;16;11;1;1;2;1;1;2125;19;7;1;2;15;4;1;9
11355;25920;7;15;11;1;1;2;1;1;2135;9999;6;1;3;15;8;1;31
11356;25921;7;8;11;1;1;2;1;1;208;17;7;1;2;15;4;1;9
11357;25922;7;12;11;1;1;2;1;1;2135;9;6;1;7;5;9;1;3
11358;25923;7;22;11;3;1;1;1;1;2135;3;6;1;8;10;1;1;21
11359;25928;7;16;11;1;1;2;1;1;8;323;7;1;2;15;4;1;36
11360;25930;7;14;11;1;1;2;1;1;208;25;7;1;3;15;7;1;9
11361;25931;7;14;11;1;1;2;1;1;2135;19;7;1;2;15;4;1;5
11362;25932;7;19;57;1;1;1;1;1;2111;9999;6;1;2;15;1;1;48
11363;25933;7;12;11;1;1;2;1;1;9;215;7;1;8;18;1;11;38
11364;25934;7;18;11;1;1;2;1;1;9;225;7;1;8;18;1;10;55
11365;25935;7;8;11;1;1;2;1;1;9;210;7;1;3;15;1;1;9
11366;25936;7;18;57;1;1;2;1;1;8;276;9;1;4;1;5;1;9
11367;25938;7;12;57;1;1;2;1;1;2118;10;6;1;8;18;9;10;432
11368;25939;7;12;11;1;1;2;1;1;9;192;6;1;1;15;1;4;36
11369;25940;7;10;57;2;1;2;1;1;2108;32;5;1;7;15;4;1;9
11371;25943;7;1;57;1;1;1;1;1;9999;194;6;1;1;15;1;4;9
11372;25944;7;12;11;1;1;2;1;1;206;30;7;1;3;15;1;16;36
11373;25945;7;5;57;1;1;1;1;1;803;187;7;2;8;18;1;11;9
11374;25946;7;12;57;1;1;2;1;1;803;199;7;2;8;18;1;11;31
11375;25947;7;8;57;1;1;2;1;1;803;195;7;2;8;18;1;11;42
11376;25948;7;17;57;1;1;2;1;1;803;190;7;2;8;18;1;11;9
11377;25949;7;7;57;1;1;2;1;1;803;125;7;2;8;18;1;11;38
11379;25954;7;19;22;1;1;1;1;1;2012;9999;7;1;8;14;1;16;55
11380;25955;7;22;22;1;1;1;1;1;8;231;10;1;7;15;7;14;55
11381;25956;7;12;22;1;1;2;1;1;8;238;10;1;2;15;1;1;3
11382;25957;7;11;22;1;1;2;1;1;8;238;10;1;7;15;1;4;33
11383;25959;7;13;22;1;1;2;1;1;8;236;10;1;2;15;1;1;31
11384;25960;7;11;22;1;1;2;1;1;2012;9999;7;1;2;15;1;1;9
11385;25961;7;21;22;1;1;1;1;1;8;238;10;1;8;14;1;16;31
11386;25962;7;20;22;1;1;1;1;1;8;236;10;1;7;15;7;1;46
11387;25964;7;19;22;1;1;1;1;1;2006;10;7;1;8;18;7;18;31
11388;25965;7;20;22;1;1;1;1;1;2006;13;8;1;3;15;8;18;31
11389;25966;7;22;22;1;1;1;1;1;2006;9;8;1;3;15;8;12;9
11390;25967;7;3;22;1;1;1;1;1;2017;4;16;1;7;15;5;8;53
11391;25968;7;18;22;1;1;2;1;1;212;15;10;1;8;18;8;10;31
11392;25970;7;17;22;1;1;2;1;1;8;236;10;1;8;18;7;11;36
11393;25971;7;21;22;1;1;1;1;1;8;238;10;1;7;15;7;12;9
11394;25973;7;19;22;1;1;1;1;1;212;4;6;1;2;15;1;1;38
11395;25975;7;17;22;1;1;2;1;1;2017;4;16;1;7;15;8;4;9
11396;25977;7;17;22;1;1;2;1;1;2017;5;16;1;2;15;4;1;9
11397;25978;7;22;22;1;1;1;1;1;203;6;8;1;2;15;4;1;21
11398;25979;7;7;22;1;1;2;1;1;2017;4;16;1;8;7;1;10;21
11399;25981;7;13;22;1;1;2;1;1;2017;6;16;1;1;15;1;6;31
11400;25982;7;12;22;1;1;2;1;1;2017;6;16;1;1;15;1;4;9
11401;25985;7;18;22;1;1;2;1;1;2009;5;9;1;7;15;7;1;9
11402;25986;7;22;22;1;1;1;1;1;2017;6;16;1;7;15;5;1;9
11403;25988;7;11;22;1;1;2;1;1;2017;9;16;1;4;15;4;1;21
11404;25990;7;19;22;1;1;1;1;1;2017;7;16;1;7;15;5;8;31
11405;25991;7;19;22;1;1;1;1;1;2017;8;16;1;2;15;4;1;9
11406;25992;7;12;22;1;1;2;1;1;9;236;9;1;7;15;5;1;31
11407;25993;7;23;22;2;1;1;1;1;2018;9999;8;1;1;15;1;4;9
11408;25994;7;3;22;1;1;1;1;1;9;233;9;2;8;7;1;10;31
11409;25996;7;12;22;2;1;2;1;1;2008;9999;8;1;8;14;1;16;48
11410;25998;7;12;22;2;1;2;1;1;2008;9999;8;1;1;15;1;4;9
11411;25999;7;9;22;1;1;2;1;1;9;234;8;1;1;15;1;4;31
11412;26000;7;12;22;1;1;2;1;1;7;134;16;1;2;15;4;1;9
11413;26002;7;6;22;1;1;2;1;1;7;136;16;1;7;18;1;16;9
11414;26006;7;12;22;1;1;2;1;1;7;135;16;1;8;13;7;11;33
11415;26008;7;22;22;1;1;1;1;1;7;130;16;1;7;15;7;1;36
11416;26009;7;19;22;1;1;1;1;1;7;128;16;1;7;15;8;4;9
11417;26010;7;19;22;1;1;1;1;1;7;135;16;1;7;15;3;1;9
11418;26011;7;19;22;1;1;1;1;1;7;133;16;1;2;15;4;1;9
11419;26012;7;23;22;2;1;1;1;1;2002;9999;5;1;8;13;7;10;9
11420;26013;7;23;22;1;1;1;1;1;7;105;8;1;2;15;4;1;9
11421;26015;7;0;22;1;1;1;1;1;7;105;8;1;8;13;7;10;9
11422;26016;7;20;22;2;1;1;1;1;2002;9999;5;1;2;15;4;1;31
11423;26017;7;20;22;1;1;1;1;1;8;234;10;1;2;15;4;1;9
11424;26018;7;9;22;1;1;2;1;1;8;215;9;1;2;15;4;1;31
11425;26019;7;18;22;1;1;2;1;1;8;226;7;1;7;15;7;8;430
11426;26020;7;13;22;1;1;2;1;1;8;225;7;1;2;15;1;1;31
11427;26021;7;12;22;1;1;2;1;1;2004;9999;7;1;3;15;8;8;9
11428;26023;7;10;22;1;1;2;1;1;8;224;7;1;2;15;1;14;9
11429;26024;7;10;22;1;1;2;1;1;8;225;7;1;8;14;1;16;9
11430;26026;7;12;22;1;1;2;1;1;8;223;7;1;7;15;7;16;46
11431;26027;7;13;22;1;1;2;1;1;8;226;7;1;8;14;1;16;31
11432;26029;7;9;22;1;1;2;1;1;8;225;7;1;7;15;7;14;9
11433;26030;7;20;22;1;1;1;1;1;8;226;7;1;1;15;1;4;9
11438;26035;7;10;22;1;1;2;1;1;803;245;7;2;8;4;7;11;3
11439;26037;7;12;22;1;1;2;1;1;8;264;9;2;8;14;1;16;21
11440;26038;7;9;22;1;1;2;1;1;8;269;9;1;2;15;4;1;9
11441;26042;7;19;22;1;1;1;1;1;8;266;4;1;7;15;8;8;21
11442;26044;7;11;22;1;1;2;1;1;8;266;9;1;2;15;4;1;9
11443;26045;7;12;22;1;1;2;1;1;8;266;9;1;2;15;4;1;3
11444;26046;7;13;22;1;1;2;1;1;8;260;9;2;7;15;7;6;42
11445;26047;7;13;22;1;1;2;1;1;210;2;8;1;1;15;1;4;21
11446;26049;7;13;22;1;1;2;1;1;8;266;9;1;7;15;5;6;3
11447;26050;7;23;22;1;1;1;1;1;2017;11;16;1;2;15;1;1;9
11448;26051;7;9;22;1;1;2;1;1;2017;8;16;1;7;15;3;1;3
11449;26055;7;21;22;1;1;1;1;1;203;5;8;1;7;15;7;17;31
11450;26056;7;12;22;1;1;2;1;1;2017;6;16;1;2;15;4;1;42
11451;26058;7;15;22;1;1;2;1;1;2017;7;16;1;7;15;7;14;9
11456;26064;7;8;43;1;1;2;1;1;9;332;8;1;4;1;1;1;9
11458;26066;7;20;43;1;1;1;1;1;2010;20;9;1;1;15;1;8;9
11464;26074;7;17;43;1;1;2;1;1;2017;37;8;1;1;15;1;18;409
11465;26075;7;23;43;1;1;1;1;1;2010;34;8;1;2;15;1;1;9
11467;26077;7;17;48;1;1;2;1;1;2026;17;8;1;2;15;1;1;430
11468;26078;7;13;11;1;1;2;1;1;2117;9;6;1;2;15;2;1;21
11471;26082;7;11;43;1;1;2;1;1;9;300;8;1;1;15;2;2;21
11473;26084;7;10;43;1;1;2;1;1;2017;42;8;1;3;15;8;12;21
11474;26085;7;23;43;1;1;1;1;1;2017;33;8;1;2;15;4;18;9
11476;26087;7;17;43;2;1;2;1;1;2017;18;8;1;2;15;4;18;21
11477;26088;7;12;43;1;1;2;1;1;2017;34;8;1;7;15;8;14;9
11478;26089;7;14;43;1;1;2;1;1;2017;34;8;1;2;15;1;1;82
11480;26091;7;12;43;1;1;2;1;1;2010;39;8;1;2;15;1;1;21
11482;26094;7;19;43;1;1;1;1;1;2010;16;8;1;3;15;8;12;3
11483;26095;7;12;43;1;1;2;1;1;9999;9999;8;1;3;1;5;21;9
11485;26099;7;17;43;1;1;2;1;1;2017;40;8;1;2;15;4;17;400
11486;26100;7;20;22;1;1;1;1;1;2011;22;7;1;2;15;4;18;21
11487;26101;7;13;43;1;1;2;1;1;2010;42;8;1;3;15;7;1;38
11489;26112;7;10;22;1;1;2;1;1;2006;10;8;1;8;18;7;18;9
11490;26114;7;23;43;1;1;1;1;1;2010;14;8;1;2;15;4;18;21
11492;26116;7;8;23;1;1;2;1;1;802;160;10;2;8;18;9;11;48
11493;26117;7;12;23;1;1;2;1;1;802;114;9;2;8;18;9;10;21
11494;26118;7;9;23;1;1;2;1;1;802;101;8;2;7;2;9;11;3
11498;26122;7;8;23;1;1;2;1;1;413;91;8;1;8;14;1;16;9
11499;26123;7;1;23;1;1;1;1;1;7017;3;8;1;8;18;9;11;9
11500;26124;7;17;23;1;1;2;1;1;13;198;8;1;7;2;9;11;33
11503;26127;7;1;23;1;1;1;1;1;802;103;9;2;2;15;4;1;31
11504;26129;7;9;23;1;1;2;1;1;802;145;9;2;2;15;4;1;9
11505;26130;7;7;23;1;1;2;1;1;802;151;9;1;7;2;9;11;21
11506;26131;7;9;23;1;1;2;1;1;802;157;9;2;8;18;9;11;9
11507;26132;7;6;23;1;1;2;1;1;802;130;9;2;7;2;9;1;31
11508;26133;7;16;23;1;1;2;1;1;802;139;9;2;2;15;4;1;9
11509;26134;7;16;23;1;1;2;1;1;802;159;10;2;7;2;9;11;9
11510;26135;7;20;23;1;1;1;1;1;802;151;9;2;8;18;9;10;31
11511;26136;7;21;23;1;1;1;1;1;802;157;9;2;2;15;4;1;31
11512;26137;7;20;23;1;1;1;1;1;802;150;9;2;8;18;9;10;31
11513;26138;7;17;23;1;1;2;1;1;802;114;9;2;7;10;9;10;21
11514;26139;7;7;23;1;1;2;1;1;802;126;9;2;8;18;9;11;21
11515;26140;7;6;23;1;1;2;1;1;802;122;9;2;7;10;9;10;38
11516;26141;7;17;23;1;1;2;1;1;802;108;9;2;2;15;4;1;9
11517;26142;7;4;23;1;1;1;1;1;802;109;9;2;7;2;9;11;21
11518;26143;7;23;23;1;1;1;1;1;802;126;9;2;7;10;9;10;9
11520;26147;7;16;39;1;1;2;1;1;7202;9999;7;1;7;18;1;1;36
11521;26148;7;16;39;1;1;2;1;1;7231;2;7;1;8;18;9;1;46
11522;26149;7;22;23;1;1;1;1;1;13;267;7;1;2;15;4;1;9
11523;26150;7;19;39;1;1;1;1;1;7209;9999;7;1;7;15;1;1;38
11526;26153;7;16;39;1;1;2;1;1;8;659;7;1;7;15;8;9;36
11549;26182;7;1;23;1;1;1;1;1;6;151;8;1;8;18;9;11;21
11550;26183;7;19;23;1;1;1;1;1;6;144;8;1;3;15;8;6;9
11551;26184;7;10;23;1;1;2;1;1;13;205;8;1;8;18;9;10;36
11552;26185;7;21;23;1;1;1;1;1;13;204;8;1;8;18;9;11;9
11553;26186;7;14;23;1;1;2;1;1;13;191;8;1;2;15;4;1;3
11554;26187;7;11;23;1;1;2;1;1;13;204;8;1;1;15;1;4;46
11555;26188;7;23;23;2;1;1;1;1;7018;2;7;1;7;5;9;10;9
11556;26189;7;17;23;1;1;2;1;1;13;203;8;1;1;15;1;4;9
11557;26190;7;5;23;1;1;1;1;1;13;195;8;1;8;18;9;10;9
11558;26192;7;21;23;1;1;1;1;1;7071;3;8;1;8;18;9;11;9
11559;26193;7;19;23;1;1;1;1;1;7017;2;8;1;3;15;8;6;9
11560;26194;7;7;23;1;1;2;1;1;7001;9999;7;1;8;18;9;11;21
11561;26195;7;15;23;1;1;2;1;1;7017;1;8;1;3;15;8;6;21
11562;26196;7;7;23;1;1;2;1;1;705;5;8;1;8;18;9;1;9
11564;26199;7;11;23;1;1;2;1;1;705;28;8;1;1;15;1;4;9
11565;26200;7;22;23;1;1;1;1;1;413;93;8;1;8;18;9;10;9
11566;26202;7;18;23;1;1;2;1;1;13;232;8;2;4;15;9;1;21
11567;26203;7;22;23;1;1;1;1;1;13;240;8;1;3;15;8;6;9
11569;26206;7;14;23;1;1;2;1;1;13;236;8;2;2;15;4;1;31
11570;26207;7;19;23;1;1;1;1;1;13;240;8;1;3;15;8;6;9
11571;26208;7;15;23;1;1;2;1;1;7062;9;7;1;1;15;3;4;32
11572;26209;7;16;23;1;1;2;1;1;13;230;8;2;2;15;4;1;21
11573;26210;7;12;23;1;1;2;1;1;7040;2;8;1;7;10;9;11;3
11574;26211;7;21;23;1;1;1;1;1;13;240;8;1;8;14;1;16;32
11575;26213;7;20;23;1;1;1;1;1;13;233;8;2;2;15;4;1;38
11576;26214;7;12;23;1;1;2;1;1;7062;5;7;1;3;15;8;6;9
11577;26215;7;23;23;1;1;1;1;1;13;235;8;2;2;15;4;1;42
11578;26216;7;14;23;1;1;2;1;1;13;240;8;1;2;15;4;1;9
11579;26217;7;3;23;1;1;1;1;1;4;120;8;1;8;18;9;11;9
11580;26218;7;14;23;1;1;2;1;1;4;118;8;1;8;18;9;11;48
11581;26222;7;20;23;1;1;1;1;1;6;173;8;1;2;15;6;1;38
11582;26223;7;13;23;1;1;2;1;1;6;172;8;1;2;15;4;1;33
11583;26224;7;11;23;1;1;2;1;1;6;172;8;1;2;15;4;1;21
11584;26225;7;21;23;1;1;1;1;1;7071;9999;7;1;8;18;9;11;21
11585;26226;7;14;23;1;1;2;1;1;6;173;8;1;2;15;4;1;31
11586;26227;7;12;23;1;1;2;1;1;6;177;0;1;3;15;8;6;3
11587;26228;7;19;55;1;1;1;1;1;16;348;7;1;1;15;1;4;9
11588;26229;7;17;24;1;1;2;1;1;16;454;6;1;8;14;1;18;21
11589;26230;7;18;24;1;1;2;1;1;19;18;7;1;3;15;1;12;46
11590;26231;7;14;24;1;1;2;1;1;16;396;7;2;1;15;1;4;9
11591;26232;7;23;24;2;1;1;1;1;6209;23;6;1;1;15;1;4;9
11592;26234;7;19;55;1;1;1;1;1;6201;9999;6;1;3;15;7;1;9
11593;26235;7;0;55;1;1;1;1;1;2;373;6;1;7;14;1;16;59
11594;26238;7;12;24;1;1;2;1;1;2;463;6;1;8;18;9;1;81
11595;26239;7;17;55;1;1;2;1;1;6203;2;5;1;3;15;8;1;21
11596;26240;7;23;24;1;1;1;1;1;2;453;7;1;3;15;8;1;9
11597;26242;7;11;55;1;1;2;1;1;16;300;6;1;3;15;3;1;21
11598;26243;7;12;24;1;1;2;1;1;16;427;6;1;1;15;3;4;9
11599;26244;7;9;24;1;1;2;1;1;16;427;6;1;3;15;3;18;9
11600;26246;7;7;24;1;1;2;1;1;16;457;6;1;8;18;7;10;21
11601;26249;7;1;3;1;1;1;1;1;2;336;17;1;7;14;2;16;9
11602;26250;7;23;24;1;1;1;1;1;2;447;7;1;2;15;4;17;31
11603;26251;7;23;24;1;1;1;1;1;19;20;7;1;3;15;6;12;21
11604;26252;7;11;24;1;1;2;1;1;19;20;7;1;2;15;4;1;21