;NUM_ACC;MOIS_ACC;HEU_ACC;COD_PRV;COD_ETA_CHA;COD_ETA_SUR;COD_LUM;COD_INT;TYP_LIE_ACC;NUM_ROU;PKM;LAR_CHA;COD_TYP_CHA;COD_TYP_COL;COD_OBS_HRT;COD_POI_CHO;COD_MAN;CIR_ACC
11972;26775;7;19;27;1;1;1;1;1;1;605;8;1;8;13;7;1;82
11973;26776;7;12;27;1;1;2;1;1;2319;14;6;1;2;15;4;1;9
11974;26777;7;22;68;1;1;1;1;1;2341;3;6;1;1;15;1;4;33
11975;26780;7;8;68;1;1;2;1;1;2310;3;6;1;1;15;1;4;9
11976;26781;7;20;68;1;1;1;1;1;201;90;6;1;8;18;7;1;46
11977;26782;7;14;68;1;1;2;1;1;201;79;6;1;8;18;8;1;31
11978;26784;7;8;28;1;1;2;1;1;803;49;8;2;2;15;6;1;32
11979;26785;7;10;10;1;1;2;1;1;303;35;7;1;7;15;1;4;9
11981;26788;7;8;50;1;1;2;1;1;801;104;8;1;1;15;1;4;50
11982;26789;7;20;28;2;1;1;1;1;3626;9999;7;1;8;14;1;16;50
11983;26791;7;16;28;1;1;2;1;1;314;9999;7;1;8;13;9;10;9
11984;26792;7;10;54;1;1;2;1;1;1;395;8;1;7;15;7;16;21
11986;26794;7;8;54;1;1;2;1;1;318;47;7;1;8;13;9;11;21
11987;26795;7;14;28;2;1;2;1;1;3619;9999;6;1;8;13;9;10;50
11988;26796;7;9;54;1;1;2;1;1;3606;17;5;1;3;15;8;4;9
11989;26797;7;9;54;1;1;2;1;1;3625;9999;7;1;2;15;4;1;9
11990;26798;7;21;54;1;1;1;1;1;3602;9999;7;1;8;14;7;16;9
11991;26799;7;20;28;2;1;1;1;1;3623;9999;6;1;8;13;9;11;31
11992;26800;7;4;54;1;1;1;1;1;801;106;8;1;2;15;6;7;9
11993;26801;7;23;6;1;1;1;1;1;322;28;8;1;1;15;1;2;21
11994;26802;7;11;6;1;1;2;1;1;404;134;7;1;3;15;5;12;9
11995;26803;7;16;6;1;1;2;1;1;3308;3;4;1;2;15;4;1;21
11996;26804;7;22;28;1;1;1;1;1;9;107;8;1;7;15;1;16;3
11997;26805;7;14;28;1;1;2;1;1;9;108;8;1;8;13;9;11;21
11998;26806;7;11;54;1;1;2;1;1;3627;13;6;1;8;18;1;9;53
11999;26807;7;1;54;1;1;1;1;1;1;385;7;1;1;15;1;4;50
12000;26808;7;16;6;1;1;2;1;1;322;32;8;1;1;15;1;2;9
12001;26809;7;11;6;1;1;2;1;1;3302;4;4;1;8;18;8;10;9
12003;26811;7;21;6;1;1;1;1;1;322;49;8;1;2;15;1;1;9
12004;26812;7;14;6;1;1;2;1;1;3315;9999;5;1;3;15;7;9;9
12005;26813;7;9;54;1;1;2;1;1;3610;9999;7;1;2;15;4;1;9
12006;26814;7;8;28;1;1;2;1;1;803;94;8;2;8;13;9;10;9
12007;26815;7;23;6;1;1;1;1;1;322;31;8;1;7;14;8;16;9
12008;26816;7;8;6;1;1;2;1;1;403;42;6;1;3;15;8;4;81
12009;26822;7;20;72;1;1;1;1;1;9;40;7;1;8;13;9;18;9
12010;26823;7;22;54;1;1;1;1;1;9999;9999;7;1;8;15;4;21;53
12011;26825;7;12;54;1;1;2;1;1;3011;9999;6;1;3;15;6;1;9
12012;26826;7;18;54;1;1;2;1;1;3005;9999;4;1;2;15;4;1;9
12013;26827;7;13;54;1;1;2;1;1;1;398;8;1;2;15;4;1;36
12014;26828;7;11;54;1;1;2;1;1;1;390;8;1;8;14;1;16;9
12015;26829;7;19;54;1;1;1;1;1;1;385;8;1;1;15;1;14;9
12016;26830;7;12;50;1;1;2;1;1;801;100;8;1;8;13;7;11;32
12017;26831;7;10;54;1;1;2;1;1;801;107;8;1;8;13;7;11;9
12018;26832;7;20;10;1;1;1;1;1;801;122;8;1;8;11;8;10;9
12021;26835;7;22;54;1;1;1;1;1;9;41;7;1;3;15;8;4;9
12022;26836;7;18;54;1;1;2;1;1;9;43;7;1;3;15;8;4;9
12023;26837;7;11;72;1;1;2;1;1;9;37;7;1;2;15;4;1;82
12024;26838;7;11;72;1;1;2;1;1;9;36;7;1;2;15;4;1;21
12025;26839;7;18;72;1;1;2;1;1;9;39;7;1;8;13;7;5;9
12026;26840;7;9;28;1;1;2;1;1;3305;9999;6;1;8;13;1;11;9
12027;26841;7;12;6;1;1;2;1;1;305;68;6;1;3;15;8;6;21
12028;26842;7;22;6;1;1;1;1;1;3305;14;6;1;2;15;4;21;31
12029;26843;7;19;6;1;1;1;1;1;3326;6;6;1;3;15;8;6;3
12030;26844;7;16;6;1;1;2;1;1;3307;10;6;1;8;13;1;11;3
12031;26845;7;13;6;1;1;2;1;1;3319;2;6;1;8;12;1;10;9
12032;26846;7;21;6;1;1;1;1;1;3326;0;6;1;3;15;8;4;9
12033;26847;7;11;6;1;1;2;1;1;3326;5;6;1;3;15;8;12;38
12034;26848;7;7;6;1;1;2;1;1;3305;11;6;1;8;13;9;11;42
12035;26849;7;19;51;1;1;1;1;1;3313;8;6;1;2;15;4;1;31
12036;26851;7;20;6;1;1;1;1;1;322;27;8;1;3;15;7;1;3
12037;26852;7;20;6;1;1;1;1;1;322;28;8;1;2;15;4;1;38
12038;26853;7;11;6;1;1;2;1;1;322;28;8;1;5;15;4;1;38
12039;26854;7;23;6;1;1;1;1;1;322;30;8;1;3;15;5;1;21
12040;26855;7;21;6;1;1;1;1;1;322;28;8;1;3;15;7;2;21
12042;26858;7;19;28;1;1;1;1;1;305;9999;7;1;3;15;8;8;82
12043;26860;7;9;28;1;1;2;1;1;803;81;8;2;8;13;9;11;42
12044;26861;7;6;28;1;1;2;1;1;803;94;8;2;8;13;9;11;9
12045;26862;7;11;28;1;1;2;1;1;803;47;8;2;8;13;1;10;9
12046;26863;7;11;28;1;1;2;1;1;803;57;8;2;8;13;9;10;21
12047;26864;7;0;28;1;1;1;1;1;803;66;8;2;8;2;9;10;43
12048;26865;7;22;6;1;1;1;1;1;3325;3;5;1;2;15;9;1;32
12049;26866;7;14;6;1;1;2;1;1;404;9999;7;1;3;15;7;12;9
12050;26867;7;12;6;1;1;2;1;1;3331;10;6;1;8;13;1;11;82
12053;26870;7;22;6;1;1;1;1;1;305;27;6;1;2;15;6;1;9
12054;26872;7;13;28;2;1;2;1;1;2115;9999;6;1;3;15;8;17;53
12055;26873;7;8;28;2;1;2;1;1;3503;9999;7;1;8;13;9;10;9
12056;26874;7;23;28;2;1;1;1;1;3503;9999;6;1;1;15;1;2;33
12057;26876;7;15;28;1;1;2;1;1;308;9999;7;1;8;13;2;11;50
12058;26877;7;19;28;1;1;1;1;1;3618;9999;6;1;8;14;1;16;92
12059;26879;7;16;28;2;1;2;1;1;205;9999;7;1;7;13;9;11;21
12060;26881;7;21;54;1;1;1;1;1;320;29;8;1;2;15;4;1;3
12061;26882;7;15;28;1;1;2;1;1;205;9999;7;1;7;15;8;2;42
12062;26884;7;8;54;1;1;2;1;1;3618;6;7;1;8;13;9;10;9
12063;26886;7;0;54;1;1;1;1;1;318;63;7;1;8;13;9;11;9
12064;26887;7;16;54;1;1;2;1;1;803;18;8;1;2;15;6;1;9
12065;26888;7;18;54;1;1;2;1;1;3602;9999;7;1;3;15;7;6;46
12066;26889;7;22;54;1;1;1;1;1;3601;9;7;1;8;13;9;11;38
12067;26890;7;8;54;1;1;2;1;1;303;34;7;1;8;13;9;10;32
12068;26893;7;21;54;1;1;1;1;1;3607;4;7;1;7;15;8;12;86
12069;26894;7;14;54;1;1;2;1;1;320;31;8;2;8;14;5;17;38
12070;26895;7;12;28;1;1;2;1;1;9;110;8;1;8;14;1;16;9
12071;26897;7;22;28;1;1;1;1;1;9;101;8;1;2;15;4;1;31
12072;26898;7;8;54;1;1;2;1;1;803;38;8;1;8;13;8;5;31
12073;26899;7;8;54;1;1;2;1;1;803;39;8;1;8;13;8;10;53
12074;26900;7;12;54;1;1;2;1;1;803;21;8;1;8;11;8;5;31
12075;26901;7;12;54;1;1;2;1;1;3607;0;7;1;8;14;8;16;31
12076;26903;7;21;54;1;1;1;1;1;320;27;8;2;2;15;4;1;9
12077;26905;7;17;54;1;1;2;1;1;3607;0;7;1;2;15;4;1;21
12078;26907;7;12;54;1;1;2;1;1;320;31;8;2;2;15;4;1;21
12079;26908;7;17;54;1;1;2;1;1;320;26;8;2;2;15;4;1;31
12080;26909;7;14;54;1;1;2;1;1;320;31;9;2;7;15;8;14;46
12081;26910;7;22;54;1;1;1;1;1;320;32;8;2;7;15;2;4;9
12082;26913;7;22;54;1;1;1;1;1;320;29;8;2;8;14;8;18;46
12083;26917;7;22;6;1;1;1;1;1;322;28;8;1;2;15;4;1;9
12084;26918;7;4;6;1;1;1;1;1;322;39;8;1;8;18;7;11;9
12085;26920;7;11;6;1;1;2;1;1;322;29;8;1;7;14;7;16;46
12086;26921;7;17;6;1;1;2;1;1;322;29;8;1;3;15;7;1;9
12087;26922;7;12;6;1;1;2;1;1;1;328;7;1;7;18;9;1;48
12088;26923;7;15;6;1;1;2;1;1;3323;3;8;1;3;15;2;1;9
12089;26924;7;21;6;1;1;1;1;1;1;312;7;1;2;15;4;1;21
12090;26925;7;18;6;1;1;2;1;1;3323;1;7;1;3;15;3;1;9
12091;26926;7;4;6;1;1;1;1;1;1;327;7;1;3;15;8;10;32
12092;26927;7;14;6;1;1;2;1;1;3323;2;7;1;3;15;3;8;9
12093;26928;7;12;6;1;1;2;1;1;3323;1;7;1;8;18;1;10;9
12094;26929;7;16;6;1;1;2;1;1;3323;1;7;1;2;15;4;1;31
12095;26930;7;12;6;1;1;2;1;1;3323;3;7;1;2;15;4;1;46
12097;26932;7;20;6;1;1;1;1;1;801;48;11;1;2;15;4;1;9
12098;26933;7;8;6;1;1;2;1;1;801;36;11;1;2;15;4;1;459
12101;26936;7;17;6;1;1;2;1;1;801;25;11;2;5;15;1;11;9
12104;26939;7;13;6;1;1;2;1;1;3324;9999;5;1;3;15;8;4;9
12105;26940;7;15;6;1;1;2;1;1;404;119;7;1;3;15;8;4;9
12106;26941;7;21;6;1;1;1;1;1;322;47;8;1;3;15;7;1;9
12107;26944;7;11;6;1;1;2;1;1;322;40;8;1;2;15;4;1;9
12108;26945;7;8;6;1;1;2;1;1;322;27;8;1;2;15;8;1;31
12109;26946;7;17;6;1;1;2;1;1;322;29;8;1;3;15;8;7;9
12110;26948;7;23;51;1;1;1;1;1;322;26;8;1;2;15;4;1;432
12111;26949;7;23;28;1;1;1;1;1;308;45;7;1;2;15;4;1;439
12112;26950;7;8;28;2;1;2;1;1;3626;9;6;1;2;15;4;1;9
12113;26951;7;22;28;1;1;1;1;1;305;101;7;1;2;15;4;1;9
12114;26952;7;13;28;1;1;2;1;1;11;75;8;1;7;15;8;2;9
12115;26953;7;10;28;1;1;2;1;1;11;67;8;1;8;13;8;10;9
12116;26954;7;15;28;2;1;2;1;1;3618;9999;6;1;8;13;9;10;9
12117;26955;7;17;28;2;1;2;1;1;3620;9999;6;1;8;13;9;11;9
12118;26956;7;19;28;2;1;1;1;1;316;100;7;1;8;13;9;11;9
12119;26957;7;17;28;2;1;2;1;1;3620;9999;7;1;8;13;9;11;32
12120;26958;7;4;28;2;1;1;1;1;3622;9999;6;1;8;13;9;10;3
12121;26960;7;17;28;2;1;2;1;1;3333;9999;7;1;1;15;1;1;9
12122;26961;7;20;28;1;1;1;1;1;11;86;8;1;1;15;1;2;9
12124;26965;7;21;28;1;1;1;1;1;308;27;7;1;8;15;4;20;9
12125;26966;7;10;28;1;1;2;1;1;308;27;7;1;1;15;1;1;32
12126;26967;7;9;28;1;1;2;1;1;308;20;7;1;3;15;8;6;9
12127;26968;7;21;28;1;1;1;1;1;308;18;7;1;8;13;9;11;38
12128;26969;7;14;28;2;1;2;1;1;3615;9999;6;1;8;13;2;11;9
12129;26970;7;17;28;1;1;2;1;1;308;16;7;1;8;14;1;16;38
12130;26971;7;19;28;1;1;1;1;1;308;28;7;1;8;13;2;11;21
12131;26972;7;8;28;1;1;2;1;1;308;29;7;1;7;15;8;2;48
12132;26973;7;18;28;1;1;2;1;1;308;27;7;1;8;14;1;16;9
12133;26974;7;17;28;1;1;2;1;1;9;106;8;1;8;13;9;10;9
12134;26975;7;4;28;1;1;1;1;1;9;107;8;1;8;13;9;11;21
12135;26976;7;1;28;2;1;1;1;1;9999;9999;6;1;2;15;4;1;21
12136;26977;7;12;28;1;1;2;1;1;11;96;8;1;1;15;1;2;38
12137;26978;7;19;28;1;1;1;1;1;11;72;8;1;2;15;4;1;36
12138;26979;7;18;28;1;1;2;1;1;11;82;8;1;8;13;9;11;86
12139;26980;7;0;50;1;1;1;1;1;801;102;8;1;2;15;4;1;38
12140;26981;7;4;54;1;1;1;1;1;803;34;8;1;2;15;4;1;36
12141;26982;7;21;54;1;1;1;1;1;803;21;8;1;2;15;4;1;3
12142;26983;7;12;54;1;1;2;1;1;803;38;8;1;8;13;7;11;53
12143;26984;7;3;54;1;1;1;1;1;803;37;8;1;3;15;3;1;9
12144;26985;7;3;54;1;1;1;1;1;803;27;8;1;8;13;7;11;9
12145;26986;7;16;54;1;1;2;1;1;803;38;8;1;8;18;4;19;21
12146;26989;7;14;54;1;1;2;1;1;3625;9999;7;1;8;13;9;11;92
12147;26994;7;12;54;1;1;2;1;1;3625;9999;7;1;2;15;4;1;88
12149;26998;7;14;54;1;1;2;1;1;3625;9999;7;1;8;14;8;18;3
12150;26999;7;14;54;1;1;2;1;1;3625;9999;7;1;7;15;8;12;9
12151;27000;7;13;54;1;1;2;1;1;3625;9999;7;1;3;15;7;6;3
12152;27006;7;7;54;1;1;2;1;1;3602;13;7;1;3;15;2;1;9
12153;27007;7;23;28;1;1;1;1;1;305;108;7;1;1;15;1;2;21
12154;27008;7;0;28;1;1;1;1;1;308;13;7;1;2;15;5;1;9
12156;27010;7;1;28;2;1;1;1;1;3606;34;6;1;7;15;8;2;9
12157;27011;7;18;28;1;1;2;1;1;308;12;7;1;8;13;2;11;9
12158;27012;7;14;28;1;1;2;1;1;804;32;8;2;8;2;3;10;9
12159;27013;7;11;6;1;1;2;1;1;3323;3;8;2;3;15;8;1;9
12161;27015;7;8;6;1;1;2;1;1;1;327;7;1;7;18;1;10;31
12162;27016;7;10;6;1;1;2;1;1;1;315;7;1;2;15;4;1;31
12163;27017;7;18;54;1;1;2;1;1;1;391;8;1;1;15;7;16;31
12164;27018;7;19;54;1;1;1;1;1;320;24;6;1;3;15;8;8;71
12165;27019;7;17;54;1;1;2;1;1;320;24;6;1;8;14;1;16;9
12166;27020;7;22;54;1;1;1;1;1;1;385;8;1;2;15;4;1;9
12167;27022;7;22;54;2;1;1;1;1;1;386;10;1;2;15;4;1;9
12168;27023;7;18;54;1;1;2;1;1;3603;9999;8;1;1;15;4;1;33
12170;27025;7;18;6;1;1;2;1;1;3323;1;7;1;2;15;4;1;9
12172;27027;7;20;6;1;1;1;1;1;305;2;7;1;7;15;2;1;48
12173;27028;7;19;6;1;1;1;1;1;1;312;7;1;2;15;4;1;32
12174;27029;7;18;6;1;1;2;1;1;3327;1;4;1;8;18;9;10;432
12175;27032;7;19;6;1;1;1;1;1;322;47;8;1;3;15;8;4;9
12176;27033;7;20;6;1;1;1;1;1;322;47;8;1;8;14;1;16;9
12177;27034;7;17;6;1;1;2;1;1;322;48;8;1;8;14;1;16;9
12178;27035;7;16;54;1;1;2;1;1;3603;9999;6;1;3;15;8;21;9
12179;27036;7;22;54;1;1;1;1;1;3603;9999;6;1;8;14;1;16;31
12180;27037;7;16;72;1;1;2;1;1;320;22;7;1;3;15;8;1;48
12181;27039;7;18;72;1;1;2;1;1;320;21;6;1;3;15;8;1;9
12182;27040;7;14;28;1;1;2;1;1;9;63;8;1;3;15;8;6;9
12183;27041;7;21;28;1;1;1;1;1;9;71;8;1;3;18;6;1;31
12184;27042;7;21;28;1;1;1;1;1;9;99;8;1;2;15;6;1;3
12185;27043;7;17;28;2;1;2;1;1;3629;9999;6;1;8;13;1;10;53
12186;27044;7;18;6;1;1;2;1;1;322;39;8;1;2;15;4;1;9
12187;27045;7;21;51;1;1;1;1;1;322;26;8;1;3;15;7;13;9
12188;27046;7;4;51;1;1;1;1;1;322;27;8;1;8;18;8;10;9
12191;27051;7;1;54;1;1;1;1;1;318;91;7;1;2;15;4;1;9
12192;27052;7;19;54;1;1;1;1;1;11;35;8;1;4;15;4;20;9
12193;27053;7;22;54;1;1;1;1;1;318;89;7;1;3;15;9;4;9
12194;27054;7;5;54;1;1;1;1;1;11;55;8;1;3;15;8;4;9
12195;27055;7;20;54;1;1;1;1;1;11;35;8;1;3;15;7;4;9
12196;27056;7;22;54;1;1;1;1;1;3612;9999;5;1;3;15;8;4;9
12197;27057;7;0;50;1;1;1;1;1;801;103;8;1;2;15;4;1;9
12198;27058;7;0;54;1;1;1;1;1;801;106;8;1;2;15;4;1;3
12199;27059;7;20;54;1;1;1;1;1;801;113;8;1;2;15;4;21;21
12200;27060;7;23;72;1;1;1;1;1;9;32;7;1;3;15;8;1;9
12201;27061;7;15;72;1;1;2;1;1;9;36;7;1;2;15;4;1;9
12202;27062;7;13;54;1;1;2;1;1;9;42;7;1;3;15;8;4;9
12203;27063;7;11;72;1;1;2;1;1;9;31;7;1;8;11;7;11;9
12204;27064;7;19;72;1;1;1;1;1;9;32;7;1;8;14;1;16;9
12205;27065;7;15;54;1;1;2;1;1;3603;9999;6;1;2;15;4;1;9
12206;27066;7;13;54;1;1;2;1;1;1;394;15;1;2;15;4;1;9
12207;27067;7;14;54;1;1;2;1;1;3603;9999;6;1;2;15;4;1;9
12209;27070;7;14;54;1;1;2;1;1;3603;9999;7;1;2;15;4;1;9
12211;27072;7;21;54;1;1;1;1;1;3011;30;6;1;1;15;1;4;9
12212;27074;7;10;54;1;1;2;1;1;318;76;6;1;8;18;9;15;9
12213;27075;7;7;28;1;1;2;1;1;803;71;3;2;8;2;2;11;9
12214;27076;7;19;54;1;1;1;1;1;320;26;8;2;8;14;8;16;9
12215;27077;7;1;54;1;1;1;1;1;3607;7;7;1;8;14;8;18;9
12216;27079;7;18;61;1;2;2;4;1;4538;9999;5;1;8;14;9;1;3
12217;27080;7;11;61;1;1;2;1;1;4;26;7;1;8;13;9;11;9
12218;27081;7;14;61;1;1;2;1;1;4;38;7;1;1;15;1;4;9
12219;27082;7;12;17;1;1;2;1;1;4528;9999;4;1;7;14;1;16;9
12220;27083;7;10;17;1;1;2;1;1;4510;9999;4;1;1;15;1;2;9
12221;27084;7;13;17;1;1;2;1;1;4516;0;5;1;7;14;2;1;9
12222;27086;7;0;61;1;1;1;1;1;413;43;6;1;7;14;4;16;9
12223;27088;7;5;61;2;1;1;1;1;4235;9999;6;1;3;15;8;4;9
12224;27089;7;18;17;1;1;2;1;1;4;80;5;1;7;14;7;16;9
12225;27090;7;20;17;1;1;1;1;1;4232;59;4;1;5;15;8;2;31
12226;27091;7;11;17;2;1;2;1;1;4240;22;4;1;8;13;9;19;40
12227;27092;7;11;17;2;1;2;1;1;4232;44;37;1;7;15;1;7;31
12228;27093;7;6;17;2;1;2;1;1;408;9999;4;1;8;13;9;18;31
12229;27094;7;15;17;1;1;2;1;1;408;12;4;1;8;13;9;18;31
12230;27095;7;15;61;2;1;2;1;1;4240;14;4;1;8;14;1;16;42
12231;27096;7;1;17;1;1;1;1;1;4232;33;4;1;2;15;1;1;9
12233;27098;7;14;17;1;1;2;1;1;413;26;10;1;7;14;3;16;38
12234;27099;7;5;17;1;1;1;1;1;4536;9999;5;1;2;15;2;1;31
12235;27100;7;21;17;1;1;1;1;1;4517;9999;5;1;2;15;2;1;9
12236;27101;7;12;61;1;1;2;1;1;4538;9999;5;1;8;14;1;16;43
12237;27103;7;8;17;1;1;2;1;1;411;23;6;1;2;15;4;1;9
12238;27104;7;13;17;1;1;2;1;1;413;63;5;1;2;15;4;1;21
12239;27105;7;12;17;1;1;2;1;1;4;69;5;1;2;15;4;1;9
12240;27106;7;9;17;1;1;2;1;1;413;46;5;1;8;18;9;1;9
12241;27107;7;22;17;1;1;1;1;1;413;56;5;1;2;15;4;1;31
12242;27108;7;12;16;2;1;2;1;1;4233;10;4;1;8;13;9;18;31
12243;27110;7;9;17;1;1;2;1;1;13;180;5;1;8;18;9;1;31
12244;27111;7;22;17;1;1;1;1;1;4232;25;4;1;2;15;4;1;9
12245;27113;7;4;17;1;1;1;3;1;13;146;5;1;7;16;9;1;9
12246;27114;7;15;17;1;1;2;1;1;4;81;5;1;1;15;3;2;31
12247;27115;7;9;17;1;1;2;1;1;4;69;5;1;3;15;6;12;9
12248;27116;7;14;61;1;1;2;1;1;9999;39;4;1;8;18;9;1;43
12250;27119;7;20;17;1;1;1;1;1;413;9;9;1;8;15;3;4;9
12251;27120;7;7;17;1;1;2;2;1;411;20;7;1;2;15;2;4;5
12252;27122;7;23;17;1;1;1;1;1;4518;3;4;1;8;18;9;1;9
12253;27123;7;22;23;1;1;1;1;1;13;199;5;1;8;18;9;1;9
12254;27124;7;18;17;1;1;2;1;1;4559;9999;4;1;2;15;4;1;9
12255;27126;7;20;17;1;1;1;1;1;4550;9999;4;1;8;18;9;1;9
12256;27128;7;23;17;1;1;1;1;1;411;0;6;1;8;13;7;11;9
12257;27129;7;21;17;1;1;1;1;1;13;132;5;1;8;16;9;1;33
12258;27130;7;11;17;1;1;2;1;1;4533;9999;4;1;8;18;9;1;3
12259;27131;7;7;17;1;1;2;1;1;13;125;5;1;8;18;9;1;9
12260;27132;7;21;17;1;1;1;1;1;4561;9999;4;1;8;18;9;1;9
12261;27133;7;21;17;1;1;1;1;1;4549;9999;4;1;3;15;8;6;3
12262;27134;7;23;17;1;1;1;1;1;4516;6;4;1;3;15;8;2;9
12263;27135;7;21;61;1;1;1;1;1;409;25;4;1;7;15;3;4;21
12264;27136;7;16;61;1;1;2;1;1;4235;0;7;1;7;15;3;1;9
12265;27137;7;4;61;1;1;1;1;1;4235;0;7;1;7;15;2;1;9
12266;27138;7;15;17;1;1;2;1;1;13;132;5;1;8;18;9;1;9
12267;27139;7;18;17;1;1;2;1;1;4536;12;4;1;8;16;9;1;9
12268;27140;7;12;17;1;1;2;1;1;411;20;5;1;8;16;9;1;9
12269;27141;7;12;17;1;1;2;1;1;4548;9999;4;1;2;15;4;1;36
12270;27142;7;17;17;1;1;2;1;1;4538;25;4;1;2;15;2;1;21
12271;27143;7;12;17;1;1;2;1;1;411;19;5;1;3;15;8;1;38
12272;27144;7;22;17;1;1;1;1;1;411;22;5;1;3;15;8;6;36
12273;27145;7;1;61;1;1;1;1;1;411;37;6;1;2;15;4;1;9
12274;27146;7;2;61;1;1;1;1;1;411;36;6;1;7;16;8;16;36
12275;27147;7;14;61;2;1;2;1;1;4238;9999;6;1;2;15;4;1;38
12276;27148;7;17;61;2;1;2;1;1;4252;9999;6;1;7;14;8;16;9
12277;27149;7;18;61;2;1;2;1;1;4252;9999;6;1;2;15;4;1;9
12278;27151;7;19;61;1;1;1;1;1;4;35;7;1;8;13;9;10;55
12279;27152;7;1;61;1;1;1;1;1;4;24;7;1;7;16;8;16;46
12280;27154;7;12;61;1;1;2;1;1;409;25;7;1;7;15;1;1;59
12281;27156;7;13;61;1;1;2;1;1;4235;9999;8;1;8;18;8;10;46
12282;27157;7;21;61;1;1;1;1;1;4;41;7;1;8;13;7;11;59
12283;27158;7;0;61;2;1;1;1;1;4235;9999;8;1;8;13;8;10;9
12284;27159;7;21;61;2;1;1;1;1;4238;9999;6;1;3;15;8;4;48
12285;27160;7;9;61;2;1;2;1;1;4252;9999;6;1;2;15;4;1;31
12286;27161;7;11;61;1;1;2;1;1;4236;9999;4;1;8;18;9;1;21
12287;27162;7;12;17;1;1;2;1;1;4551;9999;4;1;8;18;9;1;31
12288;27163;7;18;17;1;1;2;1;1;4541;9999;4;1;2;15;8;1;9
12289;27164;7;20;61;1;1;1;1;1;409;5;6;1;2;15;3;1;9
12290;27165;7;20;61;1;1;1;1;1;409;7;7;1;8;13;7;11;9
12291;27166;7;23;61;1;1;1;1;1;4240;3;5;1;7;16;7;16;5
12292;27167;7;9;61;1;1;2;1;1;4240;14;5;1;7;14;8;16;9
12293;27168;7;12;61;2;1;2;1;1;4235;9999;8;1;8;13;7;11;9
12294;27169;7;19;61;1;1;1;1;1;4249;9999;6;1;3;15;8;4;31
12295;27170;7;16;61;1;1;2;1;1;705;43;7;1;8;13;9;1;21
12296;27171;7;6;61;1;1;2;1;1;409;25;7;1;7;15;7;1;341
12297;27173;7;12;18;1;1;2;1;1;4322;0;8;1;7;14;2;16;341
12298;27174;7;12;61;1;2;2;1;1;4235;2;7;1;7;14;1;16;9
12299;27175;7;15;61;1;1;2;1;1;4240;4;6;1;8;13;9;11;46
12301;27177;7;23;61;1;1;1;1;1;413;30;6;1;2;15;4;1;430
12302;27179;7;12;17;2;1;2;1;1;4234;24;4;1;2;15;1;1;9
12303;27180;7;18;17;2;1;2;1;1;4234;30;4;1;8;14;1;16;9
12304;27181;7;1;69;1;1;1;1;1;16;32;10;1;1;15;1;4;9
12305;27182;7;23;30;1;1;1;1;1;4602;9999;16;1;1;15;1;4;9
12306;27183;7;22;30;1;1;1;1;1;2;18;7;2;7;14;1;16;9
12307;27184;7;5;30;1;1;1;1;1;1;33;7;1;1;16;5;10;9
12308;27185;7;6;30;1;1;2;1;1;805;86;7;2;3;1;8;21;9
12309;27186;7;21;30;1;1;1;1;1;1;51;8;1;8;14;1;16;9
12310;27187;7;19;40;1;1;1;1;1;805;102;7;2;7;14;1;16;32
12311;27188;7;19;40;1;1;1;1;1;415;12;6;1;7;14;1;16;9
12312;27190;7;2;40;1;1;1;1;1;415;29;6;1;1;15;1;4;9
12313;27191;7;23;30;1;1;1;1;1;2;18;7;2;3;15;8;6;9
12314;27192;7;22;40;1;1;1;1;1;4404;3;5;1;8;14;1;16;9
12315;27193;7;7;40;1;1;2;1;1;415;19;6;1;8;18;7;1;82
12316;27197;7;11;36;1;1;2;2;1;2;24;7;2;8;14;1;16;9
12317;27198;7;5;69;1;1;1;1;1;16;15;10;1;7;2;1;9;21
12318;27200;7;10;30;1;1;2;1;1;4601;9999;18;1;3;15;8;4;31
12320;27202;7;18;30;1;1;2;1;1;1;21;7;1;3;15;6;6;3
12321;27203;7;20;30;1;1;1;1;1;4600;9999;12;1;3;15;8;10;82
12322;27204;7;21;30;1;1;1;1;1;1;23;9;1;3;15;3;4;9
12323;27207;7;2;30;1;1;1;1;1;4600;9999;12;1;3;15;8;4;21
12324;27209;7;17;30;1;1;2;1;1;1;21;8;1;1;15;1;4;9
12325;27211;7;20;30;1;1;1;1;1;1;17;7;1;1;15;3;1;9
12326;27212;7;20;30;1;1;1;1;1;9999;9999;9;1;3;15;8;12;9
12327;27215;7;7;30;1;1;2;1;1;4601;9999;13;1;8;12;1;10;9
12328;27216;7;18;30;1;1;2;1;1;4600;9999;11;1;3;15;8;12;9
12329;27217;7;19;69;1;1;1;1;1;16;43;5;1;8;14;1;16;21
12330;27219;7;13;69;1;1;2;1;1;16;39;7;2;2;15;6;6;31
12331;27221;7;23;69;1;1;1;1;1;16;36;9;1;3;15;8;1;32
12333;27223;7;14;69;1;1;2;1;1;16;35;10;1;8;14;1;16;48