;NUM_ACC;MOIS_ACC;HEU_ACC;COD_PRV;COD_ETA_CHA;COD_ETA_SUR;COD_LUM;COD_INT;TYP_LIE_ACC;NUM_ROU;PKM;LAR_CHA;COD_TYP_CHA;COD_TYP_COL;COD_OBS_HRT;COD_POI_CHO;COD_MAN;CIR_ACC
12334;27224;7;10;69;1;1;2;1;1;16;17;8;1;2;15;4;1;9
12335;27225;7;19;69;1;1;1;1;1;16;12;10;1;5;15;9;9;33
12336;27226;7;13;30;1;1;2;1;1;1;10;12;2;8;14;1;16;9
12338;27228;7;12;30;1;1;2;1;1;1;10;12;2;8;14;1;16;32
12339;27229;7;12;30;1;1;2;1;1;1;13;8;2;3;15;5;6;9
12340;27230;7;10;30;1;1;2;1;1;1;12;6;2;7;7;1;11;341
12341;27231;7;0;30;1;1;1;1;1;1;10;8;2;3;15;7;6;46
12342;27232;7;20;30;1;1;1;1;1;805;77;7;2;2;15;7;1;9
12343;27233;7;7;30;1;1;2;1;1;805;67;7;2;7;2;1;10;46
12344;27234;7;16;30;1;1;2;1;1;805;30;7;2;8;14;1;16;31
12345;27235;7;23;30;1;1;1;1;1;2;12;7;2;8;14;1;16;31
12346;27239;7;4;30;1;1;1;1;1;2;16;7;2;2;15;4;1;9
12347;27240;7;12;30;1;1;2;1;1;4607;9999;7;1;8;13;7;13;3
12348;27241;7;20;30;1;1;1;1;1;1;31;9;1;3;15;8;12;31
12349;27242;7;20;30;1;1;1;1;1;1;30;6;1;5;15;9;6;31
12350;27243;7;5;30;1;1;1;1;1;805;90;7;2;8;13;9;11;31
12351;27244;7;11;30;1;1;2;1;1;805;80;5;2;7;13;8;10;31
12352;27245;7;19;30;1;1;1;1;1;805;86;7;2;3;15;7;1;9
12353;27246;7;8;30;1;1;2;1;1;805;14;7;2;7;3;7;10;33
12354;27247;7;20;30;1;1;1;1;1;1;51;9;1;2;15;4;1;82
12355;27248;7;12;40;1;1;2;1;1;805;120;7;2;8;2;7;11;9
12356;27249;7;18;40;1;1;2;1;1;805;128;7;2;3;15;8;1;3
12357;27250;7;15;40;1;1;2;1;1;805;94;7;2;8;18;8;10;31
12359;27252;7;7;40;1;1;2;1;1;805;128;7;2;7;2;6;20;31
12360;27253;7;19;40;1;1;1;1;1;805;127;7;2;8;18;8;10;9
12361;27254;7;7;40;1;1;2;1;1;805;130;7;2;8;18;8;10;9
12362;27255;7;16;40;1;1;2;1;1;1;102;7;2;1;15;1;4;9
12363;27257;7;12;40;1;1;2;1;1;1;115;7;1;3;15;7;1;82
12364;27258;7;22;40;1;1;1;1;1;1;108;7;2;2;15;4;1;9
12365;27260;7;1;40;1;1;1;1;1;410;11;6;1;8;13;7;11;9
12366;27261;7;20;40;1;1;1;1;1;4404;2;5;1;2;15;4;1;31
12367;27262;7;21;40;1;1;1;1;1;410;9;6;1;8;18;8;10;3
12368;27264;7;14;40;1;1;2;1;1;410;4;6;1;8;18;7;11;32
12369;27265;7;18;40;1;1;2;1;1;415;13;6;1;8;18;7;11;9
12370;27266;7;14;40;1;1;2;1;1;1;71;7;1;3;15;8;1;21
12371;27267;7;19;40;1;1;1;1;1;415;32;6;1;8;18;8;10;400
12372;27268;7;2;40;1;1;1;1;1;1;73;7;1;8;18;7;11;9
12373;27271;7;20;40;1;1;1;1;1;417;26;6;1;1;15;1;4;82
12374;27272;7;11;40;1;1;2;1;1;417;25;7;1;3;15;8;1;33
12375;27273;7;21;34;1;1;1;1;1;9999;89;1;2;8;14;1;1;32
12376;27274;7;21;34;1;1;1;1;1;505;85;6;1;8;14;1;16;21
12377;27277;7;15;34;1;1;2;1;1;6;306;6;1;3;15;3;21;32
12378;27278;7;7;34;1;1;2;1;1;802;9999;7;2;8;3;8;10;21
12379;27279;7;12;34;1;1;2;1;1;802;244;7;2;8;18;9;10;59
12380;27280;7;16;34;1;1;2;1;1;5409;12;7;1;2;15;4;1;9
12381;27281;7;15;34;1;1;2;1;1;5420;1;6;1;8;14;1;16;9
12382;27282;7;10;34;1;1;2;1;1;6;291;8;1;2;15;4;1;21
12383;27283;7;14;34;1;1;2;1;1;5420;14;6;1;8;14;1;16;341
12385;27288;7;14;34;1;1;2;1;1;508;76;14;1;8;14;1;16;40
12386;27290;7;18;34;1;1;2;1;1;9999;107;6;2;2;15;4;1;9
12387;27291;7;10;34;1;1;2;1;1;6;301;6;1;8;14;1;16;21
12388;27292;7;12;34;1;1;2;1;1;5409;16;7;1;3;15;2;1;46
12389;27293;7;12;34;1;1;2;1;1;5409;22;7;1;3;15;7;1;32
12390;27294;7;16;34;1;1;2;1;1;5407;8;7;1;8;13;1;11;3
12391;27295;7;20;34;1;1;1;1;1;5407;6;7;1;3;15;3;1;9
12392;27296;7;10;34;2;1;2;1;1;5426;2;6;1;2;15;4;1;31
12393;27297;7;11;34;1;1;2;1;1;5409;13;7;1;2;15;4;1;32
12394;27299;7;11;34;1;1;2;1;1;5409;17;7;1;3;15;3;1;32
12395;27300;7;18;36;1;1;2;1;1;2;55;8;1;8;13;9;1;21
12396;27301;7;9;36;1;1;2;1;1;16;84;8;1;3;15;2;4;3
12397;27302;7;1;36;1;1;1;1;1;807;16;1;2;2;15;1;1;9
12398;27303;7;4;36;1;1;1;1;1;2;28;8;1;8;13;9;1;9
12399;27304;7;22;9;1;1;1;1;1;419;44;5;1;8;13;9;1;9
12400;27306;7;17;52;1;1;2;1;1;13;86;8;1;1;15;1;4;31
12401;27308;7;5;36;1;1;1;1;1;16;105;8;1;8;13;9;1;31
12402;27309;7;1;52;1;1;1;1;1;13;82;8;1;8;13;9;1;31
12403;27310;7;22;36;1;1;1;1;1;16;92;8;1;1;15;1;4;32
12404;27311;7;1;36;1;1;1;1;1;16;115;8;1;1;15;1;4;21
12405;27312;7;18;36;1;1;2;1;1;16;122;8;1;8;13;9;1;9
12407;27314;7;22;36;1;1;1;1;1;16;90;8;1;3;15;6;7;36
12408;27316;7;22;52;1;1;1;1;1;4101;9999;5;1;1;15;1;4;33
12409;27317;7;6;52;1;1;2;1;1;13;107;8;1;1;15;1;4;341
12410;27318;7;13;52;1;1;2;1;1;408;77;6;1;8;13;9;1;21
12411;27319;7;11;9;1;1;2;1;1;16;229;8;1;1;15;1;4;31
12413;27323;7;8;36;1;1;2;1;1;16;107;8;1;1;15;1;4;9
12414;27324;7;16;36;1;1;2;1;1;9999;3;4;1;1;15;1;1;21
12415;27326;7;15;36;1;1;2;1;1;2;40;8;1;8;13;9;1;3
12416;27327;7;12;36;1;1;2;1;1;2;45;8;1;8;13;9;1;9
12417;27328;7;15;36;1;1;2;1;1;2;42;8;2;8;13;9;1;21
12418;27329;7;14;70;1;1;2;1;1;16;59;8;1;8;13;9;1;430
12419;27330;7;15;36;1;1;2;1;1;9999;36;5;1;3;15;8;4;21
12420;27331;7;22;36;1;1;1;1;1;16;121;8;1;3;15;7;4;9
12421;27332;7;12;36;1;1;2;1;1;16;95;8;1;3;15;8;4;9
12422;27336;7;16;36;1;1;2;1;1;16;119;8;1;3;15;7;4;21
12423;27337;7;11;36;1;1;2;1;1;9999;40;2;1;3;15;3;1;31
12424;27338;7;23;36;1;1;1;1;1;9999;40;6;1;7;15;4;1;3
12425;27339;7;20;36;1;1;1;1;1;16;122;8;1;3;15;8;4;5
12426;27340;7;8;36;1;1;2;1;1;16;122;8;1;8;13;9;1;9
12427;27341;7;19;36;1;1;1;1;1;16;108;8;1;1;15;1;4;9
12428;27342;7;15;36;1;1;2;1;1;16;121;8;1;3;15;2;4;9
12429;27343;7;22;36;1;1;1;1;1;2;62;8;1;8;13;9;1;9
12430;27344;7;14;36;1;1;2;1;1;417;9999;6;1;8;6;9;1;3
12431;27346;7;19;69;1;1;1;1;1;4703;9999;4;1;8;13;9;1;9
12432;27347;7;20;36;1;1;1;1;1;807;14;10;2;2;15;4;1;33
12433;27348;7;15;36;1;1;2;1;1;807;24;10;2;8;2;1;1;82
12434;27349;7;9;36;1;1;2;1;1;2;25;8;1;8;13;9;1;38
12435;27350;7;10;36;1;1;2;1;1;2;26;8;1;3;15;2;4;9
12436;27351;7;16;36;1;1;2;1;1;2;36;8;1;2;15;4;1;9
12437;27352;7;19;36;1;1;1;1;1;2;86;6;1;3;15;8;4;21
12438;27353;7;7;36;1;1;2;1;1;2;92;6;1;8;18;7;11;9
12439;27354;7;12;36;1;1;2;1;1;16;85;8;1;4;15;4;1;430
12440;27356;7;12;36;1;1;2;1;1;16;91;8;1;2;15;6;1;21
12443;27359;7;19;36;1;1;1;1;1;2;82;6;1;3;15;7;11;9
12444;27360;7;9;36;1;1;2;1;1;2;96;6;1;8;18;8;10;9
12445;27361;7;17;36;1;1;2;1;1;2;83;6;1;8;18;7;11;71
12446;27362;7;15;36;1;1;2;1;1;2;76;6;1;8;18;8;10;82
12447;27363;7;12;36;1;1;2;1;1;2;82;6;1;8;18;8;10;9
12448;27364;7;16;36;1;1;2;1;1;2;90;6;1;2;15;4;1;32
12449;27365;7;15;52;1;1;2;1;1;13;107;8;1;2;15;4;1;9
12450;27366;7;20;52;1;1;1;1;1;408;28;6;1;8;13;9;1;31
12451;27367;7;17;36;1;1;2;1;1;2;90;6;1;1;15;1;4;3
12452;27368;7;20;36;1;1;1;1;1;2;81;6;1;4;15;4;1;21
12453;27370;7;9;52;1;1;2;1;1;408;38;5;1;2;15;4;1;38
12454;27371;7;12;52;1;1;2;1;1;408;9999;5;1;3;15;3;1;9
12455;27373;7;12;9;1;1;2;1;1;2;108;8;1;3;15;2;7;38
12456;27374;7;13;9;1;1;2;1;1;412;2;6;1;8;13;9;1;9
12457;27375;7;14;9;1;1;2;1;1;2;105;8;1;3;15;7;4;9
12458;27377;7;20;52;1;1;1;1;1;408;88;6;1;8;13;9;1;9
12459;27378;7;23;52;1;1;1;1;1;408;96;6;1;1;15;3;4;99
12461;27380;7;17;52;1;1;2;1;1;4104;33;5;1;2;15;4;1;21
12462;27381;7;8;9;1;1;2;1;1;2;157;8;1;8;13;9;1;71
12463;27382;7;8;9;1;1;2;1;1;2;160;8;1;3;15;3;4;21
12464;27383;7;16;9;1;1;2;1;1;16;189;8;1;8;13;9;1;9
12465;27384;7;18;9;1;1;2;1;1;412;10;8;1;8;13;9;1;3
12466;27385;7;13;9;1;1;2;1;1;2;132;8;1;3;15;7;4;96
12467;27386;7;18;70;2;1;2;3;1;13;16;8;1;2;15;4;1;430
12468;27387;7;15;9;1;1;2;1;1;2;154;7;1;7;15;5;4;82
12469;27388;7;14;52;1;1;2;1;1;4104;5;5;1;8;13;9;1;53
12470;27389;7;17;52;1;1;2;1;1;4571;9999;4;1;8;13;9;1;21
12471;27390;7;17;9;1;1;2;1;1;16;135;8;1;8;13;9;1;3
12472;27391;7;16;9;1;1;2;1;1;16;158;8;1;8;13;9;1;9
12474;27393;7;17;9;1;1;2;1;1;16;158;8;1;8;13;9;1;9
12475;27394;7;17;9;1;1;2;1;1;16;128;8;1;2;15;4;1;9
12478;28001;8;0;45;1;1;1;1;1;1007;9999;5;1;1;15;1;18;9
12479;28003;8;23;37;1;1;1;1;1;1909;6;6;1;1;15;1;1;9
12480;28004;8;16;2;1;1;2;1;1;9999;9999;7;1;3;15;4;1;9
12481;28005;8;12;45;1;1;2;1;1;1;918;9;1;8;14;1;16;21
12482;28006;8;12;45;1;1;2;1;1;105;13;8;1;3;15;1;1;341
12483;28007;8;2;45;1;1;1;1;1;1014;10;6;1;8;18;9;18;9
12484;28008;8;1;45;1;1;1;1;1;1014;10;6;1;8;18;9;18;3
12485;28009;8;11;2;1;1;2;1;1;10;95;9;1;8;18;9;1;9
12486;28010;8;9;2;1;1;2;1;1;9999;9999;9;1;2;18;1;1;9
12487;28012;8;21;45;1;1;1;1;1;105;18;8;1;3;15;3;4;400
12489;28017;8;22;45;1;1;1;1;1;1;918;9;1;2;14;1;1;9
12490;28020;8;21;37;1;1;1;1;1;1909;14;6;1;8;18;9;1;9
12491;28021;8;23;2;1;1;1;1;1;1705;4;7;1;8;15;1;4;21
12493;28031;8;19;2;1;1;1;1;1;1731;9999;8;1;3;15;8;1;9
12494;28036;8;21;45;1;1;1;1;1;1;915;8;1;2;15;4;1;9
12495;28037;8;9;45;1;1;2;1;1;1;916;9;1;8;7;1;18;9
12496;28039;8;6;45;1;1;2;1;1;1;925;9;1;8;14;1;16;82
12497;28040;8;21;45;1;1;1;1;1;1;926;9;1;2;15;1;1;40
12498;28042;8;13;45;1;1;2;1;1;105;18;8;1;8;18;2;4;40
12499;28043;8;14;45;1;1;2;1;1;105;36;8;1;8;18;9;18;40
12500;28044;8;13;45;1;1;2;1;1;105;90;6;1;3;18;2;4;3
12501;28045;8;0;45;1;1;1;1;1;1018;9999;6;1;3;18;2;13;38
12502;28047;8;15;45;1;1;2;1;1;1018;9999;6;1;3;15;2;15;3
12503;28048;8;19;45;1;1;1;1;1;1016;9999;6;1;8;14;1;16;9
12504;28050;8;20;45;1;1;1;1;1;1;908;10;1;8;18;9;18;21
12505;28055;8;11;45;1;1;2;1;1;1014;18;9;1;8;15;4;18;21
12506;28056;8;11;45;1;1;2;1;1;1;905;9;1;8;15;3;18;21
12507;28057;8;21;45;1;1;1;1;1;1;910;9;1;2;15;4;18;9
12508;28059;8;22;45;1;1;1;1;1;1014;19;9;1;3;15;2;4;32
12509;28063;8;22;45;1;1;1;1;1;1014;10;6;1;8;14;1;18;82
12510;28064;8;21;45;1;1;1;1;1;1014;10;6;1;8;18;9;18;9
12511;28065;8;19;45;1;1;1;1;1;1014;10;6;1;8;14;1;18;3
12512;28068;8;20;45;1;1;1;1;1;1;914;9;1;3;15;4;18;38
12513;28069;8;15;45;1;1;2;1;1;1014;10;6;1;2;15;4;1;9
12514;28072;8;23;2;1;1;1;1;1;1733;9999;7;1;8;15;7;4;9
12515;28077;8;23;2;1;1;1;1;1;10;9999;9;1;8;18;9;1;3
12516;28082;8;20;2;1;1;1;1;1;10;9999;9;1;8;14;1;16;3
12517;28086;8;7;2;1;1;2;1;1;1718;9999;9;1;8;18;9;1;9
12518;28089;8;13;2;1;1;2;1;1;10;193;7;1;3;15;8;1;46
12519;28090;8;8;2;1;1;2;1;1;10;203;6;1;2;15;8;1;9
12520;28091;8;13;2;1;1;2;1;1;10;212;6;1;4;15;4;1;9
12521;28092;8;19;2;1;1;1;1;1;1743;34;6;1;8;13;9;1;9
12522;28093;8;11;2;1;1;2;1;1;10;9999;9;1;3;15;6;1;31
12524;28099;8;17;2;1;1;2;1;1;1010;9999;8;1;3;14;8;1;341
12525;28105;8;17;2;1;1;2;1;1;10;198;9;1;3;15;1;1;9
12526;28109;8;14;37;1;1;2;1;1;1905;25;5;1;3;15;2;1;9
12527;28110;8;22;37;1;1;1;1;1;104;61;6;1;8;18;9;1;9
12528;28111;8;21;37;1;1;1;1;1;104;62;5;1;3;15;2;1;46
12529;28112;8;10;37;1;1;2;1;1;104;48;6;1;8;18;9;1;33
12530;28113;8;13;37;1;1;2;1;1;1909;14;6;1;3;15;2;1;33
12531;28114;8;13;37;1;1;2;1;1;1909;12;6;1;3;15;2;1;9
12532;28115;8;7;45;2;1;2;1;1;1009;9;6;1;1;15;1;4;21
12533;28117;8;22;37;1;1;1;1;1;104;130;5;1;8;18;9;1;9
12535;28121;8;15;37;1;1;2;1;1;1;986;6;1;3;15;2;1;3
12536;28122;8;19;37;1;1;1;1;1;1;975;6;1;3;15;3;1;9
12537;28123;8;20;37;1;1;1;1;1;1;982;6;1;8;18;9;1;9
12538;28124;8;17;37;1;1;2;1;1;1;959;6;1;3;18;4;1;82
12539;28125;8;9;37;1;1;2;1;1;104;140;5;1;7;15;9;1;71
12540;28126;8;23;37;1;1;1;1;1;1910;20;6;1;3;14;1;1;21
12542;28128;8;22;37;1;1;1;1;1;104;137;6;1;8;18;9;1;21
12543;28129;8;15;37;1;1;2;1;1;104;168;6;1;8;18;9;1;21
12544;28130;8;16;37;1;1;2;1;1;104;178;6;1;3;15;2;1;21
12545;28131;8;19;37;1;1;1;1;1;104;163;6;1;8;14;1;1;31
12546;28132;8;3;37;1;1;1;1;1;104;82;6;1;8;18;9;1;9
12547;28133;8;22;37;1;1;1;1;1;104;92;6;1;3;15;3;1;82
12548;28139;8;18;33;1;1;2;1;1;1803;4;6;1;7;15;1;18;21
12549;28147;8;19;41;1;1;1;1;1;1;827;6;1;4;15;1;1;21
12550;28149;8;18;41;1;1;2;1;1;1;826;6;1;3;15;2;1;38
12551;28150;8;19;41;1;1;1;1;1;1000;8;4;1;1;15;1;4;53
12552;28152;8;21;41;1;1;1;1;1;1000;8;4;1;8;13;9;1;21
12553;28158;8;17;41;1;1;2;1;1;1010;9999;6;1;2;15;4;1;9
12554;28160;8;6;41;1;1;2;1;1;1010;9999;1;1;2;18;1;1;32
12555;28165;8;20;41;1;1;1;1;1;1010;9999;8;1;7;15;9;16;55
12558;28171;8;8;41;1;1;2;1;1;9999;9999;7;2;8;18;9;10;21
12559;28173;8;11;2;1;1;2;1;1;803;399;7;1;3;15;1;1;82
12562;28176;8;0;2;1;1;1;1;1;803;400;7;2;2;15;2;1;9
12563;28182;8;20;41;1;1;1;1;1;1;840;10;1;2;15;4;1;21
12564;28183;8;13;41;1;1;2;1;1;1;841;10;1;3;15;8;2;409
12565;28188;8;14;41;1;1;2;1;1;1;841;10;1;3;15;7;1;9
12566;28189;8;22;41;1;1;1;1;1;1;840;10;1;7;14;7;16;32
12567;28190;8;7;41;1;1;2;1;1;1;843;10;1;7;12;1;1;59
12568;28191;8;8;41;1;1;2;1;1;1;841;10;1;3;15;8;1;341
12569;28197;8;18;41;1;1;2;1;1;1;841;10;1;1;15;1;2;21
12570;28202;8;20;41;1;1;1;1;1;9999;9999;10;1;1;14;1;1;9
12571;28205;8;23;37;1;1;1;1;1;107;54;6;1;7;14;9;16;9
12572;28206;8;20;33;1;1;1;1;1;102;97;6;1;8;13;9;18;9
12573;28207;8;13;33;2;1;2;9;1;9999;20;4;1;7;14;5;18;82
12575;28209;8;9;64;1;1;2;1;1;105;2;12;1;3;15;7;1;32
12576;28210;8;16;64;1;1;2;1;1;105;7;12;1;3;15;7;1;21
12577;28211;8;21;64;1;1;1;1;1;105;2;12;1;3;14;8;16;46
12578;28213;8;1;64;1;1;1;1;1;105;6;12;1;2;15;4;17;55
12579;28214;8;22;64;1;1;1;1;1;105;8;12;1;4;15;4;17;48
12580;28215;8;22;64;1;1;1;1;1;105;8;12;1;4;15;4;18;430
12581;28217;8;11;64;1;1;2;1;1;105;7;12;1;3;15;8;1;9
12582;28219;8;19;64;1;1;1;1;1;105;7;12;1;3;14;7;16;21
12583;28220;8;10;64;1;1;2;1;1;105;6;12;1;3;15;7;1;38
12584;28222;8;23;64;1;1;1;1;1;9999;19;12;1;2;15;4;17;3
12585;28223;8;14;64;1;1;2;1;1;9999;26;12;1;3;15;7;1;3
12586;28224;8;21;64;1;1;1;1;1;9999;19;12;1;2;15;4;1;21
12587;28225;8;21;64;1;1;1;1;1;9999;20;12;1;3;15;8;1;9
12588;28227;8;12;64;1;1;2;1;1;9999;26;12;1;3;15;7;16;9
12589;28228;8;0;64;1;1;1;1;1;9999;19;12;1;3;15;7;1;402
12590;28229;8;22;64;1;1;1;1;1;9999;27;12;1;3;15;7;1;21
12591;28230;8;20;64;1;1;1;1;1;9999;9999;12;1;3;15;7;1;9
12592;28231;8;20;64;1;1;1;1;1;9999;18;12;1;3;14;7;16;9
12593;28234;8;10;45;1;1;2;1;1;1;900;7;1;3;15;2;1;5
12594;28235;8;16;2;1;1;2;1;1;10;61;7;2;3;15;1;5;3
12595;28236;8;15;2;1;1;2;1;1;10;58;12;2;2;15;4;1;9
12596;28237;8;17;2;1;1;2;1;1;10;52;7;2;8;18;2;1;3
12599;28240;8;8;45;1;1;2;1;1;1009;20;6;1;7;15;8;8;341
12600;28243;8;16;40;1;1;2;1;1;805;130;7;2;7;14;1;16;9
12601;28245;8;23;40;1;1;1;1;1;1;97;8;2;2;15;4;1;31
12602;28246;8;23;30;1;1;1;1;1;4602;9999;6;1;8;13;9;9;38
12603;28249;8;23;30;1;1;1;1;1;4603;9999;9;1;3;15;8;9;9
12604;28251;8;7;30;1;1;2;1;1;4600;9999;11;1;3;15;8;1;9
12606;28253;8;0;30;1;1;1;1;1;4603;9999;7;1;1;15;1;4;9
12607;28255;8;17;30;2;1;2;2;1;1;22;9;1;3;15;8;6;21
12608;28258;8;21;30;1;1;1;1;1;1;21;12;1;2;15;4;1;430
12609;28259;8;16;30;1;1;2;1;1;1;18;9;1;8;14;1;16;9
12610;28260;8;22;30;1;1;1;1;1;4602;9999;9;1;8;13;7;11;53
12611;28261;8;23;30;1;1;1;1;1;9999;9999;15;1;1;15;1;10;9
12612;28262;8;9;30;1;1;2;1;1;1;10;16;2;8;14;1;16;9
12613;28263;8;8;40;1;1;2;1;1;805;129;7;2;8;18;7;1;21
12614;28264;8;13;40;1;1;2;1;1;805;98;7;2;4;1;4;1;9
12617;28267;8;23;40;1;1;1;1;1;805;97;7;2;2;15;4;1;21
12619;28269;8;0;40;1;1;1;1;1;805;134;7;2;2;18;4;1;9
12620;28270;8;12;40;1;1;2;1;1;805;95;7;2;4;15;8;17;21
12623;28273;8;8;69;1;1;2;1;1;16;25;7;1;8;13;9;8;46
12624;28274;8;14;69;2;1;2;1;1;4701;9999;6;1;3;15;8;6;9
12625;28275;8;13;69;1;1;2;1;1;16;35;7;1;4;15;4;1;38
12626;28276;8;13;69;1;1;2;1;1;16;29;7;1;1;1;1;10;341
12627;28277;8;21;69;1;1;1;1;1;16;27;6;2;3;15;8;1;82
12628;28278;8;18;69;1;1;2;1;1;16;33;8;1;3;15;4;6;21
12629;28279;8;12;69;1;1;2;1;1;4701;9999;7;1;3;15;8;4;9
12630;28280;8;16;69;1;1;2;1;1;16;45;7;1;2;15;4;1;46
12631;28281;8;16;69;1;1;2;1;1;16;13;12;1;1;15;1;12;3
12632;28282;8;9;40;1;1;2;1;1;4402;1;6;1;2;15;4;1;9
12633;28285;8;13;40;1;1;2;1;1;4702;27;5;1;8;14;1;16;21
12635;28288;8;22;40;1;1;1;1;1;415;7;6;1;7;14;1;1;9
12636;28289;8;22;40;1;1;1;1;1;415;11;6;1;3;15;8;1;9
12638;28291;8;0;30;1;1;1;1;1;805;78;7;2;2;15;4;1;9
12639;28292;8;10;30;1;1;2;1;1;805;81;7;2;4;15;9;1;409
12640;28293;8;18;30;1;1;2;1;1;805;84;7;2;1;15;1;4;9
12641;28296;8;14;30;1;1;2;1;1;1;19;9;1;3;15;3;6;31
12642;28297;8;16;30;1;1;2;1;1;9999;9999;9;1;1;15;1;4;31
12646;28301;8;17;40;1;1;2;1;1;415;27;6;1;8;15;4;1;9
12650;28305;8;21;40;1;1;1;1;1;1;72;7;1;7;14;1;1;400
12652;28310;8;18;30;1;1;2;1;1;1;12;11;2;2;15;4;1;21
12653;28311;8;6;30;1;1;2;1;1;1;9999;10;2;7;9;1;8;3
12654;28312;8;22;30;1;1;1;1;1;1;12;10;2;8;14;1;16;3
12655;28313;8;14;30;1;1;2;1;1;1;11;9;2;8;14;1;16;21
12656;28314;8;12;30;1;1;2;1;1;1;10;9;2;8;14;1;6;9
12657;28315;8;12;30;1;1;2;1;1;1;13;9;2;3;15;7;1;9
12658;28316;8;0;30;1;1;1;1;1;805;65;7;2;2;15;6;1;21
12659;28317;8;16;30;1;2;2;1;1;805;9999;10;2;8;14;1;16;21
12660;28318;8;16;30;1;1;2;1;1;2;11;7;2;2;15;4;1;21
12661;28319;8;20;69;1;1;1;1;1;4613;9999;7;1;8;13;9;10;31
12662;28320;8;13;36;1;1;2;1;1;2;23;8;2;3;15;2;1;32
12663;28322;8;10;30;1;1;2;1;1;2;18;8;2;1;13;9;11;9
12664;28323;8;18;69;1;1;2;1;1;16;55;7;2;7;13;9;9;9
12665;28324;8;17;30;2;1;2;1;1;9999;9999;7;1;3;15;7;6;9
12666;28326;8;15;30;1;1;2;1;1;16;12;7;1;3;15;8;4;21
12668;28329;8;17;30;1;1;2;1;1;805;88;7;1;8;13;9;11;406
12669;28330;8;21;3;1;1;1;1;1;5202;9999;5;1;8;11;1;18;32
12670;28331;8;20;3;1;1;1;1;1;5211;4;8;2;5;15;9;18;48
12671;28332;8;19;3;1;1;1;1;1;5211;9999;8;2;2;15;1;18;55
12672;28333;8;14;3;1;1;2;1;1;2;314;10;1;8;18;9;18;88
12673;28335;8;15;3;1;1;2;1;1;2;315;10;1;1;15;1;18;9
12674;28337;8;23;3;1;1;1;1;1;2;317;7;2;3;15;1;18;38
12675;28340;8;13;3;1;1;2;1;1;2;340;9;2;3;15;8;16;400
12678;28343;8;19;3;1;1;1;1;1;5209;9;6;1;7;15;8;18;9
12679;28344;8;14;55;1;1;2;1;1;16;306;7;1;8;14;1;18;9
12680;28345;8;11;3;1;1;2;1;1;2;307;14;1;3;15;1;18;53
12681;28346;8;22;3;1;1;1;1;1;2;307;14;1;3;15;8;15;50
12682;28347;8;22;3;1;1;1;1;1;16;284;7;1;5;15;9;18;53
12683;28348;8;6;35;1;1;2;1;1;509;13;15;1;3;14;9;1;53
12684;28352;8;14;9;1;1;2;1;1;16;251;15;1;3;18;7;8;9
12686;28354;8;21;10;1;1;1;1;1;801;138;7;2;8;13;9;11;9
12687;28355;8;16;58;1;1;2;1;1;3430;0;5;1;1;15;1;14;31
12688;28356;8;20;10;1;1;1;1;1;3423;4;8;1;8;14;1;16;9
12689;28358;8;10;10;1;1;2;1;1;316;4;6;1;8;14;3;16;38
12690;28360;8;11;58;1;1;2;1;1;202;103;7;1;2;15;4;1;46
12691;28361;8;22;10;1;1;1;1;1;3453;9999;5;1;1;15;1;14;21
12692;28362;8;22;58;1;1;1;1;1;7;38;8;1;8;14;3;16;9
12693;28364;8;17;10;1;1;2;1;1;3461;3;5;1;2;15;4;1;21
12694;28366;8;6;10;1;1;2;1;1;3422;9999;5;1;1;15;1;14;21
12695;28367;8;3;10;1;1;1;1;1;3422;9999;5;1;8;14;1;16;88
12696;28369;8;14;10;1;1;2;1;1;3419;9999;5;1;8;14;1;6;21
12697;28371;8;9;10;1;1;2;1;1;3419;9999;5;1;8;13;9;11;9
12698;28372;8;11;10;1;1;2;1;1;1;500;7;1;4;15;4;1;59
12699;28373;8;13;10;1;1;2;1;1;7;0;8;1;3;15;8;6;59
12700;28374;8;9;10;1;1;2;1;1;1;496;7;1;8;5;9;11;31
12701;28375;8;21;10;1;1;1;1;1;3416;9999;5;1;3;15;7;6;88
12702;28376;8;21;10;1;1;1;1;1;3422;9999;5;1;8;14;1;16;36
12703;28377;8;21;10;1;1;1;1;1;3424;9999;5;1;8;13;9;11;48
12704;28378;8;10;10;1;1;2;1;1;3416;9999;5;1;8;13;9;10;31
12705;28379;8;1;10;1;1;1;1;1;7;1;8;1;8;13;9;11;31
12706;28380;8;11;10;1;1;2;1;1;7;0;8;1;3;15;8;14;9
12707;28381;8;12;10;1;1;2;1;1;1;439;7;1;3;15;3;6;36
12708;28382;8;21;10;1;1;1;1;1;1;439;7;1;3;15;8;12;38
12709;28383;8;1;10;1;1;1;1;1;3404;1;5;1;3;15;8;14;31
12710;28384;8;22;10;1;1;1;1;1;3406;9999;5;1;8;13;9;11;32