;NUM_ACC;MOIS_ACC;HEU_ACC;COD_PRV;COD_ETA_CHA;COD_ETA_SUR;COD_LUM;COD_INT;TYP_LIE_ACC;NUM_ROU;PKM;LAR_CHA;COD_TYP_CHA;COD_TYP_COL;COD_OBS_HRT;COD_POI_CHO;COD_MAN;CIR_ACC
12711;28385;8;12;10;1;1;2;1;1;1;439;7;1;2;15;4;6;55
12712;28386;8;12;10;1;1;2;1;1;1;421;7;1;8;13;9;10;46
12713;28387;8;23;10;1;1;1;1;1;320;49;7;1;3;15;8;14;32
12714;28388;8;18;10;1;1;2;1;1;1;423;7;1;3;15;8;1;9
12715;28389;8;13;10;1;1;2;1;1;3406;9999;5;1;3;15;7;12;36
12716;28390;8;1;10;1;1;1;1;1;320;55;7;1;8;14;2;16;48
12717;28391;8;13;10;1;1;2;1;1;3406;9999;5;1;3;15;8;14;36
12718;28393;8;12;10;1;1;2;1;1;320;72;7;1;3;15;8;6;439
12719;28394;8;16;10;1;1;2;1;1;1;430;7;1;2;15;4;1;9
12720;28395;8;18;10;1;1;2;1;1;1;438;7;1;2;15;4;1;9
12721;28396;8;19;10;1;1;1;1;1;320;56;7;1;3;15;8;1;9
12722;28397;8;6;10;1;1;2;1;1;320;67;7;1;3;15;8;1;9
12723;28398;8;10;10;1;1;2;1;1;1;438;7;1;8;13;9;10;3
12724;28401;8;12;10;1;1;2;1;1;316;60;6;1;2;15;6;1;31
12725;28402;8;22;10;1;1;1;1;1;3457;5;5;1;8;14;1;16;42
12726;28403;8;18;10;1;1;2;1;1;316;44;5;1;4;1;9;11;9
12727;28405;8;17;10;1;1;2;1;1;316;60;6;1;3;15;8;1;31
12728;28406;8;21;10;1;1;1;1;1;3457;5;5;1;2;15;4;1;42
12729;28407;8;7;10;1;1;2;1;1;316;45;5;1;2;15;6;1;9
12730;28408;8;11;10;1;1;2;1;1;316;43;5;1;8;13;9;11;31
12731;28409;8;15;10;1;1;2;1;1;316;61;5;1;3;15;8;1;33
12732;28410;8;6;10;1;1;2;1;1;202;9999;7;1;3;15;8;14;3
12733;28411;8;12;10;1;1;2;1;1;3409;9999;5;1;2;15;4;1;9
12734;28413;8;18;10;1;1;2;1;1;3416;9999;5;1;3;15;8;14;9
12735;28414;8;12;10;1;1;2;1;1;301;35;7;1;1;15;1;14;9
12736;28415;8;12;10;1;1;2;1;1;301;63;7;1;1;15;1;14;31
12737;28416;8;15;10;1;1;2;1;1;301;54;7;1;3;15;8;14;31
12738;28417;8;12;10;1;1;2;1;1;301;41;7;1;2;15;4;1;31
12739;28418;8;15;10;1;1;2;1;1;301;42;7;1;1;15;1;14;9
12740;28419;8;21;10;1;1;1;1;1;301;45;7;1;1;15;4;14;32
12741;28420;8;12;10;1;1;2;1;1;318;21;6;1;8;13;9;11;9
12742;28421;8;18;10;1;1;2;1;1;1;445;6;2;8;14;2;16;46
12743;28423;8;2;10;1;1;1;1;1;3402;2;5;1;2;15;4;1;36
12744;28424;8;18;10;1;1;2;1;1;1;455;6;2;2;15;4;1;3
12745;28425;8;12;10;1;1;2;1;1;1;445;6;2;8;13;9;11;3
12746;28426;8;10;10;1;1;2;1;1;3427;1;7;1;3;15;8;1;5
12747;28427;8;12;10;1;1;2;1;1;3427;12;7;1;2;15;4;1;3
12748;28428;8;0;10;1;1;1;1;1;3402;9999;5;1;8;14;1;16;9
12749;28429;8;4;10;1;1;1;1;1;3427;20;7;1;3;15;8;14;9
12750;28430;8;12;10;1;1;2;1;1;3427;1;7;1;8;13;9;11;9
12751;28431;8;19;10;1;1;1;1;1;1;445;6;2;3;15;7;13;55
12752;28432;8;12;10;1;1;2;1;1;3449;0;5;1;3;15;8;14;31
12753;28433;8;20;10;1;1;1;1;1;1;450;6;2;8;13;9;10;9
12754;28434;8;9;10;1;1;2;1;1;3441;9999;5;1;8;13;9;11;55
12755;28435;8;0;10;1;1;1;1;1;318;23;6;1;3;15;8;1;31
12756;28436;8;22;10;1;1;1;1;1;3457;9999;5;1;8;14;2;16;9
12757;28437;8;18;10;1;1;2;1;1;316;38;5;1;8;13;9;11;9
12759;28439;8;8;10;1;1;2;1;1;303;75;7;1;1;15;1;14;31
12760;28440;8;20;10;1;1;1;1;1;318;24;6;1;3;15;8;12;32
12761;28441;8;14;54;1;1;2;1;1;318;41;5;1;8;13;9;10;9
12762;28444;8;15;10;1;1;2;1;1;303;36;7;1;8;13;9;10;9
12763;28446;8;11;10;1;1;2;1;1;316;41;5;1;2;15;4;1;9
12764;28447;8;9;10;1;1;2;1;1;318;31;6;1;3;15;8;1;88
12765;28450;8;10;10;1;1;2;1;1;303;61;7;1;8;14;2;16;9
12766;28452;8;13;10;1;1;2;1;1;3400;9999;5;1;3;15;8;1;55
12767;28453;8;11;58;1;1;2;1;1;3436;10;5;1;2;15;4;14;38
12768;28455;8;19;58;1;1;1;1;1;3432;11;5;1;8;14;2;16;31
12769;28456;8;9;58;1;1;2;1;1;3430;9;5;1;8;13;9;11;71
12770;28458;8;8;58;1;1;2;1;1;3426;13;6;1;2;15;4;1;46
12771;28459;8;10;58;1;1;2;1;1;3426;20;5;1;8;14;2;16;31
12772;28461;8;14;58;1;1;2;1;1;201;105;6;1;3;15;9;14;9
12773;28462;8;19;58;1;1;1;1;1;2331;9999;5;1;2;15;6;1;36
12774;28463;8;12;58;1;1;2;1;1;3440;9999;5;1;2;15;4;1;36
12775;28464;8;21;58;1;1;1;1;1;1;542;8;1;3;15;8;14;31
12776;28466;8;23;58;1;1;1;1;1;9999;9999;5;1;8;14;1;14;38
12777;28467;8;1;58;1;1;1;1;1;3430;20;5;1;8;13;9;11;9
12778;28468;8;22;10;1;1;1;1;1;9999;9999;5;1;8;13;9;10;31
12779;28469;8;11;58;1;1;2;1;1;202;42;7;1;8;13;9;11;9
12780;28470;8;16;10;1;1;2;1;1;301;66;7;1;1;15;1;14;21
12781;28472;8;21;10;1;1;1;1;1;316;9999;7;1;2;15;4;1;9
12782;28476;8;11;58;1;1;2;1;1;202;126;7;1;8;13;9;11;3
12783;28477;8;12;58;1;1;2;1;1;202;124;7;1;2;15;4;1;46
12784;28478;8;9;58;1;1;2;1;1;3459;9999;5;1;2;15;4;1;31
12785;28479;8;5;58;1;1;1;1;1;202;124;7;1;3;15;8;1;31
12786;28481;8;5;58;1;1;1;1;1;202;124;7;1;8;14;1;1;31
12788;28483;8;21;58;1;1;1;1;1;201;127;6;1;3;18;8;1;9
12789;28484;8;13;58;1;1;2;1;1;3445;9999;5;1;8;13;9;11;3
12790;28485;8;6;58;1;1;2;1;1;201;130;5;1;8;13;9;10;3
12791;28486;8;15;58;1;1;2;1;1;201;134;5;1;2;15;4;1;400
12792;28487;8;20;58;1;1;1;1;1;201;113;6;1;2;15;4;1;48
12793;28488;8;13;58;1;1;2;1;1;801;264;7;2;8;2;9;11;3
12794;28489;8;8;58;1;1;2;1;1;202;88;7;1;3;15;8;14;9
12795;28490;8;20;58;1;1;1;1;1;7;27;8;1;3;15;8;16;48
12796;28491;8;21;58;1;1;1;1;1;7;7;8;1;8;13;9;11;3
12797;28492;8;3;58;1;1;1;1;1;202;102;7;1;2;15;4;1;31
12798;28493;8;19;58;1;1;1;1;1;202;110;7;1;2;15;4;1;31
12799;28494;8;21;58;1;1;1;1;1;202;101;7;1;3;15;8;1;71
12800;28495;8;7;58;1;1;2;1;1;7;7;8;1;8;13;9;11;33
12802;28497;8;20;58;1;1;1;1;1;202;102;7;1;3;15;8;16;9
12803;28499;8;22;58;1;1;1;1;1;301;76;7;1;2;15;6;1;9
12804;28500;8;16;58;1;1;2;1;1;301;9999;7;1;3;15;8;1;9
12805;28502;8;10;58;1;1;2;1;1;301;77;7;1;2;15;4;1;21
12806;28505;8;21;58;1;1;1;1;1;301;75;7;1;8;16;1;16;46
12807;28506;8;22;58;1;1;1;1;1;301;76;7;1;2;15;4;1;9
12808;28508;8;20;58;1;1;1;1;1;301;75;7;1;3;18;8;1;9
12809;28512;8;18;58;1;1;2;1;1;301;72;7;1;3;15;8;1;9
12810;28513;8;15;58;1;1;2;1;1;3425;9999;5;1;8;13;9;11;46
12811;28514;8;14;58;1;1;2;1;1;1;529;8;1;8;14;2;16;9
12812;28518;8;14;58;1;1;2;1;1;202;45;7;1;3;15;8;1;3
12813;28519;8;11;58;1;1;2;1;1;1;509;7;1;8;13;9;11;21
12814;28520;8;16;58;1;1;2;1;1;1;521;8;1;3;15;7;6;31
12815;28521;8;17;10;1;1;2;1;1;320;44;7;1;3;15;8;12;9
12816;28522;8;20;10;1;1;1;1;1;303;2;7;1;3;15;8;1;9
12817;28523;8;6;10;1;1;2;1;1;320;38;7;1;1;15;1;14;31
12818;28524;8;16;10;1;1;2;1;1;3473;9999;5;1;1;15;1;14;9
12819;28525;8;12;10;1;1;2;1;1;3471;6;5;1;2;15;4;1;9
12820;28526;8;10;10;1;1;2;1;1;320;48;7;1;3;15;8;1;3
12821;28527;8;8;10;1;1;2;1;1;320;38;6;1;3;15;8;14;9
12822;28528;8;23;10;1;1;1;1;1;3473;9999;5;1;8;13;9;11;3
12823;28529;8;17;10;1;1;2;1;1;3473;9999;5;1;3;15;8;4;21
12824;28531;8;18;10;1;1;2;1;1;3437;9999;5;1;8;14;2;16;55
12825;28533;8;13;10;1;1;2;1;1;320;48;7;1;3;15;7;13;3
12826;28534;8;10;10;1;1;2;1;1;1;476;7;1;5;15;1;14;31
12827;28535;8;8;10;1;1;2;1;1;1;472;7;1;1;15;1;14;21
12828;28536;8;11;10;1;1;2;1;1;1;463;7;1;8;13;9;11;3
12829;28537;8;23;10;1;1;1;1;1;1;463;7;1;8;13;9;11;9
12830;28538;8;1;10;1;1;1;1;1;316;8;5;1;2;15;6;1;9
12831;28539;8;14;10;1;1;2;1;1;1;478;7;1;3;15;8;14;42
12832;28540;8;19;10;1;1;1;1;1;1;473;7;1;3;15;7;6;9
12833;28541;8;9;10;1;1;2;1;1;1;461;8;1;4;15;4;1;9
12834;28542;8;17;10;1;1;2;1;1;1;466;7;1;3;15;7;12;400
12835;28543;8;13;10;1;1;2;1;1;3403;9999;5;1;8;13;9;1;21
12836;28544;8;12;10;1;1;2;1;1;1;473;7;1;8;14;2;16;21
12837;28545;8;21;10;1;1;1;1;1;801;194;7;2;3;15;8;7;9
12838;28546;8;18;10;1;1;2;1;1;801;231;7;2;8;13;9;11;31
12839;28547;8;20;10;1;1;1;1;1;801;129;7;2;8;13;9;11;33
12840;28548;8;13;10;1;1;2;1;1;801;195;7;2;8;13;9;10;341
12841;28549;8;15;10;1;1;2;1;1;801;138;7;2;8;13;9;10;3
12842;28550;8;21;10;1;1;1;1;1;801;147;7;2;4;15;4;1;32
12843;28551;8;19;10;1;1;1;1;1;801;125;7;2;8;14;2;1;9
12844;28552;8;16;10;1;1;2;1;1;801;149;7;2;8;18;9;10;9
12845;28553;8;16;10;1;1;2;1;1;801;143;7;2;8;13;9;11;9
12846;28554;8;13;10;1;1;2;1;1;801;132;7;2;8;13;9;11;31
12847;28555;8;9;10;1;1;2;1;1;801;131;7;2;2;15;4;1;3
12848;28556;8;1;10;1;1;1;1;1;801;166;7;2;2;15;4;1;31
12849;28557;8;22;10;1;1;1;1;1;801;176;7;2;4;15;4;1;5
12851;28559;8;10;10;1;1;2;1;1;801;179;7;2;2;15;4;1;46
12852;28560;8;21;10;1;1;1;1;1;318;5;6;1;3;15;7;12;31
12853;28561;8;21;10;1;1;1;1;1;3423;6;8;1;8;14;1;16;3
12854;28562;8;19;10;1;1;1;1;1;318;3;6;1;2;15;4;1;9
12855;28563;8;23;10;1;1;1;1;1;3423;5;8;1;2;15;4;1;31
12856;28564;8;2;10;1;1;1;1;1;3423;4;8;1;8;15;4;1;55
12857;28565;8;21;10;1;1;1;1;1;3423;3;8;1;8;14;1;16;48
12858;28566;8;6;10;1;1;2;1;1;3423;5;8;1;3;1;9;11;31
12859;28567;8;23;10;1;1;1;1;1;3423;12;6;1;8;14;3;16;31
12860;28569;8;1;10;1;1;1;1;1;3423;4;8;1;8;14;1;16;9
12861;28570;8;4;10;1;1;1;1;1;3423;4;8;1;3;15;7;7;42
12862;28571;8;11;10;1;1;2;1;1;3423;4;8;1;8;14;1;16;53
12863;28572;8;3;10;1;1;1;1;1;3423;4;8;1;2;15;4;1;42
12864;28573;8;9;10;1;1;2;1;1;318;7;5;1;3;15;7;12;55
12865;28574;8;21;10;1;1;1;1;1;3423;4;8;1;8;14;1;16;31
12866;28575;8;7;10;1;1;2;1;1;301;10;6;2;2;15;4;1;9
12867;28576;8;1;10;1;1;1;1;1;3423;10;6;1;2;15;4;1;55
12868;28577;8;1;10;1;1;1;1;1;301;13;6;2;2;15;4;1;42
12869;28578;8;8;10;1;1;2;1;1;301;16;7;1;2;15;4;1;5
12870;28580;8;7;10;1;1;2;1;1;301;28;7;1;4;15;7;6;9
12871;28581;8;22;10;1;1;1;1;1;3423;8;6;1;2;15;4;1;21
12872;28583;8;1;10;1;1;1;1;1;316;1;5;1;3;15;8;1;9
12873;28585;8;13;10;1;1;2;1;1;301;27;7;1;8;13;9;11;38
12874;28586;8;7;10;1;1;2;1;1;301;25;7;1;8;13;9;11;21
12875;28587;8;23;10;1;1;1;1;1;301;5;6;2;3;15;8;1;3
12876;28589;8;21;10;1;1;1;1;1;316;4;6;1;2;15;4;1;406
12877;28592;8;15;10;1;1;2;1;1;3410;9999;6;1;3;15;8;1;9
12878;28594;8;7;10;1;1;2;1;1;301;3;6;2;2;15;4;1;9
12879;28595;8;22;10;1;1;1;1;1;3423;3;7;1;3;15;8;1;5
12880;28596;8;18;10;1;1;2;1;1;301;16;6;2;2;15;4;1;21
12881;28600;8;10;10;1;1;2;1;1;301;28;7;1;2;15;4;1;9
12882;28601;8;11;10;1;1;2;1;1;316;5;6;1;8;7;9;11;5
12883;28603;8;16;10;1;1;2;1;1;301;31;7;1;2;15;4;1;9
12884;28604;8;22;10;1;1;1;1;1;316;3;5;1;8;14;3;16;32
12885;28605;8;9;10;1;1;2;1;1;3423;6;7;1;3;15;8;1;9
12886;28606;8;12;10;1;1;2;1;1;301;8;6;2;8;13;9;11;21
12887;28607;8;1;10;1;1;1;1;1;301;12;6;2;3;15;8;6;3
12888;28608;8;19;10;1;1;1;1;1;301;24;7;1;8;13;9;11;9
12889;28609;8;12;10;1;1;2;1;1;301;24;7;1;2;15;4;1;9
12890;28610;8;18;10;1;1;2;1;1;316;6;6;1;8;13;9;11;31
12891;28612;8;16;10;1;1;2;1;1;3410;9999;5;1;8;13;9;11;21
12892;28613;8;14;10;1;1;2;1;1;3423;4;7;1;2;15;4;1;430
12893;28614;8;2;10;1;1;1;1;1;301;8;6;2;8;13;9;11;9
12894;28616;8;1;10;1;1;1;1;1;3423;5;7;1;8;13;9;11;3
12895;28617;8;1;10;1;1;1;1;1;301;10;6;2;3;15;8;1;9
12896;28618;8;20;10;1;1;1;1;1;301;24;7;1;2;15;4;1;21
12897;28620;8;1;10;1;1;1;1;1;3423;4;7;1;2;15;4;1;9
12898;28624;8;21;10;1;1;1;1;1;3423;5;7;1;3;15;8;1;32
12899;28625;8;22;10;1;1;1;1;1;301;10;6;2;8;14;1;16;9
12900;28629;8;1;10;1;1;1;1;1;301;10;6;2;3;15;8;1;9
12901;28631;8;20;10;1;1;1;1;1;301;10;6;2;4;15;4;1;9
12902;28632;8;1;10;1;1;1;1;1;3423;3;7;1;3;15;8;1;21
12903;28634;8;18;10;1;1;2;1;1;301;26;7;1;3;15;7;7;9
12904;28636;8;22;10;1;1;1;1;1;3423;3;7;1;8;14;2;16;21
12905;28637;8;11;10;1;1;2;1;1;3423;4;7;1;2;15;4;1;3
12906;28655;8;13;10;1;1;2;1;1;3423;5;7;1;2;15;4;1;9
12907;28656;8;19;61;1;1;1;1;1;4235;9999;6;1;8;14;8;16;9
12908;28659;8;21;16;2;1;1;1;1;9999;9999;5;1;2;15;4;1;33
12909;28660;8;15;61;1;1;2;1;1;9999;9999;6;1;3;15;8;4;439
12910;28666;8;23;61;1;1;1;1;1;411;42;5;1;3;15;8;4;31
12911;28667;8;7;61;1;1;2;1;1;4;35;7;1;8;13;9;10;9
12912;28668;8;23;61;1;1;1;1;1;409;3;6;1;4;15;4;1;21
12913;28669;8;9;17;1;1;2;1;1;13;174;6;1;8;13;9;10;21
12914;28670;8;11;17;1;1;2;1;1;4240;25;4;1;3;15;3;2;21
12915;28671;8;9;17;2;1;2;1;1;4563;9999;4;1;8;14;1;16;9
12916;28672;8;12;17;1;1;2;1;1;4234;21;4;1;8;18;9;1;21
12917;28673;8;20;17;1;1;1;1;1;4234;34;4;1;1;15;3;2;9
12918;28674;8;7;17;1;1;2;1;1;4234;33;7;1;8;18;9;1;9
12919;28675;8;6;17;1;1;2;1;1;4234;22;4;1;3;15;4;1;341
12920;28676;8;11;17;2;1;2;1;1;4549;9999;4;1;8;13;9;18;3
12921;28677;8;7;17;1;1;2;1;1;13;131;5;1;2;15;1;1;21
12922;28678;8;21;17;2;1;1;1;1;4561;9999;4;1;8;14;1;16;9
12923;28679;8;2;17;1;1;1;1;1;13;126;5;1;8;13;9;18;9
12924;28680;8;12;17;1;1;2;1;1;408;12;5;1;7;14;1;1;21
12925;28681;8;20;17;1;1;1;1;1;4538;17;4;1;2;15;4;1;9
12926;28682;8;9;17;1;1;2;1;1;4538;15;4;1;8;18;9;1;9
12927;28683;8;16;61;1;1;2;1;1;4538;9999;4;1;8;18;9;1;86
12928;28684;8;12;17;1;1;2;1;1;411;10;5;1;3;15;1;3;9
12929;28685;8;12;17;2;1;2;1;1;4528;3;7;1;8;14;1;16;9
12930;28686;8;19;17;1;1;1;1;1;13;148;5;1;1;15;1;14;42
12931;28687;8;12;17;2;1;2;1;1;4232;77;4;1;8;12;2;18;3
12932;28688;8;12;17;2;1;2;1;1;4516;15;4;1;8;13;2;18;31
12933;28689;8;9;61;2;1;2;1;1;4236;9999;4;1;7;15;2;6;9
12934;28692;8;23;17;1;1;1;1;1;4240;16;4;1;7;16;1;1;9
12935;28693;8;12;17;1;1;2;1;1;4232;42;4;1;7;14;1;1;38
12937;28695;8;17;17;1;1;2;1;1;13;177;6;1;3;15;2;4;9
12938;28696;8;17;17;1;1;2;1;1;13;9999;6;1;3;15;4;1;9
12939;28698;8;20;17;2;1;1;1;1;4565;9999;4;1;7;15;3;4;9
12941;28701;8;12;9;1;1;2;1;1;412;9999;6;1;2;15;2;1;31
12942;28702;8;12;17;1;1;2;1;1;411;5;6;1;1;15;3;8;21
12943;28705;8;21;17;1;1;1;1;1;413;17;7;1;3;15;2;8;9
12944;28706;8;22;17;1;1;1;1;1;4232;14;6;1;5;15;2;1;38
12945;28707;8;10;17;1;2;2;4;1;411;8;7;1;3;15;8;4;9
12946;28708;8;12;17;1;1;2;1;1;4519;2;5;1;1;15;8;1;31
12947;28709;8;6;17;1;1;2;1;1;413;53;5;1;8;11;9;1;9
12948;28710;8;7;17;1;1;2;1;1;413;72;5;1;1;15;2;2;38
12949;28711;8;17;17;1;1;2;1;1;413;67;5;1;8;18;9;1;88
12950;28712;8;11;17;1;1;2;1;1;413;67;5;1;8;12;9;1;46
12951;28713;8;4;17;1;1;1;1;1;413;51;5;1;8;18;9;1;36
12952;28714;8;17;17;1;1;2;1;1;4252;9999;4;1;3;15;8;4;42
12953;28715;8;12;61;1;1;2;1;1;4240;6;8;1;3;15;8;4;9
12954;28716;8;19;61;1;1;1;1;1;409;9;6;1;8;13;9;11;3
12955;28718;8;3;61;1;1;1;1;1;413;32;8;1;2;15;4;17;38
12956;28719;8;19;61;1;1;1;1;1;411;33;6;1;3;15;8;7;38
12957;28720;8;3;61;2;1;1;1;1;4247;5;4;1;2;15;4;1;32
12958;28721;8;22;61;1;1;1;1;1;4240;3;6;1;1;15;2;4;3
12959;28722;8;6;17;1;1;2;1;1;411;24;6;1;2;15;4;1;21
12960;28723;8;7;61;1;1;2;1;1;4;37;7;1;2;15;4;1;82
12961;28724;8;22;61;1;1;1;1;1;411;38;6;1;2;15;4;1;21
12962;28725;8;18;61;1;1;2;1;1;4;39;7;1;3;15;8;4;21
12963;28726;8;17;61;1;1;2;1;1;4;32;7;1;8;13;9;10;88
12964;28727;8;20;61;2;1;1;1;1;4252;9999;6;1;3;15;8;4;21
12965;28728;8;11;61;1;1;2;1;1;4;29;7;1;3;15;8;4;9
12966;28729;8;18;61;1;1;2;1;1;4;28;7;1;2;15;4;1;21
12967;28730;8;4;61;1;1;1;1;1;4;29;7;1;8;13;9;11;21
12968;28731;8;13;61;1;1;2;1;1;409;11;7;1;2;15;4;1;9
12969;28733;8;1;61;1;1;1;1;1;4;59;5;1;7;14;8;16;9
12970;28734;8;12;61;1;1;2;1;1;409;14;7;1;3;15;8;4;9
12971;28735;8;12;61;1;1;2;1;1;4;47;8;1;8;13;9;10;21
12972;28738;8;16;61;1;1;2;1;1;409;11;7;1;2;15;4;1;21
12973;28740;8;15;61;2;1;2;1;1;4538;9999;4;1;7;15;3;1;3
12974;28742;8;19;17;2;1;1;1;1;4536;9999;4;1;8;14;1;16;21
12975;28745;8;19;15;1;1;1;1;1;17;175;8;1;8;13;9;1;409
12976;28746;8;20;15;1;1;1;1;1;708;78;80;1;7;15;9;1;21
12977;28748;8;8;15;1;1;2;1;1;6112;9999;96;1;8;18;9;1;31
12978;28749;8;18;15;1;1;2;1;1;17;353;6;1;8;2;2;2;3
12979;28750;8;18;15;1;1;2;1;1;601;99;6;1;8;18;1;18;3
12980;28751;8;0;15;1;1;1;1;1;601;126;6;1;7;15;1;19;21
12981;28752;8;14;15;1;1;2;1;1;601;127;6;1;7;14;1;18;9
12982;28753;8;12;15;1;1;2;1;1;604;1;4;1;3;15;7;18;21
12983;28755;8;17;24;1;1;2;1;1;16;391;7;1;8;14;2;18;21
12984;28756;8;17;55;1;1;2;1;1;2;405;8;1;2;15;4;21;36
12985;28758;8;22;24;1;1;1;1;1;16;406;7;1;8;14;1;16;9
12986;28763;8;12;24;1;1;2;1;1;16;459;6;1;8;18;1;1;3
12987;28764;8;9;24;1;1;2;1;1;16;465;7;1;3;15;3;2;21
12988;28765;8;13;24;1;1;2;1;1;612;9999;6;1;8;15;2;1;21
12989;28766;8;21;24;1;1;1;1;1;612;9999;6;2;2;15;1;1;9
12990;28768;8;3;24;1;1;1;1;1;16;468;7;1;8;16;2;1;9
12991;28769;8;17;24;1;1;2;1;1;16;470;7;1;8;14;1;1;9
12992;28771;8;22;24;1;1;1;1;1;16;455;7;1;8;14;1;1;21
12993;28772;8;19;24;1;1;1;1;1;16;430;7;1;2;15;1;1;9
12994;28773;8;12;24;1;1;2;1;1;16;470;7;1;3;15;4;4;31
12995;28774;8;19;24;1;1;1;1;1;16;445;7;1;2;15;1;1;31
12996;28775;8;18;24;1;1;2;1;1;16;427;7;1;3;15;2;1;402
12997;28777;8;3;24;1;1;1;1;1;2;476;7;1;1;15;1;4;9
12998;28779;8;8;24;1;1;2;1;1;2;470;6;1;8;7;1;11;31
12999;28780;8;12;24;1;1;2;1;1;2;9999;5;1;8;18;9;11;31
13000;28781;8;22;24;1;1;1;1;1;2;429;12;1;8;14;1;16;9
13001;28782;8;4;24;1;1;1;1;1;19;68;9;1;8;18;9;10;9
13002;28783;8;4;24;1;1;1;1;1;19;51;9;1;8;18;9;14;5
13003;28784;8;11;24;1;1;2;1;1;2;431;9;1;2;15;4;1;9
13004;28786;8;19;24;1;1;1;1;1;6207;3;6;1;7;15;1;1;31
13005;28791;8;17;55;1;1;2;1;1;2;372;6;1;7;15;8;4;40
13006;28792;8;23;55;1;1;1;1;1;2;352;8;1;8;18;9;1;43
13007;28793;8;9;34;1;1;2;1;1;505;92;6;1;2;15;6;1;48
13008;28794;8;8;55;1;1;2;1;1;505;98;8;1;3;18;6;1;9
13009;28795;8;13;55;1;1;2;1;1;6205;1;6;1;8;15;4;1;341
13010;28797;8;17;24;1;1;2;1;1;16;371;8;1;7;15;8;4;21
13011;28798;8;8;24;1;1;2;1;1;16;453;8;1;1;15;1;4;31
13012;28799;8;14;3;1;1;2;1;1;610;2;6;1;8;15;4;1;341
13013;28800;8;17;55;1;1;2;1;1;2;410;6;1;2;15;4;1;31
13014;28802;8;22;55;1;1;1;1;1;2;399;6;1;3;15;6;6;33
13015;28803;8;21;55;1;1;1;1;1;2;403;8;1;8;14;1;16;9
13016;28805;8;13;55;1;1;2;1;1;2;394;6;1;1;15;1;8;9
13017;28806;8;17;55;1;1;2;1;1;610;48;6;1;8;18;9;1;9
13018;28807;8;16;55;1;1;2;1;1;16;300;8;1;7;15;6;12;9
13019;28808;8;19;55;1;1;1;1;1;16;322;8;1;7;15;4;1;9
13020;28809;8;20;55;1;1;1;1;1;16;304;8;1;2;15;4;1;21
13021;28810;8;13;55;1;1;2;1;1;2;9999;8;1;8;15;8;14;9
13022;28811;8;23;55;1;1;1;1;1;2;9999;8;1;7;15;6;1;21
13023;28815;8;8;55;1;1;2;1;1;2;388;6;1;7;18;4;1;9
13024;28817;8;16;55;1;1;2;1;1;2;9999;8;1;3;15;2;1;9
13025;28819;8;20;55;1;1;1;1;1;2;386;6;1;7;15;8;6;9
13026;28820;8;12;24;1;1;2;1;1;6209;14;6;1;7;15;1;4;439
13027;28821;8;12;24;1;1;2;1;1;16;385;7;1;1;15;1;4;9
13028;28822;8;12;24;2;1;2;1;1;6209;28;6;1;8;14;2;16;9
13029;28823;8;12;24;1;1;2;1;1;16;390;7;1;8;13;9;11;9
13030;28824;8;11;24;1;1;2;1;1;16;396;7;1;4;15;8;14;21
13031;28828;8;12;24;1;1;2;1;1;19;21;7;1;4;15;4;1;9
13032;28829;8;13;24;1;1;2;1;1;19;21;7;1;3;15;6;12;33
13033;28832;8;12;24;1;1;2;1;1;19;22;7;1;8;13;7;11;33
13034;28834;8;12;24;1;1;2;1;1;19;27;7;1;2;15;1;1;9
13035;28835;8;0;24;1;1;1;1;1;16;400;7;1;3;15;7;7;9
13036;28836;8;20;24;1;1;1;1;1;19;33;7;1;3;15;8;4;53
13038;28840;8;16;24;1;1;2;1;1;6209;9999;5;1;1;15;3;4;430
13039;28841;8;19;24;1;1;1;1;1;16;411;6;1;2;15;1;1;3
13040;28842;8;18;24;1;1;2;1;1;16;414;7;1;7;15;2;1;3
13041;28843;8;12;24;1;1;2;1;1;16;414;7;1;8;18;2;11;9
13042;28844;8;11;24;1;1;2;1;1;16;413;7;1;8;15;1;1;3
13043;28846;8;5;53;1;1;1;1;1;503;175;7;1;1;15;1;4;9
13044;28847;8;12;53;1;1;2;1;1;7100;9999;6;1;8;14;1;1;21
13045;28848;8;14;53;1;1;2;1;1;13;440;7;1;1;15;1;4;3
13047;28850;8;20;13;1;1;1;1;1;10;737;6;1;2;15;4;1;9
13048;28851;8;23;15;1;1;1;1;1;10;790;6;1;8;18;3;1;9
13049;28853;8;16;53;1;1;2;1;1;13;378;7;1;2;15;4;1;3
13050;28854;8;23;53;1;1;1;1;1;13;382;8;1;2;15;4;1;9
13052;28856;8;23;53;1;1;1;1;1;13;455;12;1;8;14;1;16;33
13054;28858;8;7;53;1;1;2;1;1;13;465;6;1;7;15;8;4;9
13055;28859;8;23;53;1;1;1;1;1;13;506;6;1;8;15;2;1;3