;NUM_ACC;MOIS_ACC;HEU_ACC;COD_PRV;COD_ETA_CHA;COD_ETA_SUR;COD_LUM;COD_INT;TYP_LIE_ACC;NUM_ROU;PKM;LAR_CHA;COD_TYP_CHA;COD_TYP_COL;COD_OBS_HRT;COD_POI_CHO;COD_MAN;CIR_ACC
13827;29885;8;2;72;1;1;1;1;1;3009;9999;1;1;8;4;9;1;3
13828;29886;8;19;72;1;1;1;1;1;3011;3;1;2;2;15;4;1;9
13829;29887;8;16;50;1;1;2;1;1;3011;9999;9;1;3;15;8;8;9
13830;29888;8;17;72;1;1;2;1;1;3013;9999;7;2;1;15;1;5;9
13831;29891;8;18;72;1;1;2;1;1;3013;9999;7;1;3;15;5;1;9
13832;29892;8;1;50;1;1;1;1;1;3011;9999;6;1;1;15;1;4;9
13833;29893;8;19;72;1;1;1;1;1;3009;9999;6;1;3;15;2;1;21
13834;29895;8;15;72;1;1;2;1;1;9999;9999;14;1;3;15;5;1;21
13836;29897;8;0;72;1;1;1;1;1;9999;9999;9;1;1;15;2;4;9
13837;29898;8;4;72;1;1;1;1;1;9999;9999;4;1;8;18;3;1;9
13838;29899;8;5;72;1;1;1;1;1;9999;9999;5;1;1;15;1;2;9
13839;29900;8;9;72;1;1;2;1;1;9999;9999;9;1;8;18;2;1;9
13840;29916;8;21;72;1;1;1;1;1;315;4;8;1;3;15;3;1;341
13841;29917;8;23;72;1;1;1;1;1;315;5;9;2;2;18;4;1;21
13842;29922;8;12;72;1;1;2;1;1;315;5;9;2;7;14;5;3;3
13843;29925;8;14;72;1;1;2;1;1;315;4;8;1;1;14;1;16;3
13844;29940;8;22;50;1;1;1;1;1;3015;9999;8;2;3;15;2;6;9
13845;29942;8;18;71;1;1;2;1;1;3016;9999;7;1;3;18;2;1;40
13846;29943;8;9;71;1;1;2;1;1;3016;9999;7;1;8;7;1;11;99
13847;29944;8;22;50;1;1;1;1;1;3015;9999;7;1;8;7;1;5;430
13848;29945;8;21;50;1;1;1;1;1;3015;9999;7;1;3;15;2;6;3
13849;29946;8;19;71;1;1;1;1;1;3016;9999;6;1;2;15;4;1;9
13852;29949;8;16;71;1;1;2;1;1;3016;9999;5;2;2;15;4;1;21
13853;29950;8;18;71;1;1;2;1;1;3016;9999;7;1;1;15;1;4;21
13854;29952;8;18;71;1;1;2;1;1;3016;9999;6;1;2;14;4;1;82
13855;29953;8;13;51;1;1;2;1;1;9;5;8;1;3;15;3;14;71
13856;29954;8;19;51;1;1;1;1;1;3006;9999;6;1;8;14;1;16;31
13857;29958;8;20;51;1;1;1;1;1;3006;9999;6;1;7;15;6;1;9
13858;29960;8;22;51;1;1;1;1;1;1;344;12;2;8;5;1;10;9
13859;29962;8;18;51;1;1;2;1;1;3019;9999;6;1;2;1;4;11;33
13860;29963;8;20;51;1;1;1;1;1;3002;9999;8;1;3;15;1;6;9
13861;29964;8;15;51;1;1;2;1;1;3006;9999;6;1;3;15;4;6;21
13862;29966;8;13;51;1;1;2;1;1;3006;9999;6;1;8;13;1;10;9
13863;29968;8;9;51;1;1;2;1;1;3002;9999;6;1;8;13;1;10;32
13864;29969;8;17;51;1;1;2;1;1;3019;9999;8;1;3;15;7;6;38
13865;29970;8;19;51;1;1;1;1;1;3301;9999;6;1;2;15;4;1;32
13866;29971;8;22;51;1;1;1;1;1;3006;9999;8;1;2;15;4;1;33
13867;29973;8;14;51;1;1;2;1;1;1;345;6;1;1;15;1;14;9
13868;29976;8;11;51;1;1;2;1;1;1;338;8;2;3;15;8;1;9
13869;29977;8;18;51;1;1;2;1;1;1;336;8;2;1;15;2;4;9
13871;29982;8;21;51;1;1;1;1;1;1;339;8;2;2;15;4;1;9
13872;29985;8;14;51;1;1;2;1;1;1;337;8;2;3;15;7;4;21
13873;29986;8;15;51;1;1;2;1;1;3313;9999;8;1;8;15;1;3;82
13874;29987;8;20;51;1;1;1;1;1;3313;9999;6;1;2;15;4;1;21
13875;29989;8;17;51;1;1;2;1;1;1;335;8;2;3;15;2;8;9
13876;29991;8;18;51;1;1;2;1;1;3313;9999;8;1;3;15;2;12;33
13877;29992;8;18;51;1;1;2;1;1;3307;9999;7;1;7;15;9;1;82
13878;29993;8;1;51;1;1;1;1;1;3307;9999;6;1;1;15;2;4;21
13879;29996;8;13;51;1;1;2;1;1;1;333;8;2;1;14;1;16;9
13880;29998;8;20;51;1;1;1;1;1;1;334;8;2;3;15;8;12;82
13882;30001;8;14;51;1;1;2;1;1;313;9999;8;1;7;15;9;1;42
13883;30002;8;18;51;1;1;2;1;1;3000;9999;7;1;3;15;1;6;5
13884;30003;8;8;51;1;1;2;1;1;3000;9999;7;1;3;15;2;2;36
13885;30008;8;19;51;1;1;1;1;1;3000;9999;6;1;3;15;8;1;38
13886;30011;8;21;51;1;1;1;1;1;9;4;6;2;3;15;1;8;3
13887;30012;8;1;51;1;1;1;1;1;1;337;7;2;7;9;1;10;9
13888;30013;8;9;51;1;1;2;1;1;9;3;7;2;3;15;2;1;9
13889;30015;8;23;51;1;1;1;1;1;3004;9999;7;2;2;1;4;21;9
13890;30016;8;17;51;1;1;2;1;1;9999;9999;6;1;3;15;3;4;9
13891;30017;8;16;51;1;1;2;1;1;3000;9999;6;1;7;14;1;16;9
13892;30019;8;9;51;1;1;2;1;1;9;4;7;2;3;15;1;6;5
13893;30020;8;6;51;1;1;2;1;1;9;5;7;1;8;13;9;11;21
13894;30021;8;16;51;1;1;2;1;1;9;2;7;2;2;15;5;2;21
13895;30022;8;21;51;1;1;1;1;1;3000;9999;6;1;3;15;5;2;9
13896;30023;8;13;51;1;1;2;1;1;9;4;7;2;2;15;4;1;71
13897;30027;8;22;51;1;1;1;1;1;9;4;7;2;2;15;4;1;82
13898;30028;8;20;51;1;1;1;1;1;801;58;11;1;7;2;1;11;32
13899;30029;8;2;51;1;1;1;1;1;8101;1;11;2;7;2;1;10;82
13900;30030;8;21;51;1;1;1;1;1;801;57;11;2;2;15;1;1;21
13902;30032;8;22;51;1;1;1;1;1;801;51;11;2;2;15;1;1;21
13903;30033;8;18;51;1;1;2;1;1;801;57;11;2;4;15;4;1;71
13904;30034;8;10;51;1;1;2;1;1;8101;3;11;2;3;15;2;1;430
13905;30035;8;3;51;1;1;1;1;1;801;50;11;2;8;2;1;11;21
13906;30036;8;12;51;1;1;2;1;1;8101;0;11;2;2;15;4;1;21
13907;30037;8;21;51;1;1;1;1;1;3000;9999;10;1;8;14;1;20;9
13908;30038;8;5;51;1;1;1;1;1;801;54;11;2;7;2;1;11;9
13909;30039;8;23;51;1;1;1;1;1;801;53;11;2;4;15;1;1;82
13910;30040;8;21;51;1;1;1;1;1;801;51;11;2;4;15;1;1;9
13911;30041;8;15;51;1;1;2;1;1;322;14;7;2;8;13;2;9;46
13912;30042;8;13;51;1;1;2;1;1;322;12;7;2;8;9;1;10;38
13914;30044;8;9;16;1;1;2;1;1;1;190;9;1;3;15;8;2;9
13915;30045;8;3;16;1;1;1;1;1;1;178;9;1;7;10;1;1;9
13916;30046;8;14;16;1;1;2;1;1;1;190;9;1;1;15;1;2;9
13917;30047;8;21;16;1;1;1;1;1;805;208;7;1;8;13;7;11;9
13918;30048;8;21;16;1;1;1;1;1;4;14;6;1;2;15;4;1;439
13919;30049;8;22;16;1;1;1;1;1;1;215;7;1;8;14;7;16;9
13920;30050;8;23;16;1;1;1;1;1;805;233;7;1;8;14;7;16;31
13921;30051;8;1;16;1;1;1;1;1;406;34;7;1;2;15;4;1;82
13922;30052;8;2;16;1;1;1;1;1;805;151;7;2;8;14;1;16;82
13923;30053;8;21;16;1;1;1;1;1;411;9999;6;1;1;15;1;4;21
13924;30054;8;22;16;1;1;1;1;1;1;241;10;1;8;14;8;16;31
13925;30055;8;22;16;1;1;1;1;1;4234;9999;5;1;8;14;7;16;82
13926;30056;8;1;16;1;1;1;1;1;1;189;9;1;7;18;8;10;32
13927;30057;8;21;16;1;1;1;1;1;1;196;9;1;7;15;1;1;9
13928;30058;8;19;16;1;1;1;1;1;1;195;9;1;7;15;1;1;3
13929;30059;8;12;16;1;2;2;1;1;1;199;9;1;7;18;8;1;21
13930;30060;8;20;16;1;1;1;1;1;4248;9999;6;1;7;18;1;1;9
13931;30061;8;12;16;1;1;2;1;1;1;200;9;1;7;18;1;1;21
13932;30062;8;19;16;1;1;1;1;1;1;177;9;1;3;15;8;1;9
13933;30063;8;11;16;1;1;2;1;1;1;176;9;1;2;15;6;1;3
13934;30064;8;21;16;1;1;1;1;1;1;187;9;1;7;18;9;1;9
13935;30065;8;20;16;1;1;1;1;1;1;205;9;1;3;15;8;1;9
13937;30068;8;12;16;1;1;2;1;1;4248;9999;6;1;2;15;4;1;9
13938;30070;8;8;16;1;1;2;1;1;4201;9999;6;1;3;15;8;4;82
13939;30072;8;13;16;1;1;2;1;1;4268;9999;6;1;3;15;7;4;21
13940;30073;8;15;16;1;1;2;1;1;4201;7;6;1;8;14;7;16;21
13941;30074;8;20;16;1;1;1;1;1;4201;9999;6;1;8;14;8;16;32
13942;30075;8;11;16;1;1;2;1;1;805;211;7;1;8;13;8;10;9
13943;30076;8;5;16;1;1;1;1;1;805;210;7;1;8;13;7;11;9
13945;30078;8;7;16;1;1;2;1;1;805;217;7;1;8;13;7;11;9
13947;30080;8;13;16;1;1;2;1;1;805;185;7;1;3;15;8;1;9
13949;30082;8;7;16;1;1;2;1;1;805;192;7;1;8;13;8;10;31
13950;30083;8;9;16;1;1;2;1;1;1;222;7;1;2;15;4;1;3
13951;30084;8;19;16;1;1;1;1;1;1;209;7;1;8;13;7;11;9
13952;30085;8;12;16;1;1;2;1;1;4;11;6;1;2;15;4;1;9
13953;30086;8;7;16;1;1;2;1;1;405;12;6;1;8;13;8;10;9
13954;30087;8;19;16;1;1;1;1;1;1;221;7;1;2;18;4;1;21
13955;30088;8;0;16;1;1;1;1;1;1;208;7;1;2;15;4;1;21
13956;30089;8;0;16;1;1;1;1;1;1;218;7;1;2;15;3;7;9
13957;30090;8;16;16;1;1;2;1;1;405;5;6;1;3;15;8;4;32
13958;30091;8;6;16;1;1;2;1;1;405;12;6;1;8;16;7;16;21
13959;30092;8;19;16;1;1;1;1;1;1;216;7;1;3;15;8;4;31
13960;30093;8;13;16;1;1;2;1;1;1;215;7;1;8;13;9;11;21
13961;30094;8;12;16;1;1;2;1;1;805;243;7;2;3;15;7;1;9
13962;30095;8;9;16;1;1;2;1;1;805;244;7;1;8;13;9;10;82
13963;30096;8;12;16;1;1;2;1;1;805;246;7;1;8;13;9;11;9
13964;30097;8;8;16;1;1;2;1;1;805;244;7;1;8;13;9;10;9
13965;30098;8;14;16;1;1;2;1;1;805;232;7;1;2;15;6;1;40
13966;30099;8;1;16;1;1;1;1;1;805;242;7;1;2;15;4;1;9
13967;30100;8;18;16;1;1;2;1;1;805;231;7;1;3;15;3;1;21
13968;30102;8;23;16;1;1;1;1;1;4266;7;6;1;3;15;7;16;21
13969;30103;8;12;16;1;1;2;1;1;1;242;10;1;8;14;7;16;9
13970;30104;8;21;16;1;1;1;1;1;4266;9999;6;1;3;14;7;16;409
13971;30105;8;22;16;1;1;1;1;1;4266;8;6;1;8;14;7;16;9
13972;30107;8;16;16;1;1;2;1;1;1;240;10;1;3;15;8;4;38
13973;30109;8;17;16;1;1;2;1;1;4266;9999;6;1;8;14;7;16;9
13974;30110;8;11;16;2;1;2;1;1;4234;9999;5;1;3;15;8;1;21
13975;30111;8;11;16;1;1;2;1;1;4201;9999;6;1;8;13;8;10;82
13976;30112;8;23;16;1;1;1;1;1;4214;9999;5;1;8;14;7;16;9
13977;30113;8;12;16;1;1;2;1;1;4234;9999;5;1;3;13;7;11;21
13978;30114;8;7;16;1;1;2;1;1;406;33;7;1;3;15;2;4;9
13979;30115;8;19;16;1;1;1;1;1;406;34;7;1;2;15;4;1;21
13980;30117;8;21;16;1;1;1;1;1;406;31;7;1;2;15;4;1;21
13981;30118;8;19;16;1;1;1;1;1;406;41;7;1;8;14;1;16;40
13982;30119;8;10;16;2;1;2;1;1;4206;9999;6;1;8;18;2;11;82
13983;30120;8;16;16;1;1;2;1;1;406;36;7;1;8;18;3;10;9
13984;30122;8;13;16;1;1;2;1;1;4214;9999;7;1;8;14;1;16;9
13985;30123;8;21;16;1;1;1;1;1;406;34;7;1;8;18;2;11;9
13986;30124;8;7;16;1;1;2;1;1;805;145;7;2;2;15;4;1;21
13987;30125;8;11;16;1;1;2;1;1;805;142;7;2;8;18;2;11;9
13988;30126;8;11;16;1;1;2;1;1;805;163;7;2;8;18;3;10;36
13989;30127;8;18;16;1;1;2;1;1;805;165;7;2;8;18;2;11;21
13990;30128;8;9;16;1;1;2;1;1;805;169;7;2;8;18;3;10;3
13991;30129;8;15;16;1;1;2;1;1;805;177;8;2;8;18;2;11;9
13992;30130;8;11;16;1;1;2;1;1;805;148;7;2;8;18;2;11;9
13993;30131;8;20;16;1;1;1;1;1;406;23;7;1;8;14;4;16;9
13994;30134;8;6;16;2;1;2;1;1;4206;9999;6;1;8;18;3;10;21
13995;30136;8;13;16;2;1;2;1;1;4201;9999;7;1;3;15;6;8;409
13996;30137;8;13;16;2;1;2;1;1;4201;9999;7;1;8;18;2;11;21
13997;30139;8;13;16;1;1;2;1;1;4220;9999;7;1;2;15;4;1;33
13998;30140;8;23;16;2;1;1;1;1;4201;9999;7;1;2;15;4;1;9
13999;30141;8;23;16;2;1;1;1;1;4214;9999;7;1;8;14;4;16;38
14000;30142;8;23;16;2;1;1;1;1;4201;9999;7;1;2;15;4;1;21
14001;30143;8;15;16;2;1;2;1;1;4201;9999;7;1;3;15;2;4;21
14002;30144;8;23;16;2;1;1;1;1;4220;9999;6;1;8;18;2;11;9
14003;30145;8;20;16;2;1;1;1;1;4214;9999;6;1;1;15;1;4;21
14004;30146;8;20;16;2;1;1;1;1;4220;9999;6;1;8;14;1;16;3
14005;30148;8;22;16;1;1;1;1;1;1;171;7;1;3;15;3;6;21
14006;30149;8;18;16;1;1;2;1;1;1;168;7;1;3;15;2;9;9
14007;30150;8;11;16;2;1;2;1;1;4201;9999;6;1;8;14;1;16;3
14008;30151;8;14;16;2;1;2;1;1;4220;9999;6;1;1;15;1;7;50
14009;30152;8;20;16;2;1;1;1;1;4228;9999;6;1;3;15;6;1;33
14010;30153;8;10;16;1;1;2;1;1;406;15;7;1;3;15;3;4;9
14011;30154;8;18;16;1;1;2;1;1;406;6;7;1;2;15;4;1;9
14012;30155;8;16;16;2;1;2;1;1;4220;9999;6;1;1;15;1;4;100
14013;30156;8;8;16;1;1;2;1;1;413;4;7;1;1;15;1;4;31
14014;30157;8;10;17;1;1;2;1;1;413;6;7;1;1;15;1;4;9
14017;30160;8;6;12;1;1;2;1;1;1;9999;1;1;3;15;8;4;3
14018;30161;8;19;12;1;1;1;1;1;1;701;6;1;8;13;8;1;36
14019;30162;8;11;12;2;1;2;1;1;2208;21;4;1;3;15;3;2;341
14020;30163;8;9;12;1;1;2;1;1;1;706;31;1;7;18;8;1;31
14021;30164;8;16;12;1;1;2;1;1;1;718;71;1;3;15;8;4;50
14027;30173;8;22;12;1;1;1;1;1;1;644;6;1;1;15;1;2;3
14030;30176;8;14;12;1;1;2;1;1;1;666;6;1;1;15;1;2;9
14032;30178;8;22;12;1;1;1;1;1;1;671;8;2;8;9;1;5;9
14034;30180;8;18;12;1;1;2;1;1;301;238;6;1;1;15;1;2;53
14036;30183;8;8;62;1;1;2;1;1;1;1400;8;1;8;18;9;1;400
14037;30184;8;19;21;1;1;1;1;1;1;1600;9;1;8;18;9;1;21
14038;30185;8;12;21;1;1;2;1;1;1;1583;9;1;8;18;1;1;38
14039;30193;8;17;8;1;1;2;1;1;1;1658;6;1;8;18;9;1;42
14040;30194;8;23;8;1;1;1;1;1;1;1877;6;1;2;15;9;1;3
14041;30195;8;9;62;1;1;2;1;1;9999;20;7;1;8;13;9;1;31
14045;30202;8;18;38;1;1;2;1;1;1100;6;9;1;2;15;4;1;3
14046;30203;8;21;19;1;1;1;1;1;712;58;6;1;8;14;1;16;9
14049;30206;8;7;19;1;1;2;1;1;8;536;8;1;1;12;1;11;31
14050;30207;8;12;19;1;1;2;1;1;3214;9999;6;1;1;15;1;2;40
14051;30208;8;20;19;1;1;1;1;1;7308;9999;6;1;7;14;2;16;31
14052;30211;8;17;19;1;1;2;1;1;8;530;8;1;8;13;2;1;9
14053;30212;8;0;5;1;1;1;1;1;8;516;8;1;1;15;9;1;21
14054;30213;8;18;19;1;1;2;1;1;8;9999;8;1;7;15;7;4;9
14056;30215;8;13;19;1;1;2;1;1;8;550;8;1;1;15;1;4;21
14058;30217;8;22;19;1;1;1;1;1;712;49;6;1;2;15;8;4;3
14059;30218;8;20;19;1;1;1;1;1;712;57;6;1;8;14;1;16;9
14060;30219;8;11;19;1;1;2;1;1;7311;9999;6;1;3;15;3;12;9
14061;30221;8;18;19;1;1;2;1;1;7306;13;5;1;8;14;1;1;9
14062;30225;8;13;19;1;1;2;1;1;7300;9999;7;1;8;14;1;1;21
14063;30226;8;10;19;1;1;2;1;1;8;561;6;1;2;15;4;1;3
14064;30227;8;0;19;1;1;1;1;1;8;562;6;1;1;15;3;4;9
14065;30228;8;17;19;1;1;2;1;1;8;575;6;1;7;15;2;10;9
14066;30229;8;20;19;1;1;1;1;1;8;578;6;1;3;15;3;4;21
14067;30230;8;21;19;1;1;1;1;1;710;34;6;1;8;18;7;15;21
14073;30237;8;17;19;1;1;2;1;1;712;9999;5;1;1;15;1;4;55
14074;30238;8;6;48;1;1;2;1;1;8;213;8;1;2;15;1;1;31
14075;30239;8;6;48;1;1;2;1;1;8;196;8;1;8;14;1;16;9
14076;30240;8;0;48;1;1;1;1;1;8;205;8;1;8;14;1;16;9
14077;30241;8;20;43;1;1;1;1;1;9;272;7;1;8;14;1;16;3
14078;30242;8;15;43;1;1;2;1;1;9;272;7;1;8;14;1;16;9
14079;30243;8;0;43;1;1;1;1;1;9;286;7;1;2;15;4;1;42
14080;30244;8;23;43;1;1;1;1;1;9;272;7;1;8;13;2;18;31
14081;30245;8;15;22;1;1;2;1;1;9;256;7;1;2;15;4;1;9
14082;30246;8;15;43;1;1;2;1;1;9;275;7;1;2;15;4;1;46
14086;30250;8;18;43;1;1;2;1;1;2010;23;7;1;2;15;5;1;3
14087;30251;8;14;43;1;1;2;1;1;2012;22;7;1;2;15;4;1;9
14088;30252;8;22;22;1;1;1;1;1;9;262;7;1;8;13;1;18;42
14089;30253;8;20;22;1;1;1;1;1;9;259;7;1;2;15;4;1;9
14091;30256;8;23;22;1;1;1;1;1;9;253;7;1;2;15;4;1;31
14092;30257;8;22;48;1;1;1;1;1;8;196;8;1;8;14;1;16;400
14093;30258;8;8;48;1;1;2;1;1;803;346;12;2;2;15;1;1;55
14094;30259;8;17;48;1;1;2;1;1;803;335;12;2;2;15;1;1;36
14095;30260;8;15;48;1;1;2;1;1;803;333;12;2;8;18;9;11;9
14096;30261;8;12;22;1;1;2;1;1;2004;22;7;1;8;14;7;16;9
14097;30262;8;12;48;1;1;2;1;1;2022;10;7;1;8;18;8;18;31
14098;30263;8;16;43;1;1;2;1;1;2009;34;7;1;1;15;1;18;9
14099;30264;8;6;11;1;1;2;1;1;206;69;6;1;1;15;1;1;21
14100;30267;8;9;11;1;1;2;1;1;206;48;6;1;1;15;1;4;21
14101;30269;8;2;11;1;1;1;1;1;2108;50;7;1;1;15;1;4;21
14102;30271;8;22;22;1;1;1;1;1;8;239;10;1;3;15;1;6;9
14103;30272;8;1;22;1;1;1;1;1;2007;9999;9;1;2;15;4;17;439
14104;30273;8;5;22;1;1;1;1;1;8;223;7;1;8;18;8;10;9
14105;30274;8;12;11;1;1;2;1;1;9;230;8;1;2;15;4;1;9
14106;30275;8;20;43;1;1;1;1;1;2017;41;8;1;1;15;2;18;9
14107;30276;8;5;11;1;1;1;1;1;8;310;9;1;8;15;1;16;9
14108;30278;8;19;57;1;1;1;1;1;7;83;7;1;3;15;1;4;31
14109;30279;8;21;57;1;1;1;1;1;803;140;7;2;2;15;1;1;9
14110;30280;8;19;48;1;1;1;1;1;212;72;6;1;8;18;9;5;9
14111;30282;8;20;11;1;1;1;1;1;9;188;5;1;8;14;1;1;9
14112;30283;8;12;57;1;1;2;1;1;8;275;9;1;2;18;4;1;341
14113;30284;8;18;57;1;1;2;1;1;8;276;11;1;1;15;1;8;9
14114;30285;8;11;57;1;1;2;1;1;8;289;14;1;3;15;1;8;33
14115;30286;8;14;11;2;1;2;1;1;2135;12;6;1;3;15;1;8;42
14116;30287;8;12;11;2;1;2;1;1;2135;7;5;1;8;15;8;1;38
14117;30288;8;16;11;2;1;2;1;1;2116;11;5;1;8;18;1;9;53
14118;30289;8;12;11;1;1;2;1;1;208;32;10;1;8;14;1;16;53
14119;30290;8;12;43;1;1;2;1;1;9999;167;10;1;7;15;3;6;21
14120;30291;8;4;43;1;1;1;1;1;9999;157;10;1;8;18;9;1;9
14121;30292;8;13;43;1;1;2;1;1;9999;178;10;1;8;14;8;16;9
14122;30293;8;19;43;1;1;1;1;1;9999;165;10;1;3;15;2;12;9
14123;30294;8;14;43;1;1;2;1;1;9999;173;10;1;3;15;3;1;36
14124;30295;8;9;43;1;1;2;1;1;9999;160;10;1;2;15;4;1;9
14125;30296;8;11;43;1;1;2;1;1;9999;176;10;1;3;15;2;6;430
14126;30297;8;21;43;1;1;1;1;1;9999;160;10;1;3;15;6;6;9
14127;30298;8;21;43;1;1;1;1;1;2010;53;5;1;1;15;1;6;9
14128;30299;8;16;11;1;1;2;1;1;206;95;7;1;2;15;4;1;9
14129;30301;8;19;11;1;1;1;1;1;2108;36;7;1;3;15;5;6;9
14130;30303;8;21;43;1;1;1;1;1;2012;17;7;1;2;15;4;1;46
14131;30304;8;19;22;1;1;1;1;1;8;264;9;2;2;15;4;1;21
14132;30307;8;16;22;1;1;2;1;1;8;261;9;1;2;15;4;17;9
14133;30309;8;18;22;1;1;2;1;1;2017;15;7;1;2;15;4;18;9
14134;30310;8;10;43;1;1;2;1;1;2017;45;8;1;8;18;7;18;38
14135;30311;8;14;43;1;1;2;1;1;2017;59;8;1;8;14;8;16;9
14136;30312;8;13;43;1;1;2;1;1;2017;52;7;1;8;14;8;16;71
14137;30313;8;22;43;1;1;1;1;1;2017;49;8;1;8;14;7;16;36
14138;30314;8;16;43;1;1;2;1;1;2017;59;8;1;8;14;7;16;9
14139;30315;8;13;22;1;1;2;1;1;2030;5;6;1;8;14;7;16;9
14140;30316;8;0;43;1;1;1;1;1;2017;44;8;1;8;18;8;18;9
14141;30317;8;22;43;1;1;1;1;1;2017;59;8;1;8;14;8;16;55
14142;30318;8;14;43;1;1;2;1;1;2017;60;8;1;8;14;8;16;9
14143;30319;8;11;43;1;1;2;1;1;2017;45;8;1;8;18;7;18;36
14144;30320;8;19;43;1;1;1;1;1;2017;50;8;1;8;14;7;16;5
14145;30321;8;11;43;1;1;2;1;1;2017;52;7;1;8;14;7;16;5
14146;30322;8;14;11;1;1;2;1;1;208;32;6;1;2;15;1;1;42
14147;30323;8;21;11;1;1;1;1;1;208;28;7;1;2;15;1;1;9
14148;30324;8;14;43;1;1;2;1;1;2009;8;6;1;8;13;3;18;9
14149;30326;8;19;43;1;1;1;1;1;2009;10;6;1;3;15;6;13;9
14150;30327;8;12;43;1;1;2;1;1;2009;11;6;1;2;15;4;14;42
14151;30328;8;12;43;1;1;2;1;1;9999;190;7;1;8;14;1;16;9
14152;30329;8;12;43;1;1;2;1;1;9999;24;7;1;8;14;1;16;9
14153;30330;8;12;43;1;1;2;1;1;2020;33;6;1;7;15;2;2;46
14154;30331;8;12;43;1;1;2;1;1;9999;189;7;1;7;15;2;14;55
14155;30332;8;12;43;1;1;2;1;1;9999;194;7;1;2;1;1;21;9
14156;30334;8;11;43;1;1;2;1;1;9999;198;7;1;8;13;3;18;3
14157;30335;8;15;22;1;1;2;1;1;8;264;9;2;8;14;1;16;3
14158;30336;8;11;22;1;1;2;1;1;8;266;9;1;7;15;7;8;3
14159;30337;8;9;22;1;1;2;1;1;8;260;9;2;7;15;7;1;9
14160;30338;8;23;22;1;1;1;1;1;8;260;9;2;2;15;4;1;9
14161;30339;8;14;22;1;1;2;1;1;210;2;8;1;2;15;4;1;9
14162;30341;8;21;22;1;1;1;1;1;8;260;9;2;7;15;7;1;86
14164;30344;8;22;11;1;1;1;1;1;8;350;9;1;7;14;4;1;9
14165;30345;8;9;11;1;1;2;1;1;205;19;6;1;7;15;4;8;9
14166;30346;8;12;11;1;1;2;1;1;8;359;9;1;2;15;4;10;9
14167;30347;8;10;11;1;1;2;1;1;8;350;9;1;2;15;4;1;31
14168;30348;8;10;11;1;1;2;1;1;8;352;9;1;3;15;6;16;9
14169;30349;8;10;11;1;1;2;1;1;2137;9;6;1;8;14;1;16;9
14170;30353;8;22;43;1;1;1;1;1;2010;10;7;1;8;18;7;18;31
14171;30362;8;15;22;1;1;2;1;1;2009;6;6;1;2;15;4;12;432
14173;30364;8;23;22;1;1;1;1;1;8;231;7;1;2;15;1;1;42
14174;30367;8;20;22;1;1;1;1;1;212;5;16;1;8;14;1;16;3
14176;30369;8;10;22;1;1;2;1;1;8;242;10;1;7;15;7;6;31
14177;30372;8;22;22;1;1;1;1;1;8;233;10;1;2;15;1;1;3
14178;30375;8;10;22;1;1;2;1;1;8;229;10;1;7;15;8;1;31
14179;30377;8;16;22;1;1;2;1;1;8;231;10;1;8;16;1;16;9
14180;30378;8;12;22;1;1;2;1;1;212;15;16;1;8;14;1;16;402
14181;30381;8;2;11;1;1;1;1;1;205;2;6;1;1;15;1;1;5
14182;30382;8;15;43;1;1;2;1;1;2024;9999;6;1;8;18;8;18;9
14183;30383;8;14;11;1;1;2;1;1;208;15;6;1;2;15;6;1;38
14184;30384;8;18;11;1;1;2;1;1;2125;20;6;1;3;15;3;1;9
14185;30387;8;12;22;1;1;2;1;1;8;224;7;1;7;15;8;8;3
14186;30388;8;0;22;1;1;1;1;1;8;224;7;1;3;15;8;1;9
14187;30389;8;15;22;1;1;2;1;1;8;226;7;1;1;15;1;4;21
14188;30390;8;21;22;1;1;1;1;1;8;226;7;1;1;15;1;4;9
14189;30393;8;12;22;1;1;2;1;1;8;224;7;1;8;14;1;16;9
14191;30395;8;8;22;1;1;2;1;1;8;226;7;1;2;15;1;1;3
14192;30396;8;16;43;1;1;2;1;1;9;266;7;1;8;13;2;11;9
14194;30398;8;17;43;1;1;2;1;1;9;271;7;1;2;15;4;1;55
14195;30399;8;18;43;1;1;2;1;1;9;278;7;1;2;15;4;1;9
14196;30400;8;17;11;1;1;2;1;1;206;107;6;1;3;15;5;4;9
14197;30402;8;12;11;2;1;2;1;1;2115;1;7;1;2;15;4;1;436
14198;30404;8;19;68;1;1;1;1;1;206;3;7;1;2;15;4;1;59
14199;30406;8;11;11;1;1;2;1;1;2129;2;7;1;2;15;4;1;9
14200;30407;8;20;11;1;1;1;1;1;210;48;7;1;2;15;4;1;42
14201;30408;8;12;11;1;1;2;1;1;206;61;6;1;8;13;9;1;9