;NUM_ACC;MOIS_ACC;HEU_ACC;COD_PRV;COD_ETA_CHA;COD_ETA_SUR;COD_LUM;COD_INT;TYP_LIE_ACC;NUM_ROU;PKM;LAR_CHA;COD_TYP_CHA;COD_TYP_COL;COD_OBS_HRT;COD_POI_CHO;COD_MAN;CIR_ACC
14202;30409;8;10;11;1;1;2;1;1;206;41;6;1;3;15;3;8;3
14203;30410;8;17;57;1;1;2;1;1;2101;41;5;1;8;13;1;1;31
14204;30413;8;11;22;1;1;2;1;1;203;5;8;1;7;15;6;6;3
14205;30415;8;1;22;1;1;1;1;1;2017;7;16;1;2;1;4;20;9
14206;30416;8;3;22;1;1;1;1;1;2009;2;9;1;8;13;7;11;21
14207;30419;8;12;22;1;1;2;1;1;2017;4;16;1;2;15;4;1;9
14208;30420;8;12;22;1;1;2;1;1;203;3;8;1;2;15;6;1;21
14209;30421;8;22;22;1;1;1;1;1;2017;13;16;1;8;14;1;16;9
14210;30423;8;12;22;1;1;2;1;1;2009;3;9;1;7;15;3;8;341
14212;30425;8;20;22;1;1;1;1;1;203;4;8;1;7;15;8;6;9
14213;30427;8;12;22;1;1;2;1;1;2017;11;16;1;2;15;4;1;21
14214;30430;8;21;22;1;1;1;1;1;2009;2;9;1;2;15;4;1;33
14215;30431;8;18;22;1;1;2;1;1;2017;3;16;1;7;15;8;1;9
14216;30432;8;5;22;1;1;1;1;1;2017;10;16;1;1;15;1;4;3
14217;30433;8;23;22;1;1;1;1;1;2017;7;16;1;7;15;7;6;9
14218;30434;8;18;22;1;1;2;1;1;2017;10;16;1;7;15;3;6;3
14219;30435;8;17;22;1;1;2;1;1;203;4;8;1;7;15;7;17;9
14220;30436;8;10;22;1;1;2;1;1;2009;2;9;1;2;15;4;8;9
14221;30438;8;11;22;1;1;2;1;1;2017;9;16;1;2;15;4;1;9
14222;30439;8;23;22;1;1;1;1;1;2017;4;16;1;2;15;4;1;9
14223;30441;8;11;22;1;1;2;1;1;2017;8;16;1;7;15;8;6;9
14224;30442;8;8;22;1;1;2;1;1;2017;9;16;1;7;15;2;6;9
14226;30445;8;10;22;1;1;2;1;1;203;4;8;1;8;13;7;11;21
14227;30446;8;21;22;1;1;1;1;1;2017;12;16;1;7;15;7;1;3
14228;30447;8;17;48;1;1;2;1;1;8;180;8;1;8;18;9;11;9
14229;30448;8;14;48;1;1;2;1;1;214;9999;6;1;8;14;1;16;21
14230;30449;8;5;48;1;1;1;1;1;214;9999;6;1;8;18;9;10;406
14234;30454;8;11;22;1;1;2;1;1;2011;2;6;1;8;13;9;11;9
14235;30455;8;23;22;1;1;1;1;1;8;215;10;1;2;15;4;1;32
14236;30456;8;18;11;1;1;2;1;1;9;230;7;1;3;15;1;1;21
14237;30457;8;10;11;1;1;2;1;1;9;207;7;1;8;18;1;10;59
14238;30458;8;11;57;1;1;2;1;1;2118;38;6;1;8;18;1;11;21
14239;30459;8;14;57;1;1;2;1;1;8301;7;7;2;8;16;1;11;31
14240;30460;8;13;57;1;1;2;1;1;8301;13;7;2;2;15;1;1;9
14241;30461;8;19;57;1;1;1;1;1;803;192;7;2;3;15;1;1;59
14242;30462;8;16;57;1;1;2;1;1;803;9999;7;2;8;18;1;10;9
14243;30463;8;16;57;1;1;2;1;1;803;177;7;2;3;15;1;1;31
14244;30464;8;22;11;1;1;1;1;1;9;174;7;1;2;15;1;1;31
14245;30465;8;12;43;1;1;2;1;1;9;303;7;1;3;15;2;1;9
14246;30466;8;17;43;1;1;2;1;1;9;302;7;1;1;15;1;18;33
14247;30467;8;12;43;1;1;2;1;1;9;293;7;1;2;15;1;1;82
14248;30468;8;9;43;1;1;2;1;1;9;305;7;1;1;15;1;12;9
14249;30469;8;13;22;1;1;2;1;1;9;232;8;2;2;15;6;1;9
14250;30470;8;3;22;1;1;1;1;1;9;234;8;1;8;13;7;11;36
14253;30473;8;17;22;1;1;2;1;1;7;105;8;1;7;15;7;6;42
14254;30474;8;23;22;1;1;1;1;1;204;100;7;1;8;13;8;10;21
14255;30475;8;18;22;1;1;2;1;1;7;116;7;1;7;15;8;4;9
14256;30476;8;8;22;2;1;2;1;1;2002;9999;6;1;8;14;5;17;21
14257;30477;8;12;22;1;1;2;1;1;7;114;7;1;2;15;5;1;9
14258;30478;8;8;22;1;1;2;1;1;803;220;8;1;8;13;7;13;38
14260;30480;8;10;22;1;1;2;1;1;803;240;8;1;8;13;7;13;9
14261;30481;8;21;43;1;1;1;1;1;2017;9999;8;1;2;1;4;18;21
14262;30482;8;21;43;1;1;1;1;1;2017;22;8;1;8;14;7;16;9
14263;30483;8;10;43;1;1;2;1;1;2017;32;8;1;8;14;7;16;46
14264;30484;8;17;43;1;1;2;1;1;2017;24;8;1;7;15;7;13;406
14265;30485;8;16;43;1;1;2;1;1;2017;18;8;1;8;14;7;16;88
14266;30486;8;13;43;1;1;2;1;1;2017;39;8;1;3;15;8;18;38
14267;30487;8;18;43;1;1;2;1;1;2017;21;8;1;8;18;7;18;9
14268;30488;8;12;43;1;1;2;1;1;2010;33;7;1;8;14;1;16;31
14269;30489;8;13;43;1;1;2;1;1;2010;39;8;1;8;14;2;16;38
14270;30490;8;21;43;1;1;1;1;1;2010;41;7;1;1;15;1;18;9
14271;30491;8;21;43;1;1;1;1;1;2017;35;8;1;3;15;7;10;38
14272;30492;8;19;43;1;1;1;1;1;2017;33;8;1;4;15;4;1;71
14273;30493;8;17;22;1;1;2;1;1;2011;32;7;1;3;15;8;18;38
14274;30494;8;17;43;1;1;2;1;1;2017;42;8;1;3;15;8;18;9
14275;30496;8;18;43;1;1;2;1;1;2017;18;8;1;3;15;8;18;31
14276;30497;8;14;22;1;1;2;1;1;2011;42;7;1;8;18;7;18;459
14277;30498;8;9;43;1;1;2;1;1;2017;39;8;1;3;15;8;18;9
14278;30499;8;21;43;1;1;1;1;1;2017;30;8;1;1;15;1;12;9
14279;30500;8;11;43;1;1;2;1;1;2010;34;7;1;8;14;7;16;9
14280;30501;8;21;11;1;1;1;1;1;8;303;9;1;7;14;9;16;33
14281;30502;8;11;11;1;1;2;1;1;8;309;9;1;8;18;9;18;21
14283;30504;8;12;11;1;1;2;1;1;8;303;9;2;8;18;9;17;9
14284;30505;8;8;11;1;1;2;1;1;8;309;9;1;2;15;4;18;9
14285;30506;8;14;11;1;1;2;1;1;8;304;9;1;2;15;4;1;9
14286;30507;8;19;11;1;1;1;1;1;8;300;9;1;2;15;4;1;9
14287;30508;8;8;11;1;1;2;1;1;8;301;9;1;2;15;4;18;9
14288;30509;8;10;11;1;1;2;1;1;8;303;9;1;2;15;4;8;3
14289;30510;8;23;57;1;1;1;1;1;7;71;7;1;8;18;1;10;9
14290;30511;8;18;57;1;1;2;1;1;7;63;7;1;1;15;1;1;3
14291;30512;8;9;11;1;1;2;1;1;8;340;10;1;3;15;1;1;9
14292;30513;8;20;11;1;1;1;1;1;8;339;10;1;3;15;6;1;31
14295;30516;8;5;11;1;1;1;1;1;8;346;10;1;1;15;1;4;9
14296;30517;8;22;11;1;1;1;1;1;2125;0;7;1;1;15;1;4;9
14297;30518;8;19;57;1;1;1;1;1;803;118;7;2;2;15;1;1;9
14298;30519;8;18;57;1;1;2;1;1;803;123;7;2;8;18;1;11;31
14299;30520;8;14;57;1;1;2;1;1;803;119;7;2;8;18;1;11;31
14300;30521;8;12;57;1;1;2;1;1;803;113;7;2;8;18;1;10;9
14301;30522;8;8;57;1;1;2;1;1;803;126;7;2;8;18;1;11;31
14302;30523;8;17;57;1;1;2;1;1;803;123;7;2;8;18;1;11;3
14306;30527;8;8;22;1;1;2;1;1;9;248;8;1;8;11;7;18;9
14307;30528;8;20;22;1;1;1;1;1;2006;10;6;1;3;15;6;14;9
14308;30529;8;1;22;1;1;1;1;1;9;250;8;1;8;18;8;18;9
14309;30530;8;22;22;1;1;1;1;1;2006;8;6;1;3;15;3;18;3
14310;30531;8;14;48;1;1;2;1;1;207;88;12;2;8;18;9;10;9
14311;30533;8;7;48;1;1;2;1;1;207;78;12;2;8;14;1;16;3
14312;30537;8;18;48;1;1;2;1;1;212;65;6;1;8;14;1;16;31
14313;30538;8;11;48;1;1;2;1;1;212;78;6;1;3;15;2;18;32
14314;30539;8;18;48;1;1;2;1;1;2007;22;5;1;2;15;4;1;432
14315;30540;8;14;48;1;1;2;1;1;212;72;6;1;8;14;1;16;9
14316;30542;8;22;48;1;1;1;1;1;212;53;6;1;7;15;8;4;21
14317;30543;8;20;48;1;1;1;1;1;2007;20;4;1;3;15;7;1;3
14318;30544;8;23;48;1;1;1;1;1;212;58;6;1;3;15;6;4;3
14319;30545;8;12;48;1;1;2;1;1;212;82;6;1;8;14;1;16;402
14320;30546;8;7;48;1;1;2;2;1;212;78;6;1;2;15;1;1;3
14321;30547;8;22;48;1;1;1;1;1;2022;9999;4;1;8;14;1;16;9
14322;30548;8;20;48;1;1;1;1;1;212;68;6;1;3;15;7;4;9
14323;30549;8;9;57;1;1;2;1;1;803;165;7;2;3;15;1;1;9
14324;30550;8;19;57;1;1;1;1;1;803;153;7;2;8;18;1;10;40
14326;30552;8;20;22;1;1;1;1;1;7;136;16;1;7;15;7;1;9
14327;30553;8;12;22;1;1;2;1;1;7;136;16;1;7;15;8;4;21
14328;30555;8;20;22;1;1;1;1;1;7;129;16;1;7;15;7;6;9
14329;30556;8;22;22;1;1;1;1;1;7;127;16;1;7;15;7;8;9
14330;30557;8;21;22;1;1;1;1;1;7;135;16;1;8;14;1;16;48
14331;30558;8;17;22;1;1;2;1;1;7;131;16;1;7;15;3;6;21
14332;30559;8;21;22;1;1;1;1;1;7;134;16;1;8;14;1;16;9
14333;30560;8;12;22;1;1;2;1;1;7;134;16;1;7;15;8;8;2
14335;30566;8;7;22;1;1;2;1;1;7;128;16;1;7;15;8;6;21
14336;30567;8;1;22;1;1;1;1;1;7;136;16;1;7;15;8;4;9
14337;30568;8;12;22;1;1;2;1;1;7;135;16;1;7;15;7;1;21
14338;30572;8;21;22;1;1;1;1;1;7;135;16;1;7;15;1;16;36
14339;30573;8;20;11;1;1;1;1;1;9;191;5;1;3;15;3;11;42
14340;30575;8;22;57;1;1;1;1;1;8;274;10;1;8;18;8;1;21
14341;30577;8;22;57;1;1;1;1;1;8;274;11;1;7;15;8;7;38
14342;30578;8;12;57;1;1;2;1;1;8;277;10;1;8;13;1;1;46
14343;30580;8;12;57;1;1;2;1;1;8;298;1;1;8;18;8;8;9
14344;30581;8;7;48;1;1;2;1;1;803;254;12;2;8;18;9;10;32
14345;30582;8;17;48;1;1;2;1;1;803;308;12;2;8;18;9;11;21
14347;30584;8;12;48;1;1;2;1;1;8;82;8;1;8;18;9;10;9
14348;30585;8;23;27;1;1;1;1;1;1;610;8;1;2;15;4;1;31
14349;30587;8;0;68;1;1;1;1;1;201;68;6;1;8;18;7;18;9
14350;30588;8;5;27;1;1;1;1;1;2313;1;7;1;8;14;2;16;9
14351;30589;8;21;27;2;1;1;1;1;2318;9999;7;1;1;15;1;4;9
14352;30591;8;22;27;1;1;1;1;1;2305;9999;6;1;1;15;1;4;9
14353;30592;8;21;68;1;1;1;1;1;204;81;7;1;8;18;7;1;9
14354;30595;8;14;68;1;1;2;1;1;204;88;7;2;7;15;1;1;9
14355;30596;8;10;68;1;1;2;1;1;204;80;7;1;7;14;1;16;9
14356;30600;8;22;68;1;1;1;1;1;2341;15;8;1;8;18;8;1;9
14357;30601;8;12;68;1;1;2;1;1;201;32;7;1;7;15;8;1;31
14358;30602;8;23;68;1;1;1;1;1;2317;1;10;1;8;14;1;1;9
14359;30603;8;12;68;1;1;2;1;1;204;67;11;1;8;14;1;16;82
14360;30605;8;12;68;1;1;2;1;1;201;69;11;1;7;15;8;4;9
14361;30607;8;12;68;1;1;2;1;1;201;59;6;1;7;15;7;1;48
14362;30610;8;15;68;1;1;2;1;1;201;47;6;1;8;18;7;1;400
14363;30611;8;13;27;1;1;2;1;1;301;85;8;1;8;14;2;16;9
14364;30612;8;20;27;1;1;1;1;1;2313;5;7;1;2;15;4;1;9
14365;30614;8;20;27;2;1;1;1;1;9999;9999;6;1;8;13;7;1;31
14366;30615;8;16;27;1;1;2;1;1;2313;4;8;1;8;15;7;12;3
14368;30618;8;16;27;2;1;2;1;1;9999;9999;8;1;2;15;4;1;3
14369;30619;8;19;27;1;1;1;1;1;301;90;8;1;8;13;7;1;9
14370;30620;8;20;27;1;1;1;1;1;301;80;8;1;3;15;8;1;21
14371;30622;8;12;68;1;1;2;1;1;201;90;7;1;8;18;7;14;9
14372;30623;8;10;68;1;1;2;1;1;201;79;6;1;8;18;8;1;46
14373;30624;8;12;68;1;1;2;1;1;2341;6;6;1;8;18;7;1;9
14374;30625;8;13;68;1;1;2;1;1;201;80;12;1;8;18;7;1;21
14375;30626;8;14;68;1;1;2;1;1;201;70;6;1;8;18;8;1;9
14376;30627;8;18;68;1;1;2;1;1;2341;10;6;1;8;18;7;1;31
14377;30628;8;14;68;1;1;2;1;1;2341;6;6;1;8;18;7;1;31
14378;30630;8;10;27;1;1;2;1;1;301;164;8;1;8;13;7;1;21
14379;30633;8;21;27;1;1;1;1;1;1;564;8;1;2;15;4;1;9
14380;30634;8;21;27;1;1;1;1;1;2306;34;5;1;8;13;9;1;9
14381;30635;8;7;27;1;1;2;1;1;1;565;8;1;8;13;9;1;38
14382;30636;8;17;27;1;1;2;1;1;1;550;8;1;5;15;1;14;9
14383;30637;8;17;27;1;1;2;1;1;1;554;8;1;2;15;4;1;9
14384;30639;8;19;27;3;1;1;1;1;2323;11;6;1;8;13;7;1;31
14385;30640;8;20;27;1;1;1;1;1;2306;36;8;1;8;13;8;1;32
14386;30642;8;12;27;1;1;2;1;1;204;38;8;1;1;15;1;4;21
14387;30643;8;17;27;3;1;2;1;1;2305;9999;6;1;8;13;9;1;9
14388;30644;8;12;27;3;1;2;1;1;2321;9999;6;1;8;13;7;1;88
14389;30646;8;1;68;3;1;1;1;1;2317;9999;6;1;8;13;7;1;9
14390;30647;8;16;27;1;1;2;1;1;1;603;8;1;1;15;1;4;3
14391;30648;8;19;27;1;1;1;1;1;2307;15;8;1;3;15;8;6;430
14392;30649;8;10;27;1;1;2;1;1;1;604;8;1;8;14;1;16;9
14393;30651;8;12;27;1;1;2;1;1;2307;3;8;1;8;13;7;1;341
14394;30652;8;12;27;2;1;2;1;1;2314;0;6;1;8;14;2;16;21
14395;30653;8;11;27;1;1;2;1;1;1;603;5;1;8;14;2;16;21
14396;30654;8;17;27;1;1;2;1;1;1;617;8;1;8;14;2;16;9
14397;30656;8;12;27;1;1;2;1;1;1;603;8;1;8;14;1;16;3
14398;30657;8;17;27;1;1;2;1;1;1;615;8;1;8;14;2;16;430
14399;30658;8;12;27;1;1;2;1;1;1;609;8;1;3;15;8;4;9
14400;30659;8;12;27;1;1;2;1;1;1;603;8;1;1;15;1;4;31
14401;30660;8;1;27;1;1;1;1;1;2300;2;7;1;2;15;4;1;341
14402;30661;8;14;27;1;1;2;1;1;2301;9999;7;1;2;15;4;1;21
14403;30662;8;17;27;1;1;2;1;1;2307;18;7;1;8;18;7;11;9
14404;30663;8;14;27;1;1;2;1;1;2300;1;7;1;2;15;4;1;9
14405;30664;8;21;27;1;1;1;1;1;2307;19;8;1;3;15;5;1;3
14406;30665;8;8;27;1;1;2;1;1;2300;8;8;1;3;15;6;1;9
14407;30666;8;22;27;1;1;1;1;1;2300;16;7;1;1;15;5;4;82
14408;30667;8;19;27;1;1;1;1;1;2307;21;7;1;2;15;4;1;9
14409;30668;8;14;27;1;1;2;1;1;2301;9999;7;1;3;15;2;14;31
14410;30669;8;21;27;1;1;1;1;1;2300;10;7;1;8;16;1;1;40
14411;30670;8;12;27;1;1;2;1;1;202;8;8;1;3;15;7;1;82
14412;30671;8;18;27;1;1;2;1;1;202;15;8;1;8;13;7;1;46
14413;30672;8;21;27;1;1;1;1;1;202;6;8;1;3;15;7;4;82
14414;30673;8;16;27;1;1;2;1;1;202;11;8;1;3;15;8;1;3
14415;30674;8;18;27;1;1;2;1;1;301;131;8;1;3;15;8;1;31
14416;30675;8;17;27;1;1;2;1;1;202;4;8;1;8;14;1;1;21
14417;30676;8;19;27;1;1;1;1;1;204;5;8;1;8;13;9;1;31
14418;30677;8;23;34;1;1;1;1;1;802;241;7;2;2;15;1;1;31
14419;30678;8;10;34;1;1;2;1;1;802;261;7;2;8;3;8;10;38
14420;30679;8;17;34;1;1;2;1;1;802;260;7;2;2;15;1;20;71
14421;30680;8;19;34;1;1;1;1;1;802;287;7;2;7;2;8;10;9
14422;30681;8;7;34;1;1;2;1;1;6;297;7;1;8;18;8;10;9
14423;30682;8;9;34;1;1;2;1;1;6;323;7;1;8;13;2;11;33
14424;30683;8;3;34;1;1;1;1;1;505;24;7;2;8;18;3;11;33
14425;30684;8;18;34;1;1;2;1;1;6;328;7;1;3;15;3;4;31
14426;30685;8;23;34;1;1;1;1;1;6;322;7;1;3;15;7;4;71
14427;30686;8;8;34;1;1;2;1;1;9999;80;7;1;8;2;2;11;38
14429;30689;8;21;34;1;1;1;1;1;507;2;8;1;8;14;1;16;9
14430;30690;8;17;34;1;1;2;1;1;5425;9999;6;1;8;13;2;11;3
14431;30693;8;20;34;1;1;1;1;1;510;9999;8;1;8;14;1;16;5
14432;30694;8;9;34;1;1;2;1;1;5421;9999;3;1;2;15;1;4;48
14433;30696;8;17;34;1;1;2;1;1;5423;9999;6;1;8;18;7;11;31
14434;30697;8;11;34;1;1;2;1;1;508;69;6;1;2;15;1;1;9
14435;30698;8;20;34;1;1;1;1;1;5404;25;5;1;7;18;9;10;82
14436;30699;8;17;34;1;1;2;1;1;505;71;7;2;8;18;2;11;31
14440;30703;8;12;34;1;1;2;1;1;5420;16;6;1;8;15;4;1;21
14455;30722;8;20;42;1;1;1;1;1;9999;9999;6;1;8;13;9;11;33
14456;30723;8;9;42;1;1;2;1;1;504;4;6;1;1;15;1;4;9
14457;30726;8;16;42;1;1;2;1;1;5035;9999;6;1;7;15;8;4;31
14458;30727;8;11;42;1;1;2;1;1;8;703;11;1;8;13;9;11;21
14459;30730;8;12;42;1;1;2;1;1;6;227;7;1;7;15;6;1;9
14460;30731;8;12;42;1;1;2;1;1;5334;9999;5;1;8;13;9;11;9
14461;30732;8;9;42;1;1;2;1;1;9999;4;5;1;7;15;3;6;21
14462;30733;8;8;42;1;1;2;1;1;6;231;7;1;7;15;9;6;9
14463;30734;8;12;42;1;1;2;1;1;5016;9999;4;1;8;13;9;11;31
14465;30736;8;2;42;1;1;1;1;1;5016;9999;4;1;8;13;9;10;31
14466;30739;8;5;42;1;1;1;1;1;503;9999;7;1;8;13;9;11;9
14467;30740;8;13;42;1;1;2;1;1;503;15;7;2;8;13;9;11;21
14468;30741;8;16;42;1;1;2;1;1;503;9999;6;1;8;13;9;10;9
14470;30743;8;16;42;1;1;2;1;1;503;9999;7;2;8;13;9;11;38
14471;30744;8;19;66;1;1;1;1;1;501;3;6;1;7;15;8;4;31
14472;30745;8;13;7;1;1;2;1;1;5108;40;5;1;8;15;9;11;9
14473;30747;8;5;66;1;1;1;1;1;5017;1;6;1;1;15;1;4;9
14474;30749;8;12;66;1;1;2;1;1;5017;2;6;1;3;15;3;1;38
14475;30750;8;17;66;1;1;2;1;1;5017;2;6;1;1;15;1;4;31
14477;30755;8;12;35;1;1;2;1;1;8;788;7;1;1;15;1;4;9
14478;30756;8;4;35;1;1;1;1;1;8;773;6;1;2;15;1;1;9
14480;30758;8;10;35;1;1;2;1;1;8;780;7;1;8;13;9;10;36
14481;30759;8;11;35;1;1;2;1;1;5329;5;5;1;8;13;9;10;36
14482;30761;8;13;35;1;1;2;1;1;8;778;7;1;7;15;8;4;9
14484;30763;8;13;35;1;1;2;1;1;8;777;7;1;7;15;6;4;3
14485;30764;8;19;14;1;1;1;1;1;8;723;7;2;2;15;4;21;32
14486;30765;8;19;14;1;1;1;1;1;8;724;7;2;8;14;1;16;9
14487;30769;8;20;66;1;1;1;1;1;5006;21;7;1;8;11;9;18;9
14488;30770;8;11;14;1;1;2;1;1;6;213;7;1;8;14;1;16;9
14489;30771;8;1;66;1;1;1;1;1;5027;9999;7;1;8;18;9;18;9
14490;30774;8;18;66;1;1;2;1;1;5027;5;6;1;1;15;1;4;33
14491;30775;8;21;66;1;1;1;1;1;5002;16;5;1;1;15;1;4;21
14492;30776;8;22;66;1;1;1;1;1;8;747;6;1;7;15;9;4;9
14493;30777;8;12;66;1;1;2;1;1;5002;16;6;1;3;15;8;1;38
14494;30778;8;5;35;1;1;1;1;1;5309;27;6;1;8;13;9;11;21
14496;30780;8;8;66;1;1;2;1;1;4;156;7;1;2;15;4;1;9
14497;30782;8;12;35;1;1;2;1;1;8;769;6;1;8;13;9;10;21
14498;30783;8;21;14;1;1;1;1;1;503;6;7;1;8;14;1;16;21
14499;30784;8;11;35;1;1;2;1;1;8;819;6;1;8;13;9;10;9
14500;30785;8;4;14;1;1;1;1;1;503;6;7;2;8;13;9;11;9
14501;30786;8;9;14;1;1;2;1;1;8;721;7;2;7;15;8;4;409
14502;30787;8;20;14;1;1;1;1;1;8;723;11;1;3;15;8;1;9
14503;30788;8;14;14;1;1;2;1;1;8;723;11;1;8;14;1;16;38
14504;30791;8;22;14;1;1;1;1;1;8;721;11;2;7;15;9;1;33
14505;30792;8;23;14;1;1;1;1;1;8;725;11;2;7;15;9;6;9
14506;30794;8;21;14;1;1;1;1;1;8;719;7;2;8;16;1;16;9
14507;30795;8;11;35;1;1;2;1;1;8;791;6;1;8;13;9;11;9
14508;30796;8;11;35;1;1;2;1;1;8;796;6;1;8;14;1;16;9
14509;30797;8;19;35;1;1;1;1;1;8;796;6;1;2;15;4;1;9
14510;30798;8;9;35;1;1;2;1;1;5318;15;5;1;1;15;1;4;31
14512;30800;8;12;35;1;1;2;1;1;5311;9999;6;1;8;13;9;10;31
14513;30801;8;10;35;1;1;2;1;1;5304;9999;8;1;1;15;1;4;31
14514;30802;8;18;35;1;1;2;1;1;5313;9999;8;1;8;13;9;10;42
14516;30805;8;9;35;1;1;2;1;1;408;9999;6;1;3;15;8;1;42
14518;30807;8;15;35;1;1;2;1;1;506;9999;5;1;8;13;9;11;341
14519;30809;8;15;42;1;1;2;1;1;504;64;5;1;7;15;8;4;9
14520;30810;8;3;14;1;1;1;1;1;802;196;7;2;7;15;3;1;9
14521;30811;8;21;42;1;1;1;1;1;802;210;7;2;2;15;4;1;9
14522;30812;8;9;66;1;1;2;1;1;6;182;7;1;7;14;2;16;31
14523;30813;8;9;7;1;1;2;1;1;503;125;6;1;8;13;9;11;9
14524;30815;8;1;7;1;1;1;1;1;7235;20;5;1;8;13;9;10;400
14526;30817;8;8;14;1;1;2;1;1;5043;3;6;1;8;13;9;11;9
14527;30818;8;4;42;1;1;1;1;1;504;42;6;1;8;13;9;10;341
14528;30820;8;15;13;1;1;2;1;1;5016;48;5;1;8;13;9;11;9
14529;30821;8;22;14;1;1;1;1;1;802;186;7;1;8;16;1;11;9
14530;30822;8;16;42;1;1;2;1;1;802;212;7;2;2;15;4;1;21
14531;30823;8;6;35;1;1;2;1;1;501;60;6;1;7;15;8;4;21
14532;30824;8;10;35;1;1;2;1;1;506;33;5;1;8;13;9;10;21
14533;30825;8;21;52;1;1;1;1;1;408;84;6;1;8;14;1;16;9
14534;30826;8;21;35;1;1;1;1;1;506;51;6;1;3;15;9;1;409
14535;30827;8;20;35;1;1;1;1;1;5307;9999;5;1;8;13;9;10;38
14536;30828;8;18;35;1;1;2;1;1;5307;12;5;1;8;13;9;10;430
14538;30831;8;13;66;1;1;2;1;1;6;187;8;1;7;9;2;9;9
14539;30832;8;13;14;1;1;2;1;1;6;191;7;1;3;15;6;1;31
14540;30833;8;15;66;1;1;2;1;1;6;183;7;1;8;15;9;16;9
14541;30834;8;15;66;1;1;2;1;1;6;180;7;1;3;15;8;1;31
14542;30835;8;8;7;1;1;2;1;1;5105;24;5;1;7;15;8;4;430
14543;30837;8;4;7;1;1;1;1;1;5105;32;5;1;7;15;8;4;9
14544;30840;8;18;7;1;1;2;1;1;5108;10;6;1;7;15;8;6;9
14545;30841;8;10;7;1;1;2;1;1;5108;5;5;1;8;13;9;11;31
14546;30842;8;23;7;1;1;1;1;1;5108;26;5;1;8;13;9;10;5
14547;30843;8;12;7;1;1;2;1;1;503;102;6;1;2;15;4;1;38
14548;30844;8;22;14;1;1;1;1;1;802;170;7;1;7;15;9;4;9
14549;30845;8;5;14;1;1;1;1;1;802;171;7;2;8;13;9;11;31
14550;30849;8;16;66;1;1;2;1;1;5005;1;6;1;8;13;9;11;9
14551;30850;8;18;7;1;1;2;1;1;5123;19;5;1;8;13;9;10;9
14552;30852;8;21;7;1;1;1;1;1;601;18;6;1;7;1;6;21;32
14553;30856;8;6;7;1;1;2;1;1;15;228;7;1;7;15;8;1;21
14554;30858;8;1;7;1;1;1;1;1;15;211;6;1;8;13;9;10;9
14555;30859;8;8;7;1;1;2;1;1;502;1;5;1;8;13;9;10;341
14557;30863;8;0;7;1;1;1;1;1;503;84;6;1;2;15;1;1;46
14558;30864;8;21;7;1;1;1;1;1;7235;20;5;1;7;15;8;4;21
14559;30865;8;15;7;1;1;2;1;1;7235;23;5;1;8;13;9;10;48
14566;30875;8;12;65;1;1;2;1;1;3203;46;6;1;2;15;4;1;9
14567;30876;8;10;65;1;1;2;1;1;3224;9999;6;1;4;15;5;1;9
14568;30877;8;12;65;1;1;2;1;1;8;386;6;1;2;15;6;1;9
14570;30879;8;21;65;1;1;1;1;1;3228;9999;6;1;2;15;4;1;9
14576;30885;8;23;5;1;1;1;1;1;8;490;6;1;7;16;1;16;9
14577;30888;8;12;5;1;1;2;1;1;8;499;6;1;7;7;1;18;9
14578;30889;8;14;5;1;1;2;1;1;3208;0;6;1;3;15;6;8;3
14579;30892;8;15;5;1;1;2;1;1;8;433;7;1;2;15;4;1;31
14581;30894;8;22;5;1;1;1;1;1;3217;9999;5;1;7;14;1;16;9
14582;30895;8;7;5;1;1;2;1;1;3222;5;6;1;8;18;7;21;9
14583;30896;8;12;5;1;1;2;1;1;3222;9999;6;1;7;14;1;16;21
14584;30898;8;10;5;1;1;2;1;1;3222;10;6;1;2;15;8;1;59
14585;30899;8;12;5;1;1;2;1;1;3222;11;6;1;2;15;1;1;21
14586;30900;8;12;5;1;1;2;1;1;8;431;7;1;7;15;1;1;21
14587;30901;8;8;5;1;1;2;1;1;3222;7;6;1;2;15;1;1;3
14588;30902;8;12;5;1;1;2;1;1;3111;1;6;1;3;15;8;1;21
14589;30903;8;12;5;1;1;2;1;1;8;443;7;1;3;15;8;12;9
14590;30904;8;20;5;1;1;1;1;1;8;434;7;1;2;15;7;1;21
14591;30905;8;12;5;1;1;2;1;1;8;433;7;1;7;15;8;21;9
14592;30906;8;23;5;1;1;1;1;1;8;430;7;1;1;15;1;4;21
14593;30907;8;12;5;1;1;2;1;1;3217;2;6;1;1;15;1;4;9
14594;30908;8;12;5;1;1;2;1;1;3222;6;6;1;2;15;4;1;9
14595;30910;8;20;5;1;1;1;1;1;3221;9999;5;1;8;13;8;10;21
14596;30911;8;12;5;1;1;2;1;1;312;69;6;1;8;13;8;10;9