;NUM_ACC;MOIS_ACC;HEU_ACC;COD_PRV;COD_ETA_CHA;COD_ETA_SUR;COD_LUM;COD_INT;TYP_LIE_ACC;NUM_ROU;PKM;LAR_CHA;COD_TYP_CHA;COD_TYP_COL;COD_OBS_HRT;COD_POI_CHO;COD_MAN;CIR_ACC
14597;30912;8;20;5;1;1;1;1;1;3211;9999;5;1;8;13;7;11;36
14598;30913;8;14;5;1;1;2;1;1;3221;9999;5;1;8;15;1;4;46
14599;30914;8;13;5;1;1;2;1;1;3221;9999;5;1;8;13;8;10;9
14600;30915;8;2;5;1;1;1;1;1;3221;9999;5;1;2;15;1;1;59
14601;30916;8;16;5;1;1;2;1;1;8;486;7;1;8;15;1;4;50
14602;30917;8;22;5;1;1;1;1;1;3221;9999;5;1;8;14;1;16;9
14603;30918;8;13;5;1;1;2;1;1;3221;9999;5;1;8;15;1;4;9
14604;30919;8;8;5;1;1;2;1;1;3210;9999;5;1;8;15;1;1;100
14605;30920;8;12;5;1;1;2;1;1;3210;9999;5;1;8;5;1;11;33
14606;30921;8;15;5;1;1;2;1;1;3221;9999;5;1;8;15;1;4;50
14607;30923;8;11;5;1;1;2;1;1;3221;1;6;1;8;13;9;11;100
14608;30924;8;9;5;1;1;2;1;1;3204;9999;6;1;2;15;4;1;9
14609;30926;8;13;5;1;1;2;1;1;8;453;7;1;8;18;9;10;50
14610;30927;8;12;5;1;1;2;1;1;8;454;7;1;2;15;1;1;53
14611;30930;8;12;5;1;1;2;1;1;3208;22;6;1;1;15;1;4;9
14612;30932;8;12;5;1;1;2;1;1;3208;22;6;1;7;15;1;1;50
14613;30933;8;20;5;1;1;1;1;1;3208;19;6;1;7;14;1;16;3
14614;30935;8;12;5;1;1;2;1;1;3208;23;6;1;2;15;1;1;21
14615;30938;8;15;5;1;1;2;1;1;3208;5;6;1;8;13;1;11;32
14616;30939;8;16;5;1;1;2;1;1;3208;18;6;1;7;15;1;6;9
14617;30940;8;16;5;1;1;2;1;1;3221;9999;6;1;7;14;1;16;82
14618;30941;8;12;5;1;1;2;1;1;317;56;6;1;8;18;7;1;31
14619;30947;8;3;65;2;1;1;1;1;3514;9999;3;1;8;13;2;11;9
14620;30949;8;9;65;1;1;2;1;1;308;118;5;1;8;13;3;10;9
14621;30950;8;13;65;2;1;2;1;1;3226;9999;4;1;3;15;2;4;9
14622;30954;8;21;65;1;1;1;1;1;309;59;6;1;1;15;1;1;36
14623;30956;8;10;65;1;1;2;1;1;309;60;6;1;7;15;1;1;36
14624;30957;8;12;65;1;1;2;1;1;309;63;6;1;7;15;1;1;42
14625;30960;8;12;65;1;1;2;1;1;3216;12;6;1;7;15;1;1;9
14626;30961;8;12;65;1;1;2;1;1;309;65;6;1;7;15;1;1;9
14627;30962;8;12;65;1;1;2;1;1;309;62;6;1;7;14;1;16;31
14628;30963;8;22;65;1;1;1;1;1;3220;14;6;1;7;14;1;16;100
14629;30965;8;23;65;1;1;1;1;1;11;165;5;1;8;13;2;11;38
14630;30966;8;16;65;1;1;2;1;1;11;151;5;1;7;15;3;4;3
14631;30967;8;21;65;1;1;1;1;1;11;167;5;1;2;15;4;1;9
14632;30968;8;13;65;1;1;2;1;1;309;67;4;1;2;15;4;1;406
14633;30969;8;17;65;1;1;2;1;1;309;41;5;1;3;15;3;4;406
14634;30970;8;20;65;1;1;1;1;1;11;166;5;1;1;15;1;4;59
14635;30971;8;1;65;2;1;1;1;1;3222;21;4;1;7;15;4;4;9
14636;30972;8;9;5;1;1;2;1;1;3215;9999;6;1;8;13;9;11;9
14637;30975;8;20;5;1;1;1;1;1;3213;0;6;1;2;15;4;1;9
14638;30976;8;6;5;1;1;2;1;1;11;183;7;1;2;15;4;1;59
14639;30978;8;4;5;1;1;1;1;1;11;189;7;1;8;13;9;11;38
14640;30979;8;13;65;1;1;2;1;1;3224;20;6;1;7;15;1;1;9
14641;30980;8;22;65;1;1;1;1;1;3202;9999;6;1;8;13;1;11;21
14642;30983;8;5;65;2;1;1;1;1;3226;3;4;1;8;13;2;11;21
14643;30984;8;0;65;2;1;1;1;1;3211;4;3;1;3;15;1;4;32
14644;30985;8;21;65;2;1;1;1;1;3224;9999;4;1;3;16;2;4;21
14645;30986;8;12;65;1;1;2;1;1;309;63;4;1;3;16;1;4;9
14646;30987;8;21;65;1;1;1;1;1;309;64;5;1;3;15;2;4;9
14647;30988;8;8;4;1;1;2;1;1;8;416;5;1;3;15;2;4;21
14648;30989;8;11;65;2;1;2;1;1;3211;3;3;1;8;13;2;11;9
14649;30990;8;13;65;2;1;2;1;1;3224;6;4;1;8;13;2;11;21
14650;30992;8;15;65;2;1;2;1;1;3226;9999;4;1;8;13;2;11;82
14652;30994;8;13;4;1;1;2;1;1;3109;9999;4;1;7;14;8;16;9
14654;30998;8;11;4;2;1;2;1;1;304;108;5;1;3;15;1;1;3
14655;30999;8;12;4;2;1;2;1;1;302;9999;4;1;8;14;1;1;9
14657;31002;8;12;4;2;1;2;1;1;304;30;5;1;3;15;1;1;9
14659;31004;8;20;4;2;1;1;1;1;307;39;4;1;8;18;1;1;9
14660;31007;8;0;65;1;1;1;1;1;11;179;5;1;8;18;1;11;21
14661;31009;8;22;4;2;1;1;1;1;307;42;4;1;8;18;1;1;3
14662;31010;8;12;4;2;1;2;1;1;3105;71;4;1;8;14;3;1;21
14663;31011;8;17;4;1;1;2;1;1;302;6;4;1;3;15;1;1;21
14664;31012;8;20;4;2;1;1;1;1;210;78;4;1;7;15;1;1;21
14665;31013;8;16;5;1;1;2;1;1;317;9999;4;1;7;14;1;16;21
14666;31014;8;20;4;1;1;1;1;1;302;107;4;1;1;15;1;2;21
14667;31015;8;11;4;1;1;2;1;1;304;42;5;1;8;14;1;1;40
14669;31020;8;17;4;1;1;2;1;1;304;119;7;1;5;15;3;4;21
14671;31023;8;13;4;1;1;2;1;1;3105;41;6;1;8;15;3;8;21
14672;31024;8;12;4;1;1;2;1;1;3105;56;6;1;3;15;1;8;9
14673;31026;8;10;4;2;1;2;1;1;304;75;5;1;8;14;1;10;3
14674;31027;8;1;4;1;1;1;1;1;304;58;5;1;8;18;1;1;9
14675;31029;8;16;4;1;1;2;1;1;307;18;4;1;8;18;1;1;9
14676;31030;8;12;65;1;1;2;1;1;11;174;5;1;2;15;1;1;32
14677;31031;8;6;65;2;1;2;1;1;3211;19;4;1;3;15;1;4;9
14678;31032;8;11;65;1;1;2;1;1;11;177;5;1;2;15;1;1;32
14679;31033;8;22;65;1;1;1;1;1;11;172;5;1;2;15;1;1;9
14680;31034;8;12;65;1;1;2;1;1;11;173;4;1;2;15;1;1;21
14681;31035;8;22;65;2;1;1;1;1;3211;19;3;1;3;14;1;4;9
14682;31038;8;19;65;1;1;1;1;1;3105;12;6;1;7;14;1;16;32
14683;31039;8;5;65;1;1;1;1;1;8;399;5;1;7;7;1;1;31
14684;31040;8;22;65;1;1;1;1;1;9999;9999;5;1;7;15;1;1;9
14685;31042;8;12;65;1;1;2;1;1;3109;9999;6;1;7;15;1;1;402
14686;31043;8;19;65;1;1;1;1;1;8;400;7;1;1;15;1;6;3
14687;31044;8;21;65;1;1;1;1;1;309;70;6;1;2;15;4;1;9
14688;31046;8;14;65;1;1;2;1;1;3224;9999;5;1;2;15;4;1;9
14689;31048;8;16;65;1;1;2;1;1;3105;12;6;1;7;15;1;1;42
14692;31052;8;17;23;1;1;2;1;1;4;144;8;1;8;10;9;11;86
14693;31053;8;5;23;1;1;1;1;1;6;122;8;1;1;15;1;4;9
14719;31085;8;14;13;1;1;2;1;1;712;34;5;1;8;18;1;10;53
14720;31086;8;10;39;1;1;2;1;1;9999;9999;4;1;1;15;1;4;50
14723;31089;8;11;39;1;1;2;1;1;8;617;8;1;7;14;1;1;21
14724;31090;8;16;39;1;1;2;1;1;8;9999;7;1;4;15;4;18;9
14725;31091;8;19;23;1;1;1;1;1;4;105;8;1;8;18;9;10;9
14726;31092;8;15;23;1;1;2;1;1;4;105;8;1;5;15;9;18;31
14727;31093;8;13;23;1;1;2;1;1;4;113;8;1;3;15;8;7;9
14728;31094;8;1;23;1;1;1;1;1;4;122;8;1;8;18;9;11;31
14729;31095;8;13;23;1;1;2;1;1;7024;9999;7;1;3;15;8;6;100
14730;31097;8;9;23;1;1;2;1;1;13;233;8;2;2;15;8;1;9
14731;31098;8;14;23;1;1;2;1;1;13;239;8;2;2;15;8;1;9
14732;31100;8;14;23;1;1;2;1;1;413;94;8;1;8;18;9;11;48
14733;31103;8;22;23;1;1;1;1;1;7017;1;8;1;3;15;8;6;9
14734;31104;8;19;23;1;1;1;1;1;7023;9999;8;1;8;14;1;16;439
14735;31105;8;7;23;1;1;2;1;1;6;121;8;1;8;18;9;10;53
14737;31107;8;21;23;1;1;1;1;1;701;12;8;1;1;15;1;4;50
14738;31108;8;22;23;1;1;1;1;1;7021;9999;8;1;1;15;8;4;53
14739;31109;8;12;23;1;1;2;1;1;701;14;8;1;1;15;1;4;436
14740;31110;8;18;23;1;1;2;1;1;13;205;8;1;1;15;1;4;9
14741;31111;8;18;23;1;1;2;1;1;13;204;8;1;1;15;8;4;9
14743;31113;8;12;23;2;1;2;1;1;7014;9999;7;1;8;18;9;11;21
14744;31114;8;17;23;1;1;2;1;1;13;204;8;1;7;2;9;10;9
14745;31115;8;22;23;1;1;1;1;1;6;147;8;1;3;15;8;1;33
14746;31116;8;13;23;1;1;2;1;1;6;148;8;1;2;15;4;1;9
14747;31117;8;23;23;1;1;1;1;1;4;139;8;1;8;18;9;11;489
14748;31118;8;20;23;1;1;1;1;1;6;174;8;1;8;14;1;16;9
14749;31119;8;19;23;1;1;1;1;1;6;177;8;1;3;15;8;7;59
14750;31121;8;16;23;1;1;2;1;1;6;172;8;1;1;15;8;4;9
14752;31123;8;8;23;1;1;2;1;1;4;128;8;1;8;18;9;10;9
14753;31124;8;13;23;1;1;2;1;1;13;207;8;1;8;18;9;11;21
14754;31125;8;10;23;1;1;2;2;1;13;207;8;1;8;18;9;11;31
14755;31126;8;10;23;1;1;2;1;1;13;211;8;1;3;15;8;1;33
14756;31127;8;19;23;1;1;1;1;1;802;128;9;2;8;18;9;10;36
14757;31128;8;14;23;1;1;2;1;1;802;118;9;2;8;10;9;11;9
14758;31129;8;19;23;1;1;1;1;1;802;124;9;2;8;14;1;18;33
14759;31130;8;17;23;1;1;2;1;1;802;115;9;2;7;6;1;11;9
14760;31131;8;1;23;1;1;1;1;1;802;126;9;2;2;15;6;1;46
14761;31132;8;16;23;1;1;2;1;1;802;100;9;2;7;2;2;11;9
14762;31133;8;12;23;1;1;2;1;1;802;160;10;2;8;18;9;11;9
14763;31134;8;14;23;1;1;2;1;1;802;146;9;2;7;2;9;11;9
14764;31135;8;7;23;1;1;2;1;1;802;164;10;2;8;18;9;11;3
14765;31136;8;19;23;1;1;1;1;1;802;138;9;2;8;18;9;11;42
14766;31137;8;20;23;1;1;1;1;1;802;149;9;2;2;15;8;1;9
14767;31138;8;19;23;1;1;1;1;1;802;157;9;2;8;15;9;1;9
14768;31139;8;21;23;1;1;1;1;1;802;151;10;2;8;15;9;11;9
14772;31143;8;13;39;1;1;2;1;1;8;642;8;1;1;15;1;4;3
14773;31144;8;14;39;1;1;2;1;1;13;285;7;1;8;18;8;18;9
14775;31146;8;8;18;1;1;2;1;1;802;95;8;1;8;2;9;1;21
14776;31147;8;22;18;1;1;1;1;1;4306;9999;5;1;2;15;1;1;38
14777;31148;8;18;18;1;1;2;1;1;802;25;7;2;8;13;1;11;9
14778;31149;8;13;18;1;1;2;1;1;6;37;6;1;3;15;1;2;21
14779;31150;8;10;18;1;1;2;1;1;802;85;7;1;8;13;9;1;3
14780;31151;8;21;18;1;1;1;1;1;4321;14;6;1;8;14;1;16;31
14781;31152;8;13;18;1;1;2;1;1;411;130;6;1;3;15;8;1;55
14782;31153;8;17;18;1;1;2;1;1;6;61;6;1;2;15;1;1;9
14783;31154;8;11;18;1;1;2;1;1;411;123;6;1;8;13;1;11;9
14784;31155;8;15;18;1;1;2;1;1;4301;63;6;1;8;13;1;11;9
14785;31156;8;12;18;1;1;2;1;1;409;72;6;1;3;15;1;8;341
14786;31158;8;21;18;1;1;1;1;1;409;72;6;1;2;15;1;1;9
14787;31159;8;9;18;1;1;2;1;1;4304;9999;6;1;8;13;1;11;40
14788;31160;8;17;18;1;1;2;1;1;402;7;6;1;8;13;1;11;21
14789;31161;8;18;18;1;1;2;1;1;4304;9999;6;1;8;15;1;16;21
14790;31162;8;7;18;1;1;2;1;1;6;81;6;1;8;2;9;11;9
14791;31163;8;0;18;1;1;1;1;1;6;71;6;1;8;13;9;11;36
14792;31164;8;21;18;1;1;1;1;1;6;79;6;1;2;15;1;1;36
14793;31165;8;21;18;1;1;1;1;1;6;80;6;1;8;13;1;11;9
14794;31166;8;10;74;1;1;2;1;1;6;4;6;1;8;14;1;16;59
14795;31167;8;2;18;1;1;1;1;1;802;23;7;2;8;13;1;11;9
14796;31168;8;21;18;1;1;1;1;1;802;25;7;2;8;13;1;5;38
14797;31169;8;7;18;1;1;2;1;1;802;28;7;2;8;2;1;5;21
14798;31170;8;15;74;1;1;2;1;1;6;18;7;2;2;15;1;1;9
14799;31171;8;7;18;1;1;2;1;1;802;23;7;2;8;13;1;5;32
14800;31172;8;3;18;1;1;1;1;1;802;28;7;2;2;15;1;1;9
14801;31174;8;20;18;1;1;1;1;1;404;5;6;1;3;15;1;9;409
14802;31176;8;23;18;1;1;1;1;1;4316;9999;4;1;8;13;1;11;31
14803;31177;8;19;18;1;1;1;1;1;404;2;6;1;8;14;1;16;32
14804;31178;8;23;18;1;1;1;1;1;4325;1;6;1;3;15;1;2;9
14805;31181;8;19;18;1;1;1;1;1;701;66;7;1;3;15;7;1;32
14807;31185;8;23;18;1;1;1;1;1;411;106;6;1;8;14;1;16;9
14808;31186;8;9;18;1;1;2;1;1;411;113;6;1;3;15;1;2;42
14809;31190;8;4;18;1;1;1;1;1;402;11;6;1;8;13;1;11;21
14810;31192;8;15;18;1;1;2;1;1;402;11;6;1;8;14;1;16;400
14811;31193;8;20;18;1;1;1;1;1;405;23;6;1;2;15;1;1;21
14812;31194;8;13;18;1;1;2;1;1;6;43;6;1;2;15;1;1;3
14813;31196;8;22;18;1;1;1;1;1;6;28;6;1;1;15;1;2;3
14814;31197;8;23;18;1;1;1;1;1;6;27;6;1;3;15;1;1;9
14815;31199;8;8;18;1;1;2;1;1;6;27;6;1;3;15;1;1;9
14816;31201;8;21;18;1;1;1;1;1;4317;9999;6;1;8;13;1;10;32
14817;31202;8;11;18;1;1;2;1;1;6;37;6;1;1;15;1;2;31
14818;31204;8;12;18;1;1;2;1;1;6;26;6;1;3;18;1;1;9
14819;31205;8;13;18;1;1;2;1;1;6;27;6;1;3;15;1;1;9
14820;31206;8;16;18;1;1;2;1;1;6;46;6;1;3;15;1;9;42
14821;31207;8;16;73;1;1;2;1;1;403;18;6;1;2;15;1;1;9
14822;31208;8;18;18;1;1;2;1;1;6;29;6;1;2;15;1;1;9
14823;31209;8;19;18;1;1;1;1;1;6;26;6;1;2;15;1;1;9
14824;31210;8;21;18;1;1;1;1;1;6;33;6;1;8;13;1;11;9
14825;31211;8;20;18;1;1;1;1;1;404;65;6;1;1;15;1;21;21
14826;31212;8;13;18;1;1;2;1;1;7300;32;6;1;8;13;1;11;9
14827;31214;8;19;18;1;1;1;1;1;9999;104;6;1;8;13;1;10;409
14828;31215;8;17;18;1;1;2;1;1;4301;5;6;1;1;15;1;2;9
14829;31216;8;22;18;1;1;1;1;1;7301;37;6;1;8;13;1;11;9
14830;31218;8;22;18;1;1;1;1;1;4301;26;6;1;8;13;1;10;5
14831;31220;8;20;18;1;1;1;1;1;4301;28;6;1;8;16;1;16;33
14832;31221;8;15;18;1;1;2;1;1;4301;30;6;1;8;13;1;10;9
14833;31222;8;18;18;1;1;2;1;1;4316;9999;5;1;8;13;1;10;32
14834;31224;8;19;18;1;1;1;1;1;404;46;6;1;3;15;1;1;31
14835;31226;8;13;18;1;1;2;1;1;409;53;6;1;8;14;1;16;38
14836;31227;8;21;18;1;1;1;1;1;409;46;6;1;8;13;1;11;9
14837;31228;8;13;18;1;1;2;1;1;4303;9999;5;1;8;14;1;16;400
14838;31229;8;15;18;1;1;2;1;1;409;49;6;1;8;14;1;16;38
14839;31230;8;12;18;1;1;2;1;1;802;97;7;1;8;13;1;1;9
14840;31231;8;2;18;1;1;1;1;1;802;65;7;1;8;2;2;1;341
14841;31232;8;2;18;1;1;1;1;1;802;71;7;1;8;15;1;4;82
14842;31233;8;8;18;1;1;2;1;1;802;87;7;1;8;2;9;1;9
14843;31234;8;16;18;1;1;2;1;1;802;95;7;1;8;2;3;1;33
14844;31235;8;21;18;1;1;1;1;1;802;88;7;1;8;2;9;1;9
14845;31236;8;7;18;1;1;2;1;1;802;91;7;1;2;15;1;1;32
14846;31237;8;0;54;1;1;1;1;1;803;34;8;1;2;15;4;1;21
14848;32006;9;23;2;1;1;1;1;1;10;161;10;1;8;15;8;4;9
14849;32008;9;19;2;1;1;1;1;1;10;9999;9;1;8;14;1;16;53
14850;32009;9;21;2;1;1;1;1;1;9999;35;15;1;8;18;9;1;9
14851;32010;9;9;64;1;1;2;1;1;10;8;9;1;3;15;1;16;9
14852;32013;9;21;45;1;1;1;1;1;1;906;12;1;8;14;1;18;31
14853;32014;9;22;2;1;1;1;1;1;1702;18;8;1;1;15;1;4;9
14854;32018;9;21;45;1;1;1;1;1;1;926;12;1;8;15;4;1;36
14855;32019;9;21;45;1;1;1;1;1;1;926;12;1;2;15;4;1;400
14856;32020;9;12;33;1;2;2;2;1;1807;16;6;1;8;18;7;1;36
14857;32021;9;14;33;1;1;2;1;1;9999;18;9;1;8;18;1;1;38
14858;32022;9;12;37;1;1;2;1;1;107;30;9;1;8;18;1;1;40
14859;32023;9;19;45;1;1;1;1;1;105;23;8;1;3;15;2;4;21
14861;32029;9;14;64;1;1;2;1;1;9999;19;14;1;3;15;7;1;31
14862;32030;9;12;64;1;1;2;1;1;9999;20;14;1;3;14;7;16;9
14863;32031;9;14;64;1;1;2;1;1;9999;30;14;1;3;15;8;6;9
14864;32034;9;14;64;1;1;2;1;1;9999;21;12;1;3;14;3;16;40
14865;32035;9;17;64;1;1;2;1;1;9999;18;14;1;4;15;4;1;3
14866;32037;9;21;64;1;1;1;1;1;9999;21;14;1;3;15;7;1;9
14868;32039;9;2;2;1;1;1;1;1;803;393;7;2;2;15;1;1;33
14869;32040;9;21;41;1;1;1;1;1;803;412;7;2;2;15;1;1;31
14870;32041;9;20;64;1;1;1;1;1;105;3;7;1;8;15;5;1;43
14872;32043;9;19;45;1;1;1;1;1;1;898;7;2;3;15;7;9;9
14873;32044;9;13;64;1;1;2;1;1;105;9;7;1;8;14;1;16;9
14874;32045;9;21;45;1;1;1;1;1;1;900;7;2;5;12;9;1;9
14875;32046;9;14;2;1;1;2;1;1;10;63;7;2;2;15;5;1;9
14876;32047;9;16;64;1;1;2;1;1;105;5;12;1;3;15;8;1;48
14877;32049;9;21;64;1;1;1;1;1;105;7;12;1;3;15;7;4;53
14878;32051;9;9;64;1;1;2;1;1;105;4;12;1;3;18;7;11;50
14879;32055;9;19;64;1;1;1;1;1;105;6;12;1;3;15;7;4;36
14880;32056;9;23;45;1;1;1;1;1;1;904;12;1;1;15;1;4;36
14881;32057;9;16;45;1;1;2;1;1;105;21;8;1;8;18;9;18;21
14882;32058;9;18;45;1;1;2;1;1;105;17;8;1;3;15;2;4;31
14883;32060;9;17;45;1;1;2;1;1;1009;9999;6;1;8;18;9;18;9
14884;32061;9;10;37;1;1;2;1;1;1;949;6;1;3;15;2;1;32
14885;32062;9;14;37;1;1;2;1;1;1;948;6;1;2;15;3;1;9
14886;32063;9;12;37;1;1;2;1;1;1905;25;6;1;3;15;2;1;46
14887;32066;9;19;59;1;1;1;1;1;104;24;6;1;8;18;9;1;9
14888;32067;9;23;37;1;1;1;1;1;104;124;6;1;8;18;9;1;9
14889;32069;9;11;37;1;1;2;1;1;104;161;6;1;8;18;9;1;31
14890;32072;9;13;37;1;1;2;1;1;9999;70;6;1;8;18;9;1;46
14891;32074;9;18;37;1;1;2;1;1;1903;19;6;1;3;15;2;1;9
14892;32076;9;3;41;1;1;1;1;1;1;843;10;1;7;4;7;1;3
14893;32082;9;1;41;1;1;1;1;1;1;842;10;1;7;4;7;1;36
14894;32085;9;21;41;1;1;1;1;1;1;840;10;1;3;15;7;2;9
14895;32086;9;12;41;1;1;2;1;1;1;831;10;1;7;4;7;1;32
14896;32090;9;0;41;1;1;1;1;1;9999;9999;7;1;3;15;7;1;9
14897;32091;9;0;41;1;1;1;1;1;9999;9999;7;1;3;15;7;1;31
14898;32092;9;16;41;1;1;2;1;1;9999;9999;8;1;2;4;4;1;9
14899;32094;9;16;33;1;1;2;1;1;9999;13;9;1;8;13;1;1;9
14900;32095;9;17;45;1;1;2;1;1;1;926;12;1;2;15;4;1;31
14901;32096;9;18;45;1;1;2;1;1;1;929;12;1;2;15;4;1;9
14902;32099;9;21;45;1;1;1;1;1;1;921;12;1;3;15;3;9;9
14903;32101;9;16;45;1;1;2;1;1;1;926;12;1;2;15;4;1;3
14904;32102;9;19;45;1;1;1;1;1;1;920;12;1;8;14;1;16;9
14905;32105;9;8;2;1;1;2;1;1;9999;9999;15;1;3;15;7;1;9
14906;32106;9;22;2;1;1;1;1;1;9999;9999;15;1;2;15;4;1;9
14908;32108;9;12;2;1;1;2;1;1;9999;92;15;1;3;15;7;1;33
14909;32109;9;22;2;1;1;1;1;1;9999;91;15;1;8;18;9;1;46
14910;32110;9;14;2;1;1;2;1;1;106;9999;8;1;8;18;9;1;9
14911;32111;9;19;2;2;1;1;1;1;1739;1;4;1;1;15;1;2;9
14912;32113;9;16;2;1;1;2;1;1;106;4;6;1;8;14;1;1;32
14914;32115;9;10;2;1;1;2;1;1;1706;66;7;1;8;14;1;16;31
14915;32116;9;17;2;1;1;2;1;1;1704;9999;7;1;8;18;9;1;9
14916;32117;9;20;2;1;1;1;1;1;10;9999;9;1;8;14;1;16;31
14917;32118;9;18;2;1;1;2;1;1;1702;9999;8;1;8;15;7;4;9
14918;32119;9;4;2;1;1;1;1;1;9999;9999;15;1;1;15;1;4;9
14919;32121;9;17;2;1;1;2;1;1;9999;9999;7;1;3;15;7;16;9
14920;32122;9;6;2;1;1;2;1;1;10;9999;9;1;2;15;4;21;9
14921;32123;9;21;2;1;1;1;1;1;9999;9999;7;1;3;15;7;1;36
14922;32124;9;15;64;1;1;2;1;1;10;25;9;1;8;18;9;1;36
14923;32125;9;15;64;1;1;2;1;1;10;26;9;1;8;18;9;1;9
14924;32126;9;15;41;1;1;2;1;1;10;1;8;2;8;14;3;12;40
14925;32127;9;19;41;1;1;1;1;1;10;2;9;1;2;15;4;1;9
14926;32130;9;23;2;1;1;1;1;1;9999;9999;7;1;8;15;1;1;32
14927;32131;9;10;2;1;1;2;1;1;9999;9999;7;1;3;15;7;16;48
14928;32132;9;15;45;1;1;2;1;1;1014;11;6;1;2;15;4;1;33
14930;32135;9;14;64;1;1;2;1;1;10;20;9;1;8;18;5;1;31
14931;32136;9;20;2;1;1;1;1;1;9999;23;9;1;2;15;4;1;46
14932;32137;9;11;2;1;1;2;1;1;9999;10;9;1;2;15;4;1;31
14933;32138;9;6;2;1;1;2;1;1;9999;6;9;1;8;18;9;1;32
14934;32139;9;19;2;1;1;1;1;1;9999;7;9;1;3;15;7;1;43
14935;32141;9;8;45;1;1;2;1;1;1014;13;6;1;2;15;4;1;9
14936;32144;9;14;45;1;1;2;1;1;1014;13;8;1;2;15;4;1;9
14937;32145;9;16;45;1;1;2;1;1;1014;6;6;1;2;15;4;1;9
14938;32152;9;22;45;1;1;1;1;1;1;902;12;1;3;15;6;13;9
14939;32154;9;15;45;1;1;2;1;1;1;905;12;1;8;14;1;18;53
14940;32157;9;11;45;1;1;2;1;1;1;910;12;1;1;15;1;4;9
14941;32158;9;11;45;1;1;2;1;1;1;905;12;1;8;14;1;18;9
14942;32159;9;17;3;1;1;2;1;1;5202;9999;6;1;3;15;2;18;9
14943;32160;9;19;3;1;1;1;1;1;8;9999;7;1;8;18;9;1;9
14944;32161;9;14;3;1;1;2;1;1;2;294;7;1;7;15;3;4;43
14945;32163;9;15;3;1;1;2;1;1;509;25;7;1;7;15;1;2;31
14946;32165;9;19;3;1;1;1;1;1;2;235;7;1;1;15;1;2;9
14947;32166;9;14;3;1;1;2;1;1;2;345;9;2;8;9;1;18;9
14948;32167;9;14;3;1;1;2;1;1;5211;2;8;2;2;15;1;18;9
14949;32168;9;16;3;1;1;2;1;1;5211;0;15;1;2;15;4;18;31
14950;32169;9;20;3;1;1;1;1;1;5211;0;17;1;8;14;1;18;31
14951;32170;9;20;3;1;1;1;1;1;5202;9999;6;1;3;15;8;18;43
14952;32171;9;10;3;1;1;2;1;1;5209;7;6;1;8;18;9;18;32
14953;32172;9;21;3;1;1;1;1;1;2;286;6;1;8;16;1;18;59
14954;32174;9;9;3;1;1;2;1;1;5209;10;6;1;8;18;9;18;33
14955;32176;9;10;3;1;1;2;1;1;5202;9999;5;1;8;18;9;18;9
14956;32177;9;13;3;1;1;2;1;1;2;320;15;1;8;14;1;18;9
14958;32179;9;14;3;1;1;2;1;1;5202;9999;5;1;8;14;1;18;9
14959;32180;9;12;55;1;1;2;1;1;16;299;9;1;3;15;8;18;9
14960;32182;9;12;65;1;1;2;1;1;8;391;5;1;1;15;1;4;82
14961;32183;9;17;4;2;1;2;1;1;304;93;5;1;8;13;9;11;33
14962;32184;9;3;5;1;1;1;1;1;317;72;6;1;8;18;9;10;36
14963;32185;9;23;65;1;1;1;1;1;309;53;5;1;7;14;1;16;42
14964;32186;9;4;4;1;1;1;1;1;304;108;5;1;8;13;1;10;42
14965;32189;9;11;65;2;1;2;1;1;3203;48;4;1;8;13;2;11;32
14966;32191;9;23;5;1;1;1;1;1;3222;9999;6;1;8;18;9;10;48
14967;32192;9;3;5;1;1;1;1;1;8;511;7;1;7;18;9;11;32
14968;32195;9;18;4;1;1;2;1;1;3100;41;6;1;1;15;1;2;31
14969;32197;9;22;65;1;1;1;1;1;308;114;4;1;8;13;2;11;9
14970;32199;9;22;5;1;1;1;1;1;3215;9999;6;1;2;15;1;1;32
14971;32200;9;20;5;1;1;1;1;1;11;185;7;1;2;15;1;1;9
14972;32201;9;12;65;1;1;2;1;1;3224;23;6;1;8;13;1;10;21
14973;32202;9;19;65;1;1;1;1;1;3224;21;6;1;8;13;1;10;32
14974;32203;9;12;65;2;1;2;1;1;3228;9999;3;1;2;15;1;1;32
14975;32204;9;12;65;2;1;2;1;1;3203;49;4;1;3;15;3;4;341
14976;32205;9;10;4;1;1;2;1;1;304;96;6;1;3;15;7;6;9
14977;32206;9;12;5;1;1;2;1;1;3210;9999;6;1;2;15;4;1;9
14978;32210;9;20;5;1;1;1;1;1;3222;10;6;1;7;15;1;1;9
14979;32211;9;20;5;1;1;1;1;1;3222;20;6;1;7;14;1;16;9
14980;32212;9;12;65;1;1;2;1;1;3220;8;6;1;8;13;1;11;9
14981;32213;9;1;65;1;1;1;1;1;3222;25;6;1;7;13;1;10;9