;NUM_ACC;MOIS_ACC;HEU_ACC;COD_PRV;COD_ETA_CHA;COD_ETA_SUR;COD_LUM;COD_INT;TYP_LIE_ACC;NUM_ROU;PKM;LAR_CHA;COD_TYP_CHA;COD_TYP_COL;COD_OBS_HRT;COD_POI_CHO;COD_MAN;CIR_ACC
15357;32758;9;10;58;1;1;2;1;1;202;122;7;1;8;14;2;16;5
15358;32759;9;11;58;1;1;2;1;1;202;116;7;1;2;15;6;1;36
15359;32760;9;13;58;1;1;2;1;1;202;62;7;1;8;13;9;11;9
15360;32761;9;14;58;1;1;2;1;1;1;529;7;1;3;15;8;14;9
15361;32763;9;9;58;1;1;2;1;1;202;58;7;1;1;15;1;14;36
15362;32764;9;23;58;1;1;1;1;1;202;58;7;1;8;13;9;11;400
15363;32765;9;18;58;1;1;2;1;1;1;529;7;1;3;15;8;1;9
15364;32766;9;10;58;1;1;2;1;1;202;50;7;1;8;14;2;16;55
15365;32767;9;13;58;1;1;2;1;1;1;517;8;1;1;15;1;6;38
15366;32770;9;16;58;1;1;2;1;1;301;69;7;1;8;13;9;11;31
15367;32772;9;22;58;1;1;1;1;1;301;74;7;1;8;13;9;11;31
15368;32773;9;19;58;1;1;1;1;1;301;69;7;1;8;14;1;16;31
15369;32774;9;21;58;1;1;1;1;1;2331;9999;5;1;8;13;9;11;9
15370;32775;9;14;58;1;1;2;1;1;201;107;6;1;2;15;4;1;9
15371;32776;9;21;68;1;1;1;1;1;201;95;6;1;2;15;4;1;5
15372;32777;9;15;10;1;1;2;1;1;1;450;7;1;8;14;1;16;31
15373;32778;9;12;58;1;1;2;1;1;3440;9999;5;1;8;13;9;11;31
15374;32779;9;15;58;1;1;2;1;1;201;108;6;1;3;15;7;1;31
15375;32781;9;19;58;1;1;1;1;1;3436;10;5;1;3;15;8;14;38
15376;32782;9;12;58;1;1;2;1;1;3436;10;5;1;3;15;8;6;5
15377;32784;9;16;10;1;1;2;1;1;303;100;7;1;8;7;9;11;9
15378;32785;9;8;58;1;1;2;1;1;3426;12;5;1;3;15;8;6;9
15379;32786;9;12;58;1;1;2;1;1;3426;9999;5;1;8;13;9;11;9
15380;32787;9;11;10;1;1;2;1;1;303;104;7;1;3;15;8;16;21
15381;32788;9;10;10;1;1;2;1;1;301;5;6;2;8;14;1;16;9
15382;32791;9;17;10;1;1;2;1;1;301;28;7;1;8;13;9;11;36
15383;32797;9;17;10;1;1;2;1;1;316;5;6;1;3;15;7;12;21
15384;32802;9;12;10;1;1;2;1;1;3410;2;6;1;3;15;8;14;21
15385;32803;9;18;10;1;1;2;1;1;301;30;7;1;3;15;7;12;21
15386;32805;9;21;10;1;1;1;1;1;3423;5;7;1;8;13;9;11;21
15387;32806;9;15;10;1;1;2;1;1;301;26;7;1;8;13;9;11;9
15388;32810;9;22;10;1;1;1;1;1;301;25;7;1;3;15;8;4;9
15389;32812;9;20;10;1;1;1;1;1;301;4;6;2;3;15;8;1;9
15390;32816;9;22;10;1;1;1;1;1;301;1;6;2;2;15;4;1;40
15391;32817;9;22;10;1;1;1;1;1;3423;4;7;1;3;15;8;1;38
15392;32824;9;17;10;1;1;2;1;1;301;2;6;2;8;13;9;11;9
15393;32825;9;13;10;1;1;2;1;1;301;27;7;1;2;15;6;1;9
15394;32826;9;13;10;1;1;2;1;1;301;12;6;2;3;15;8;1;9
15395;32827;9;11;10;1;1;2;1;1;301;8;6;2;3;15;8;1;40
15396;32828;9;2;10;1;1;1;1;1;3410;9999;5;1;8;13;9;11;9
15397;32829;9;22;10;1;1;1;1;1;301;7;6;2;3;15;7;4;36
15398;32831;9;11;10;1;1;2;1;1;301;5;6;2;2;15;4;1;40
15399;32832;9;22;10;1;1;1;1;1;301;5;6;2;8;13;9;11;31
15400;32835;9;13;10;1;1;2;1;1;3423;6;7;1;3;1;8;11;9
15401;32838;9;11;10;1;1;2;1;1;301;2;6;2;8;14;1;16;40
15402;32841;9;21;10;1;1;1;1;1;3423;5;7;1;3;15;7;12;42
15403;32842;9;22;10;1;1;1;1;1;3423;3;7;1;2;15;4;1;9
15404;32843;9;16;10;1;1;2;1;1;1;481;7;1;8;13;9;11;46
15405;32844;9;21;10;1;1;1;1;1;3403;9999;5;1;8;13;9;11;9
15406;32846;9;10;10;1;1;2;1;1;1;477;7;1;4;15;4;1;59
15407;32847;9;18;10;1;1;2;1;1;3403;9999;5;1;3;15;7;6;9
15408;32848;9;17;10;1;1;2;1;1;3403;9999;5;1;8;14;3;16;9
15409;32849;9;18;10;1;1;2;1;1;3416;7;5;1;2;15;4;1;9
15410;32850;9;21;10;1;1;1;1;1;1;463;7;1;3;15;7;1;9
15411;32851;9;10;10;1;1;2;1;1;1;469;7;1;8;14;1;16;36
15412;32852;9;12;10;1;1;2;1;1;3403;9999;5;1;2;15;4;1;33
15413;32854;9;1;10;1;1;1;1;1;3473;9999;5;1;8;13;9;11;31
15414;32855;9;21;10;1;1;1;1;1;320;38;7;1;8;13;9;11;31
15415;32856;9;20;10;1;1;1;1;1;320;42;7;1;3;15;8;12;9
15416;32857;9;6;10;1;1;2;1;1;320;45;7;1;3;15;8;14;36
15417;32860;9;16;10;1;1;2;1;1;1;404;7;1;2;15;4;1;31
15418;32861;9;9;10;1;1;2;1;1;318;4;6;1;2;15;4;1;31
15419;32862;9;18;10;1;1;2;1;1;318;2;7;1;2;15;6;1;9
15420;32863;9;15;10;1;1;2;1;1;318;5;7;1;7;15;8;1;31
15421;32864;9;13;10;1;1;2;1;1;318;9;7;1;7;15;2;12;31
15422;32865;9;10;10;1;1;2;1;1;318;8;7;1;3;15;2;12;36
15423;32866;9;21;10;1;1;1;1;1;318;6;6;1;3;15;6;1;31
15424;32867;9;14;10;1;1;2;1;1;801;137;7;2;8;13;9;11;21
15425;32868;9;10;10;1;1;2;1;1;801;132;7;2;8;13;9;11;55
15426;32869;9;13;58;1;1;2;1;1;801;239;7;2;8;13;9;10;9
15427;32870;9;14;10;1;1;2;1;1;1;503;6;2;8;14;1;16;21
15428;32871;9;11;10;1;1;2;1;1;1;502;6;2;1;15;1;4;3
15429;32873;9;12;10;1;1;2;1;1;1;502;6;2;3;15;8;6;43
15431;32875;9;12;10;1;1;2;1;1;3419;9999;5;1;8;14;1;16;9
15432;32876;9;11;10;1;1;2;1;1;7;1;8;1;3;15;8;14;43
15433;32877;9;10;10;1;1;2;1;1;3419;9999;5;1;1;15;1;14;43
15437;32881;9;17;13;1;1;2;1;1;13;617;7;1;3;15;2;1;31
15438;32882;9;10;13;1;1;2;1;1;13;584;7;1;8;14;1;16;3
15439;32883;9;12;13;1;1;2;1;1;7107;14;6;1;8;18;1;11;48
15440;32884;9;21;13;1;1;1;1;1;10;728;6;1;3;15;3;1;31
15441;32885;9;22;13;1;1;1;1;1;13;544;6;1;3;15;2;12;9
15442;32886;9;19;13;1;1;1;1;1;10;652;6;1;7;15;2;1;36
15444;32888;9;18;53;1;1;2;1;1;7319;28;6;1;8;18;9;11;31
15445;32889;9;18;53;1;1;2;1;1;706;106;6;1;8;14;1;16;31
15446;32892;9;12;53;1;1;2;1;1;7310;9999;4;1;8;13;1;1;32
15447;32893;9;16;53;1;1;2;1;1;13;451;6;1;8;18;1;1;9
15448;32894;9;15;53;1;1;2;1;1;7100;9999;4;1;8;13;1;1;46
15449;32895;9;4;53;1;1;1;1;1;13;453;6;1;8;10;1;1;3
15450;32896;9;10;53;1;1;2;1;1;706;94;6;1;8;10;1;1;48
15451;32897;9;9;53;1;1;2;1;1;13;484;6;1;7;15;2;1;32
15452;32898;9;16;53;1;1;2;1;1;13;356;7;1;1;15;1;4;9
15453;32899;9;15;53;1;1;2;1;1;13;362;7;1;8;18;9;11;9
15454;32900;9;8;53;1;1;2;1;1;7319;60;8;1;1;15;1;4;9
15457;32904;9;22;53;1;1;1;1;1;13;386;7;1;2;15;4;1;21
15458;32905;9;18;53;1;1;2;1;1;13;385;7;1;4;15;4;1;9
15459;32906;9;21;53;1;1;1;1;1;708;29;6;1;2;15;1;1;9
15460;32907;9;11;53;1;1;2;1;1;708;36;6;1;7;18;9;10;9
15461;32908;9;22;53;1;1;1;1;1;13;380;7;1;1;15;3;4;9
15462;32909;9;3;13;1;1;1;1;1;10;648;6;1;2;15;4;1;9
15463;32910;9;20;13;1;1;1;1;1;10;648;6;1;7;15;3;10;9
15466;32913;9;14;13;1;1;2;1;1;13;590;7;1;2;15;4;1;9
15467;32914;9;19;13;1;1;1;1;1;13;570;7;1;2;15;1;1;32
15468;32916;9;11;13;1;1;2;1;1;702;80;6;1;8;13;9;1;21
15469;32917;9;14;13;1;1;2;1;1;13;610;7;1;8;13;1;1;21
15470;32918;9;9;13;1;1;2;1;1;13;591;7;1;1;15;1;4;9
15471;32919;9;20;13;1;1;1;1;1;13;535;7;1;2;15;4;1;9
15473;32921;9;16;63;1;1;2;1;1;7103;100;4;1;8;18;8;8;9
15474;32924;9;10;13;1;1;2;1;1;702;24;6;1;3;15;7;1;9
15475;32925;9;8;13;1;1;2;1;1;13;637;6;1;8;18;7;11;406
15477;32927;9;19;12;1;2;1;1;1;1;732;6;1;8;18;1;1;9
15480;32930;9;11;12;1;1;2;1;1;2208;9999;7;1;1;15;1;2;46
15482;32934;9;21;12;1;1;1;1;1;2200;16;6;1;1;15;1;2;9
15484;32936;9;3;12;1;1;1;1;1;1;765;6;1;3;15;6;7;400
15485;32937;9;18;12;1;1;2;1;1;1;751;7;1;2;15;4;1;38
15488;32940;9;14;12;1;1;2;1;1;2215;12;4;1;8;14;8;16;21
15489;32941;9;18;12;1;1;2;1;1;214;9999;4;1;8;18;1;1;31
15490;32942;9;18;12;1;1;2;1;1;214;126;4;1;8;14;1;1;9
15495;32949;9;22;12;1;1;1;1;1;2204;9999;5;1;1;15;1;4;38
15496;32950;9;21;12;1;1;1;1;1;2026;9999;7;1;1;15;1;2;9
15497;32951;9;21;12;1;1;1;1;1;2026;9999;7;1;8;18;1;1;31
15498;32953;9;20;41;1;1;1;1;1;8;31;7;1;8;14;1;1;38
15501;32956;9;21;66;1;1;1;1;1;5006;20;9;1;1;15;1;2;38
15502;32958;9;17;66;1;1;2;1;1;716;9999;6;1;1;15;1;4;9
15503;32959;9;9;14;1;1;2;1;1;503;7;8;2;8;14;1;16;21
15505;32961;9;11;42;1;1;2;1;1;503;9999;6;1;7;15;9;4;9
15506;32962;9;18;35;1;1;2;1;1;5311;9999;6;1;8;13;9;10;9
15508;32967;9;17;66;1;1;2;1;1;8;735;7;1;1;15;1;4;3
15509;32968;9;19;66;1;1;1;1;1;5002;17;5;1;3;15;8;1;21
15510;32969;9;19;66;1;1;1;1;1;5005;2;6;1;8;13;9;10;55
15511;32970;9;21;66;1;1;1;1;1;6;185;7;1;3;15;4;1;9
15512;32972;9;16;66;1;1;2;1;1;5011;4;5;1;7;15;8;4;9
15513;32973;9;10;66;1;1;2;1;1;5015;9999;5;1;3;15;8;1;59
15514;32974;9;12;66;1;1;2;1;1;716;45;6;1;7;15;9;1;38
15515;32975;9;17;66;1;1;2;1;1;6;181;7;1;7;15;3;1;9
15517;32980;9;23;66;1;1;1;1;1;5003;18;6;1;8;13;9;11;38
15518;32982;9;19;66;1;1;1;1;1;5005;17;6;1;3;15;1;1;40
15519;32983;9;18;66;1;1;2;1;1;5003;19;6;1;8;13;9;10;9
15520;32984;9;18;66;1;1;2;1;1;5003;28;6;1;8;13;9;10;40
15521;32985;9;17;66;1;1;2;1;1;5002;44;6;1;8;14;1;6;43
15522;32986;9;21;66;1;1;1;1;1;5002;29;5;1;8;13;9;10;3
15523;32987;9;19;66;1;1;1;1;1;8;735;6;1;8;13;9;10;40
15524;32988;9;0;66;1;1;1;1;1;8;740;6;1;8;13;9;11;40
15525;32989;9;17;66;1;1;2;1;1;8;746;7;1;2;15;1;1;9
15526;32990;9;17;66;1;1;2;1;1;8;743;7;1;2;15;4;1;33
15527;32991;9;16;66;1;1;2;1;1;5017;2;6;1;3;15;2;1;9
15528;32997;9;18;14;1;1;2;1;1;6;212;5;1;7;15;2;1;9
15529;32998;9;20;14;1;1;1;1;1;6;215;5;1;7;15;2;2;3
15530;33001;9;20;66;1;1;1;1;1;5007;4;5;1;7;15;9;6;31
15532;33004;9;23;66;1;1;1;1;1;5007;9999;6;1;8;13;9;10;9
15533;33005;9;10;66;1;1;2;1;1;4;157;6;1;3;15;8;1;40
15534;33006;9;10;66;1;1;2;1;1;5013;9999;5;1;8;13;9;10;9
15535;33007;9;20;66;1;1;1;1;1;5007;1;5;1;2;15;9;1;9
15538;33011;9;11;14;1;1;2;1;1;8;725;8;2;7;15;7;1;43
15540;33013;9;17;42;1;1;2;1;1;5013;9999;5;1;3;15;8;1;430
15543;33020;9;19;14;1;1;1;1;1;8;723;8;2;3;15;8;1;40
15545;33022;9;9;35;1;1;2;1;1;419;9999;6;1;7;15;8;4;3
15546;33024;9;13;7;1;1;2;1;1;15;168;6;1;8;13;9;11;9
15547;33027;9;18;7;1;1;2;1;1;503;90;6;1;8;13;9;11;9
15548;33029;9;14;7;1;1;2;1;1;7235;19;6;1;8;13;9;10;9
15549;33030;9;22;7;1;1;1;1;1;502;21;5;1;8;13;9;11;40
15551;33032;9;10;42;1;1;2;1;1;503;9999;6;1;8;13;9;11;9
15552;33033;9;18;42;1;1;2;1;1;503;15;7;2;2;15;4;1;9
15553;33034;9;15;35;1;1;2;1;1;5304;9999;5;1;1;15;1;4;9
15554;33035;9;8;35;1;1;2;1;1;5304;9999;5;1;8;13;9;11;9
15558;33041;9;17;42;1;1;2;1;1;504;40;6;1;3;15;1;2;31
15559;33043;9;22;35;1;1;1;1;1;5307;9999;5;1;8;13;9;10;9
15560;33044;9;11;42;1;1;2;1;1;6;221;7;1;7;15;9;4;9
15561;33046;9;8;42;1;1;2;1;1;714;9999;6;1;8;13;9;10;9
15562;33049;9;17;42;1;1;2;1;1;5033;9999;5;1;7;15;3;4;40
15564;33051;9;17;35;1;1;2;1;1;5321;2;5;1;3;15;6;1;406
15566;33054;9;12;35;1;1;2;1;1;5314;0;5;1;2;15;4;1;9
15567;33055;9;21;35;1;1;1;1;1;8;792;7;1;2;15;4;1;9
15568;33056;9;17;35;1;1;2;1;1;8;781;7;1;8;13;9;11;9
15569;33057;9;13;35;1;1;2;1;1;8;799;6;1;8;13;9;11;40
15570;33058;9;20;35;1;1;1;1;1;5310;9;5;1;7;15;8;4;40
15573;33061;9;23;54;1;1;1;1;1;803;33;8;1;8;13;9;5;36
15574;33062;9;19;32;1;1;1;1;1;1;1163;8;1;8;18;9;18;86
15575;33064;9;20;59;1;1;1;1;1;1;1016;6;1;3;15;3;4;33
15580;33074;9;13;31;1;1;2;1;1;1;1194;7;1;8;18;9;1;33
15581;33075;9;11;32;1;1;2;1;1;103;10;6;1;8;18;9;1;31
15582;33076;9;21;31;1;1;1;1;1;1;1299;7;1;8;18;9;1;36
15584;33078;9;11;32;1;1;2;1;1;1;1084;7;1;5;14;4;1;43
15585;33082;9;0;59;1;1;1;1;1;1918;9999;5;1;8;13;9;1;9
15587;33085;9;16;59;1;1;2;1;1;1916;9999;5;1;8;13;3;12;36
15588;33086;9;14;59;1;1;2;1;1;1;1009;6;1;3;15;9;14;9
15589;33089;9;1;16;1;1;1;1;1;4201;9999;6;1;8;13;8;10;33
15590;33090;9;21;16;1;1;1;1;1;406;21;7;1;3;15;2;9;32
15591;33091;9;22;16;2;1;1;1;1;4214;9999;6;1;3;15;2;4;31
15592;33092;9;17;16;1;1;2;1;1;1;246;10;1;8;14;8;16;9
15593;33093;9;23;16;1;1;1;1;1;1;241;10;1;3;15;8;4;33
15595;33095;9;0;16;2;1;1;1;1;4201;9999;7;1;2;15;4;1;9
15596;33096;9;7;16;1;1;2;1;1;1;171;7;1;3;15;2;6;31
15597;33097;9;16;52;1;1;2;1;1;13;72;8;1;3;15;7;4;33
15599;33099;9;19;52;1;1;1;1;1;4573;0;4;1;7;15;7;4;341
15600;33100;9;19;16;2;1;1;1;1;4227;9999;6;1;8;14;1;16;21
15601;33102;9;11;16;2;1;2;1;1;4201;9999;7;1;2;15;4;1;42
15602;33103;9;20;16;2;1;1;1;1;4201;9999;7;1;2;15;4;1;9
15603;33104;9;14;16;2;1;2;1;1;4222;9999;6;1;8;18;2;19;99
15604;33106;9;18;16;1;1;2;1;1;406;22;7;1;8;14;1;16;9
15605;33107;9;11;16;2;1;2;1;1;4208;9999;6;1;8;18;3;10;48
15606;33108;9;22;16;1;1;1;1;1;1;142;7;1;4;15;4;1;46
15607;33109;9;11;16;1;1;2;1;1;1;172;7;1;8;18;2;11;31
15608;33110;9;13;16;1;1;2;1;1;1;168;7;1;3;15;5;1;9
15609;33112;9;14;16;1;1;2;1;1;406;34;7;1;2;15;4;1;9
15610;33113;9;19;16;1;1;1;1;1;406;9999;7;1;8;14;1;16;31
15611;33114;9;10;16;1;1;2;1;1;406;31;7;1;3;15;2;4;9
15612;33115;9;13;16;1;1;2;1;1;406;33;7;1;8;14;1;16;9
15613;33116;9;1;16;1;1;1;1;1;805;145;7;2;2;15;4;1;9
15614;33117;9;14;16;1;1;2;1;1;805;166;7;2;8;18;1;2;9
15615;33118;9;23;16;1;1;1;1;1;406;8;7;1;8;18;3;10;9
15616;33119;9;18;16;2;1;2;1;1;4222;9999;6;1;8;14;1;16;21
15617;33120;9;21;16;2;1;1;1;1;4228;9999;6;1;2;15;4;1;9
15618;33122;9;6;16;1;1;2;1;1;406;4;7;1;1;15;1;4;9
15619;33123;9;22;16;1;1;1;1;1;406;16;7;1;8;18;3;10;9
15620;33125;9;15;16;2;1;2;1;1;9999;9999;6;1;8;14;1;16;9
15621;33126;9;15;16;1;1;2;1;1;4201;9999;6;1;8;14;7;2;31
15622;33127;9;10;16;1;1;2;1;1;4201;9999;6;1;8;13;7;11;9
15623;33128;9;22;16;1;1;1;1;1;4205;9999;6;1;3;15;8;1;3
15624;33129;9;9;16;1;1;2;1;1;4234;9999;5;1;3;15;8;1;9
15625;33130;9;16;16;1;1;2;1;1;4238;9999;6;1;1;15;1;4;21
15626;33132;9;9;16;1;1;2;1;1;805;248;7;1;4;15;4;1;36
15627;33133;9;9;16;1;1;2;1;1;805;236;7;1;8;13;7;11;82
15628;33134;9;22;16;1;1;1;1;1;805;239;7;1;8;13;7;11;21
15629;33135;9;15;16;1;1;2;1;1;805;232;7;1;2;15;9;1;81
15630;33136;9;5;16;1;1;1;1;1;805;216;7;1;2;15;4;1;31
15633;33139;9;11;16;1;1;2;1;1;805;211;7;1;8;13;8;10;9
15634;33140;9;5;16;1;1;1;1;1;805;186;7;1;3;15;7;11;9
15635;33141;9;13;16;1;1;2;1;1;4266;8;6;1;3;15;8;4;43
15636;33142;9;2;16;1;1;1;1;1;4266;6;6;1;3;15;8;8;9
15637;33144;9;17;16;1;1;2;1;1;4266;7;6;1;8;14;7;16;9
15638;33145;9;11;16;1;1;2;1;1;4266;9999;6;1;8;13;7;11;71
15639;33147;9;13;16;1;1;2;1;1;4266;8;6;1;8;14;7;16;38
15640;33149;9;13;16;1;1;2;1;1;4266;7;6;1;8;14;8;16;42
15641;33150;9;15;16;1;1;2;1;1;4266;5;6;1;8;13;7;11;9
15642;33151;9;11;16;1;1;2;1;1;4266;9999;6;1;3;15;8;1;31
15644;33153;9;9;16;1;1;2;1;1;1;216;7;1;3;15;8;9;9
15645;33154;9;5;16;1;1;1;1;1;4;3;7;1;3;15;6;1;38
15646;33155;9;13;16;1;1;2;1;1;1;220;7;1;8;13;7;1;21
15647;33156;9;20;16;1;1;1;1;1;4;3;7;1;8;14;8;16;9
15648;33157;9;20;16;1;1;1;1;1;1;216;7;1;2;15;4;1;9
15649;33158;9;17;16;1;1;2;1;1;1;221;7;1;2;15;5;1;33
15650;33159;9;17;16;1;1;2;1;1;1;219;7;1;8;13;7;11;9
15651;33160;9;12;16;1;1;2;1;1;1;218;7;1;3;15;3;8;33
15652;33161;9;5;16;1;1;1;1;1;405;10;6;1;2;15;4;1;9
15653;33163;9;14;16;1;1;2;1;1;4268;9999;6;1;3;15;8;4;43
15654;33165;9;4;16;1;1;1;1;1;4201;9999;6;1;8;13;7;11;9
15655;33167;9;22;16;1;1;1;1;1;4248;9999;6;1;3;15;8;1;341
15656;33168;9;12;16;1;1;2;1;1;4201;9999;6;1;8;13;7;11;46
15657;33171;9;15;16;1;1;2;1;1;1;189;9;1;2;15;4;1;82
15658;33172;9;20;16;1;1;1;1;1;4234;9999;6;1;2;15;4;1;82
15659;33173;9;10;16;1;1;2;1;1;1;203;10;1;7;15;7;1;9
15660;33174;9;20;16;1;1;1;1;1;1;181;9;1;2;15;5;1;9
15661;33176;9;6;18;1;1;2;1;1;6;40;6;1;1;15;1;2;33
15662;33178;9;5;18;1;1;1;1;1;6;46;6;1;8;14;1;16;33
15663;33179;9;21;18;1;1;1;1;1;6;93;6;1;2;15;1;1;33
15664;33180;9;2;18;1;1;1;1;1;802;27;7;2;8;2;1;5;82
15666;33182;9;11;18;1;1;2;1;1;6;27;6;1;2;15;4;1;21
15667;33183;9;5;18;1;1;1;1;1;6;35;6;1;8;13;9;11;9
15668;33184;9;14;18;1;1;2;1;1;6;44;6;1;3;15;1;2;43
15669;33187;9;10;18;1;1;2;1;1;6;26;6;1;8;14;1;16;38
15670;33188;9;6;18;1;1;2;1;1;405;20;6;1;3;15;1;1;9
15671;33189;9;11;18;1;1;2;1;1;6;40;6;1;8;13;1;10;96
15672;33190;9;15;18;1;1;2;1;1;4315;9999;6;1;8;13;1;10;38
15673;33191;9;20;18;1;1;1;1;1;6;46;6;1;8;14;1;16;9
15674;33192;9;10;18;1;1;2;1;1;6;44;6;1;3;15;1;2;38
15675;33195;9;18;18;1;1;2;1;1;6;26;6;1;3;15;1;1;32
15676;33197;9;12;18;1;1;2;1;1;4301;52;6;1;8;13;9;11;32
15677;33198;9;10;18;1;1;2;1;1;4323;16;6;1;3;15;1;2;32
15678;33201;9;9;18;1;1;2;1;1;411;104;6;1;8;14;4;3;9
15679;33202;9;17;18;1;1;2;1;1;4323;3;6;1;8;13;9;11;9
15680;33206;9;23;18;1;1;1;1;1;4323;9999;6;1;8;13;9;11;9
15681;33207;9;5;18;1;1;1;1;1;802;41;7;2;8;13;9;11;38
15682;33208;9;22;18;1;1;1;1;1;802;56;7;2;8;13;1;11;9
15683;33211;9;18;18;1;1;2;1;1;404;32;6;1;2;15;1;1;42
15684;33212;9;13;18;1;1;2;1;1;404;26;6;1;3;15;1;1;9
15685;33213;9;19;18;1;1;1;1;1;404;34;6;1;8;13;1;11;31
15686;33214;9;20;18;1;1;1;1;1;404;25;6;1;8;14;1;1;9
15687;33215;9;15;18;1;1;2;1;1;407;92;6;1;8;13;1;10;88
15688;33216;9;8;18;1;1;2;1;1;407;88;6;1;3;15;1;2;42
15689;33217;9;10;18;1;1;2;1;1;409;54;6;1;8;14;1;16;9
15690;33218;9;16;18;1;1;2;1;1;409;49;6;1;3;15;1;1;9
15691;33220;9;14;18;1;1;2;1;1;9999;77;6;1;3;15;1;2;21
15692;33221;9;12;18;1;1;2;1;1;9999;53;6;1;3;15;1;2;9
15693;33222;9;11;18;1;1;2;1;1;6;69;6;1;8;13;9;11;46
15694;33223;9;2;18;1;1;1;1;1;6;79;6;1;8;14;1;16;31
15695;33224;9;20;18;1;1;1;1;1;6;69;6;1;3;15;1;2;9
15696;33225;9;15;18;1;1;2;1;1;6;79;6;1;2;15;1;1;33
15697;33226;9;14;18;1;1;2;1;1;4321;9999;6;1;8;14;1;16;40
15698;33227;9;18;18;1;1;2;1;1;4304;9999;6;1;3;15;1;1;9
15699;33228;9;9;18;1;1;2;1;1;409;70;6;1;3;15;1;2;32
15700;33229;9;12;18;1;1;2;1;1;411;122;6;1;3;15;1;2;341
15701;33231;9;14;18;1;1;2;1;1;6;55;6;1;8;13;1;11;9
15702;33232;9;20;17;1;1;1;1;1;411;20;6;1;3;15;1;1;31
15703;33233;9;12;18;1;1;2;1;1;802;94;7;1;2;15;7;1;82
15704;33234;9;10;18;1;1;2;1;1;802;95;7;1;8;18;7;1;40
15705;33235;9;7;18;1;1;2;1;1;802;37;7;2;8;13;1;5;9
15707;33237;9;12;53;1;1;2;1;1;7308;50;6;1;8;10;9;1;32
15708;33238;9;21;19;1;1;1;1;1;712;51;6;1;2;15;4;1;21
15713;33246;9;20;19;1;1;1;1;1;8;9999;12;1;8;14;5;16;9
15714;33247;9;20;19;1;1;1;1;1;8;532;6;1;1;15;1;4;40
15715;33248;9;13;19;1;2;2;1;1;8;9999;8;2;8;14;4;3;82
15716;33249;9;16;19;1;1;2;1;1;8;9999;31;1;3;15;3;1;9
15717;33250;9;14;19;1;2;2;2;1;9999;241;6;2;7;14;7;1;9
15718;33251;9;21;19;1;1;1;1;1;710;30;6;1;8;18;5;15;9
15719;33252;9;21;19;1;1;1;1;1;710;31;6;1;8;18;5;11;32
15720;33253;9;19;19;1;1;1;1;1;710;34;6;1;1;15;1;8;32
15721;33256;9;8;19;1;1;2;1;1;8;559;6;1;7;15;3;14;9
15722;33257;9;21;19;1;1;1;2;1;8;592;4;1;8;18;9;11;31
15725;33262;9;22;20;1;1;1;1;1;804;128;8;2;8;18;9;1;21
15726;33264;9;8;20;1;1;2;1;1;311;16;5;1;8;18;8;1;9
15727;33265;9;13;20;1;1;2;1;1;312;25;6;1;3;15;6;1;9
15730;33270;9;12;20;1;1;2;1;1;9999;102;7;1;3;15;3;5;40
15732;33272;9;18;20;2;1;2;1;1;3516;9999;5;1;7;14;1;16;33
15733;33274;9;10;20;1;1;2;1;1;804;111;8;2;2;15;1;1;32
15735;33277;9;12;20;1;1;2;1;1;9999;151;7;1;8;15;8;16;9
15736;33284;9;20;20;1;1;1;1;1;3533;9999;6;1;8;18;9;14;9
15737;33285;9;18;20;1;1;2;1;1;3533;9999;6;1;8;18;5;1;391
15738;33289;9;22;20;1;1;1;1;1;309;9999;6;1;3;15;1;4;40
15739;33290;9;7;62;1;1;2;1;1;1;1359;8;1;8;18;9;1;38
15740;33291;9;2;8;1;1;1;1;1;1;1659;6;1;8;18;9;1;9
15741;33292;9;18;8;1;1;2;1;1;1;1660;6;1;8;18;9;1;43
15742;33294;9;15;8;1;1;2;1;1;1;1772;6;1;8;18;9;1;31
15743;33295;9;0;62;1;1;1;1;1;1;1320;12;1;7;14;1;16;32
15744;33296;9;16;62;1;1;2;1;1;1;1344;8;1;8;18;9;1;40
15745;33297;9;2;62;1;1;1;1;1;1;1323;8;1;8;18;2;1;9
15746;33299;9;4;62;1;1;1;1;1;1;1485;8;1;8;18;2;1;9
15747;33300;9;13;62;1;1;2;1;1;1;1490;7;1;8;18;2;1;31
15748;33301;9;9;48;1;1;2;1;1;8;99;8;1;8;18;9;11;40
15749;33302;9;6;43;1;1;2;1;1;2017;18;8;1;2;15;4;1;21
15751;33307;9;6;11;1;1;2;1;1;206;101;7;1;2;15;4;1;341
15752;33308;9;12;11;1;1;2;1;1;2108;38;7;1;1;15;1;4;43
15753;33309;9;21;57;1;1;1;1;1;803;188;7;2;8;14;1;16;82
15754;33310;9;11;11;1;1;2;1;1;2125;9;7;1;2;15;4;1;9