;NUM_ACC;MOIS_ACC;HEU_ACC;COD_PRV;COD_ETA_CHA;COD_ETA_SUR;COD_LUM;COD_INT;TYP_LIE_ACC;NUM_ROU;PKM;LAR_CHA;COD_TYP_CHA;COD_TYP_COL;COD_OBS_HRT;COD_POI_CHO;COD_MAN;CIR_ACC
16489;34314;9;9;61;1;1;2;1;1;411;34;6;1;7;14;7;16;5
16490;34315;9;23;61;2;1;1;1;1;4238;9999;6;1;7;14;8;16;402
16491;34316;9;0;61;2;1;1;1;1;4221;9999;4;1;8;13;9;11;33
16492;34317;9;7;17;2;1;2;1;1;4526;7;4;1;8;13;9;18;46
16493;34318;9;19;17;1;1;1;1;1;408;19;5;1;8;18;9;1;3
16494;34320;9;12;17;1;1;2;1;1;408;12;5;1;7;14;1;16;9
16495;34322;9;7;17;1;1;2;1;1;4;71;5;1;7;14;1;16;38
16496;34323;9;18;17;1;1;2;1;1;4;71;5;1;2;15;6;7;50
16497;34324;9;16;17;1;1;2;1;1;4;70;5;1;8;12;9;1;50
16498;34325;9;16;17;1;1;2;1;1;411;16;5;1;8;18;9;1;9
16499;34328;9;16;61;1;1;2;1;1;409;21;6;1;2;15;4;1;21
16500;34329;9;12;30;1;1;2;1;1;9999;9999;7;1;3;15;8;4;406
16502;34332;9;17;30;1;1;2;1;1;805;60;7;2;8;14;1;16;21
16503;34333;9;10;30;1;1;2;1;1;4600;9999;12;1;8;14;1;16;31
16504;34334;9;22;69;1;1;1;1;1;16;27;7;1;4;15;9;4;9
16505;34336;9;20;40;1;1;1;1;1;415;9;6;1;8;13;9;1;21
16506;34337;9;18;40;1;1;2;1;1;805;114;7;2;2;15;1;1;9
16507;34338;9;9;40;1;1;2;1;1;805;133;7;2;7;14;1;1;21
16508;34339;9;6;40;1;1;2;1;1;415;31;5;1;8;13;8;10;21
16509;34340;9;17;40;1;1;2;1;1;1;68;8;1;8;13;1;10;21
16510;34341;9;18;40;1;1;2;1;1;415;26;5;1;8;15;1;10;21
16511;34342;9;19;30;1;1;1;1;1;415;41;4;1;8;13;9;11;9
16512;34344;9;17;40;1;1;2;1;1;417;23;4;1;2;15;2;1;9
16513;34345;9;22;40;1;1;1;1;1;805;128;7;2;8;13;9;11;409
16516;34348;9;11;40;1;1;2;1;1;805;112;7;2;8;2;2;11;406
16517;34349;9;19;40;1;1;1;1;1;805;93;7;2;8;3;2;11;32
16518;34351;9;18;30;1;1;2;1;1;4603;9999;7;1;1;15;1;4;38
16519;34352;9;6;30;1;1;2;1;1;805;55;5;2;7;5;1;17;31
16520;34353;9;21;30;1;1;1;1;1;1;13;11;2;3;15;7;3;50
16521;34354;9;2;30;1;1;1;1;1;1;12;11;2;3;15;7;1;9
16522;34355;9;15;30;1;1;2;1;1;1;13;8;1;3;15;7;4;9
16524;34357;9;9;40;1;1;2;1;1;415;10;6;1;3;15;8;4;9
16525;34358;9;18;40;1;1;2;1;1;415;11;6;1;8;13;9;10;36
16526;34359;9;14;40;1;1;2;1;1;4404;0;6;1;8;13;9;11;31
16528;34363;9;1;40;1;1;1;1;1;1;121;7;1;8;13;9;10;9
16529;34366;9;20;40;1;1;1;1;1;4405;9999;6;1;1;15;1;4;31
16530;34367;9;17;40;1;1;2;1;1;1;71;7;1;7;15;8;10;21
16531;34368;9;16;40;1;1;2;1;1;417;15;5;1;2;15;8;10;409
16532;34372;9;4;30;1;1;1;1;1;1;56;7;1;7;18;9;10;9
16533;34373;9;9;30;1;1;2;1;1;2;12;7;1;3;15;7;6;40
16534;34374;9;19;30;1;1;1;1;1;2;13;7;2;8;14;1;16;31
16535;34375;9;18;30;1;1;2;1;1;805;22;7;2;7;2;2;11;31
16536;34376;9;12;30;1;1;2;1;1;2;13;8;2;8;14;1;16;38
16537;34377;9;9;30;1;1;2;1;1;805;91;7;2;7;2;8;10;32
16538;34378;9;20;30;1;1;1;1;1;805;88;7;2;8;13;8;11;9
16539;34380;9;20;69;1;1;1;1;1;4611;9999;14;1;3;15;7;6;9
16540;34381;9;16;30;1;1;2;1;1;2;21;7;2;8;13;9;11;3
16541;34382;9;10;69;1;1;2;1;1;16;38;7;2;4;15;9;1;9
16542;34383;9;19;30;1;1;1;1;1;805;77;7;2;2;15;6;1;9
16543;34386;9;12;30;1;1;2;1;1;4603;9999;7;1;8;13;9;11;21
16544;34388;9;20;30;1;1;1;1;1;4601;9999;1;1;3;15;5;1;38
16545;34389;9;20;30;1;1;1;1;1;4602;9999;14;1;1;15;1;4;38
16546;34390;9;13;30;1;1;2;1;1;9999;9999;7;1;3;15;8;4;21
16547;34392;9;15;30;1;1;2;1;1;4603;9999;5;1;8;13;9;9;21
16548;34395;9;8;30;1;1;2;1;1;4601;9999;16;1;7;7;2;11;46
16549;34396;9;18;30;1;1;2;1;1;2;10;7;2;2;15;4;1;21
16550;34398;9;2;34;1;1;1;1;1;802;239;7;2;2;15;1;1;21
16551;34399;9;13;34;1;1;2;1;1;5413;10;5;1;8;14;1;16;341
16555;34405;9;3;34;1;1;1;1;1;5407;11;6;1;8;13;9;5;9
16561;34416;9;13;34;1;1;2;1;1;5428;2;5;1;3;15;8;4;21
16563;34418;9;12;34;1;1;2;1;1;508;50;5;1;8;18;3;10;21
16564;34419;9;12;34;1;1;2;1;1;9999;38;7;2;8;14;1;16;9
16565;34421;9;9;34;1;1;2;1;1;6;303;7;1;2;15;1;1;21
16566;34422;9;10;34;1;1;2;1;1;6;311;7;1;8;18;2;10;9
16567;34423;9;18;34;1;1;2;1;1;6;310;7;1;3;15;7;1;9
16568;34424;9;10;34;1;2;2;2;1;802;265;7;2;8;13;7;10;9
16570;34426;9;12;34;1;1;2;1;1;802;244;7;2;2;15;1;1;9
16571;34427;9;13;34;1;1;2;1;1;802;276;7;2;2;15;1;1;9
16572;34428;9;21;36;1;1;1;1;1;807;25;10;2;8;15;4;1;38
16575;34431;9;6;52;1;1;2;1;1;4103;43;4;1;8;13;9;1;9
16576;34433;9;17;36;1;1;2;1;1;2;39;9;2;7;12;1;11;71
16577;34434;9;19;36;1;1;1;1;1;16;102;8;1;8;13;9;1;9
16578;34435;9;15;36;1;1;2;1;1;16;109;8;1;7;15;2;4;9
16579;34437;9;21;36;1;1;1;1;1;16;9999;8;1;8;13;9;1;46
16580;34438;9;17;36;1;1;2;1;1;2;78;6;1;1;15;1;4;3
16581;34439;9;21;36;1;1;1;1;1;2;80;6;1;8;18;8;10;21
16582;34440;9;18;36;1;1;2;1;1;2;82;6;1;1;15;1;4;31
16583;34441;9;11;36;1;1;2;1;1;2;78;6;1;8;18;7;11;9
16584;34442;9;16;36;1;1;2;1;1;2;83;6;1;8;18;8;10;31
16585;34443;9;6;36;1;1;2;1;1;2;83;6;1;8;18;7;11;36
16586;34444;9;11;36;1;1;2;1;1;2;73;6;1;7;14;8;1;21
16587;34445;9;12;36;1;1;2;1;1;2;86;6;1;3;15;8;12;9
16588;34446;9;23;36;1;1;1;1;1;2;76;6;1;8;18;8;10;50
16589;34447;9;16;36;1;1;2;1;1;807;16;12;2;3;15;6;1;53
16590;34448;9;22;36;1;1;1;1;1;807;25;10;2;2;15;6;1;82
16591;34449;9;11;36;1;1;2;1;1;2;55;8;1;7;15;3;1;9
16592;34450;9;20;36;1;1;1;1;1;2;58;8;1;2;15;4;1;33
16594;34452;9;23;36;1;1;1;1;1;2;66;8;1;8;13;9;1;82
16596;34456;9;19;36;1;1;1;1;1;16;90;8;1;3;15;7;1;9
16597;34463;9;19;9;1;1;1;1;1;2;99;8;1;8;13;9;1;9
16599;34465;9;16;9;1;1;2;1;1;16;128;8;1;7;15;8;4;9
16600;34466;9;17;9;1;1;2;1;1;16;182;8;1;8;13;9;1;81
16602;34468;9;17;9;1;1;2;1;1;13;9999;8;1;3;15;7;4;9
16605;34471;9;3;9;1;1;1;1;1;2;179;8;1;8;13;9;1;53
16606;34473;9;9;9;1;1;2;1;1;2;167;8;1;3;15;8;4;31
16607;34475;9;18;36;1;1;2;1;1;2;46;8;2;3;15;6;1;9
16608;34476;9;16;36;1;1;2;1;1;2;37;8;2;8;14;1;16;9
16609;34477;9;16;36;1;1;2;1;1;4704;15;4;1;1;15;2;4;9
16610;34479;9;10;52;1;1;2;1;1;408;88;6;1;1;15;1;4;31
16611;34481;9;21;52;1;1;1;1;1;408;87;5;1;2;15;4;1;82
16612;34482;9;6;52;1;1;2;1;1;13;108;8;1;3;15;7;4;9
16613;34483;9;11;52;1;1;2;1;1;13;107;8;1;2;15;4;1;9
16614;34485;9;18;52;1;1;2;1;1;4506;9999;3;1;7;15;3;4;82
16615;34486;9;20;52;1;1;1;1;1;4506;9999;4;1;8;13;9;1;9
16616;34488;9;1;9;1;1;1;1;1;2;138;8;1;7;15;6;4;9
16618;36002;10;23;2;1;1;1;1;1;803;371;7;2;2;15;1;11;9
16619;36003;10;2;64;1;1;1;1;1;9999;19;12;1;3;15;7;7;46
16620;36006;10;8;2;1;1;2;1;1;10;190;8;1;8;18;9;1;32
16621;36007;10;11;2;1;1;2;1;1;10;114;9;1;2;15;1;1;9
16622;36008;10;18;45;1;1;1;1;1;1014;11;6;1;2;15;4;1;33
16623;36009;10;18;2;1;1;1;1;1;9999;108;15;1;2;15;4;1;50
16624;36010;10;13;45;1;1;2;1;1;1009;20;6;1;3;15;2;4;50
16625;36014;10;15;12;1;1;2;1;1;1;779;6;1;7;18;1;1;21
16626;36015;10;21;2;1;1;1;1;1;10;58;12;1;3;14;7;16;3
16628;36018;10;19;2;1;1;1;1;1;9999;9999;7;1;3;15;7;1;9
16629;36019;10;18;41;2;1;1;1;1;1001;21;4;1;1;15;3;4;9
16630;36023;10;21;64;1;1;1;1;1;9999;20;12;1;3;15;7;1;21
16631;36024;10;22;2;1;1;1;1;1;10;9999;9;1;8;14;1;16;9
16632;36027;10;11;41;1;1;2;1;1;1;798;6;1;3;15;1;4;21
16633;36028;10;17;33;1;1;2;1;1;9999;9999;6;1;8;18;9;18;53
16635;36031;10;18;37;1;1;1;1;1;1011;9999;6;1;8;14;1;16;9
16636;36032;10;9;45;1;1;2;1;1;105;79;6;1;1;15;1;4;32
16637;36033;10;11;45;1;1;2;1;1;1018;9999;6;1;8;14;1;16;9
16639;36036;10;21;45;1;1;1;1;1;1014;9;6;1;8;14;1;16;9
16640;36037;10;14;2;1;1;2;1;1;9999;69;7;1;8;18;9;1;9
16641;36040;10;21;45;1;1;1;1;1;1;905;12;1;1;15;1;4;9
16642;36041;10;21;45;1;1;1;1;1;1;906;12;1;8;14;1;16;9
16643;36045;10;21;45;1;1;1;1;1;1;911;12;1;1;15;1;6;53
16644;36046;10;13;45;1;1;2;1;1;1014;12;6;1;3;15;2;9;71
16645;36048;10;7;45;1;1;2;1;1;1;914;12;1;8;14;1;16;9
16646;36049;10;21;45;1;1;1;1;1;1014;11;6;1;2;15;4;1;36
16647;36052;10;8;45;1;1;2;1;1;1014;13;6;1;2;15;4;1;32
16648;36056;10;18;45;1;1;1;1;1;1;904;12;1;8;18;9;18;9
16649;36057;10;18;2;1;1;1;1;1;9999;119;15;1;2;15;4;1;9
16650;36058;10;12;2;1;1;2;1;1;9999;105;15;1;8;15;7;4;9
16651;36060;10;20;2;1;1;1;1;1;1737;9999;7;1;3;15;7;4;21
16652;36061;10;10;2;1;1;2;1;1;106;9999;9;1;3;15;7;4;9
16653;36062;10;10;2;1;1;2;1;1;10;196;12;2;3;15;5;7;9
16654;36063;10;6;2;1;1;1;1;1;10;186;7;1;8;18;1;10;21
16655;36064;10;16;2;1;1;2;1;1;1739;50;4;1;3;15;7;1;31
16656;36065;10;11;2;1;1;2;1;1;9999;9999;9;1;8;18;9;1;3
16657;36066;10;11;2;1;1;2;1;1;1723;9999;9;1;8;18;9;1;3
16658;36068;10;13;2;1;1;2;1;1;9999;82;7;1;8;18;9;1;9
16659;36069;10;19;2;1;1;1;1;1;9999;72;7;1;8;14;1;16;38
16660;36070;10;18;2;1;1;1;1;1;9999;84;7;1;3;15;6;1;42
16661;36071;10;13;2;1;1;2;1;1;9999;100;15;1;8;18;9;1;31
16662;36072;10;20;45;1;1;1;1;1;1014;11;6;1;3;15;2;8;21
16663;36073;10;19;45;1;1;1;1;1;1;919;12;1;2;15;4;1;3
16664;36075;10;11;45;1;1;2;1;1;1;924;12;1;1;15;1;4;38
16665;36076;10;13;45;1;1;2;1;1;1;923;12;1;3;15;2;4;21
16666;36079;10;19;45;1;1;1;1;1;1014;11;6;1;3;15;2;9;9
16667;36081;10;16;45;1;1;2;1;1;1014;13;6;1;2;15;4;1;82
16669;36085;10;8;2;1;1;2;1;1;9999;116;15;1;3;15;4;4;31
16670;36088;10;7;45;1;1;2;1;1;1014;13;6;1;3;15;2;4;31
16671;36089;10;12;45;1;1;2;1;1;1;924;12;1;8;14;1;16;42
16672;36090;10;17;45;1;1;2;1;1;1;926;12;1;8;14;1;16;32
16673;36091;10;21;45;1;1;1;1;1;1;916;12;1;2;15;4;1;9
16674;36096;10;20;45;1;1;1;1;1;1;933;12;1;8;14;1;16;50
16675;36100;10;18;45;1;1;1;1;1;1018;9999;6;1;1;15;1;4;21
16676;36101;10;13;45;1;1;2;1;1;1016;9999;6;1;3;15;2;4;50
16677;36103;10;16;45;1;1;2;1;1;1016;30;6;1;3;15;2;4;9
16678;36104;10;10;64;1;1;2;1;1;105;3;6;1;2;15;4;1;9
16679;36105;10;19;45;1;1;1;1;1;105;17;6;1;8;15;2;4;31
16680;36106;10;9;45;1;1;2;1;1;105;41;6;1;8;18;9;18;9
16681;36107;10;9;45;1;1;2;1;1;1;921;12;1;8;14;1;16;21
16682;36110;10;9;45;1;1;2;1;1;1009;20;6;1;3;15;2;4;3
16687;36117;10;9;33;1;4;2;1;1;102;75;6;1;8;18;9;18;9
16688;36119;10;8;2;1;1;2;1;1;803;396;8;2;3;15;2;11;9
16689;36124;10;23;37;1;1;1;1;1;1;960;6;1;8;18;9;1;9
16690;36125;10;3;37;1;1;1;1;1;1;960;6;1;8;18;9;1;9
16691;36128;10;5;12;1;1;1;1;1;1;778;6;1;7;18;9;1;9
16693;36131;10;6;33;1;1;1;1;1;9999;20;16;1;3;15;6;21;9
16694;36132;10;17;2;1;1;2;1;1;10;9999;9;1;3;15;6;1;9
16695;36135;10;16;2;1;1;2;1;1;9999;9999;15;1;3;15;7;1;9
16696;36136;10;8;2;1;1;2;1;1;9999;86;7;1;8;15;6;1;32
16697;36137;10;8;64;1;1;2;1;1;105;2;12;1;3;15;7;1;9
16698;36138;10;11;45;1;1;2;1;1;1;897;7;2;8;13;7;12;9
16699;36139;10;15;45;1;1;2;1;1;1;898;12;1;1;15;1;4;31
16700;36140;10;17;37;1;1;2;1;1;1;985;6;1;8;18;9;1;9
16701;36141;10;21;37;1;1;1;1;1;1;982;6;1;8;18;9;1;9
16702;36142;10;13;2;1;1;2;1;1;9999;20;9;1;8;14;1;16;9
16703;36143;10;18;2;1;1;1;1;1;1729;9999;7;1;8;18;9;1;82
16704;36144;10;10;64;1;1;2;1;1;10;29;9;1;8;18;9;1;21
16705;36145;10;14;2;1;1;2;1;1;9999;23;9;1;2;15;4;1;9
16706;36146;10;13;2;1;1;2;1;1;9999;3;9;1;2;15;4;1;9
16707;36150;10;7;64;1;1;2;1;1;9999;19;12;1;3;14;8;16;3
16708;36151;10;13;64;1;1;2;1;1;105;6;12;1;3;15;7;7;9
16709;36152;10;7;64;1;1;2;1;1;1005;9999;8;1;2;15;4;1;9
16710;36153;10;19;64;1;1;1;1;1;105;3;12;1;3;15;8;7;38
16711;36154;10;14;64;1;1;2;1;1;1005;9999;9;1;3;15;7;4;42
16712;36155;10;17;64;1;1;2;1;1;105;7;12;1;3;15;8;7;31
16713;36156;10;20;64;1;1;1;1;1;105;3;12;1;3;15;7;1;21
16714;36159;10;17;2;1;1;2;1;1;10;9999;9;1;3;15;7;16;38
16715;36160;10;15;2;1;1;2;1;1;9999;9999;7;1;2;15;1;1;21
16716;36161;10;12;2;1;1;2;1;1;9999;9999;7;1;2;15;4;1;21
16717;36162;10;18;2;1;1;1;1;1;9999;9999;9;1;3;15;7;4;21
16718;36163;10;19;2;1;1;1;1;1;1010;9999;8;1;8;15;7;4;9
16719;36165;10;13;2;1;1;2;1;1;1707;9999;7;1;2;15;4;1;38
16721;36168;10;11;41;1;1;2;1;1;803;416;7;2;8;18;1;13;9
16723;36171;10;12;64;1;1;2;1;1;105;8;12;1;3;15;7;1;32
16724;36172;10;10;64;1;1;2;1;1;105;6;12;1;2;15;4;1;9
16725;36175;10;21;64;1;1;1;1;1;105;2;12;1;3;15;7;1;21
16727;36177;10;12;64;1;1;2;1;1;105;7;12;1;3;14;8;16;9
16728;36178;10;23;64;1;1;1;1;1;105;9999;9;1;3;15;7;1;53
16729;36179;10;12;64;1;1;2;1;1;105;5;12;1;3;15;8;4;9
16730;36181;10;21;64;1;1;1;1;1;105;9999;9;1;3;15;7;4;36
16731;36182;10;15;64;1;1;2;1;1;105;3;12;1;3;15;8;6;50
16734;36185;10;13;41;1;1;2;1;1;9999;9999;8;1;8;14;1;16;21
16735;36186;10;19;41;1;1;1;1;1;9999;9999;51;1;8;14;1;16;31
16736;36187;10;19;41;1;1;1;1;1;9999;9999;8;1;7;15;8;10;3
16737;36188;10;18;41;2;4;1;1;1;9999;9999;8;1;1;15;1;2;42
16739;36191;10;22;41;1;1;1;1;1;9999;363;7;1;1;15;2;4;42
16741;36194;10;12;41;1;1;2;1;1;1;843;10;1;7;6;1;1;46
16742;36195;10;17;2;1;1;2;1;1;803;399;8;2;3;15;1;1;38
16743;36197;10;16;41;1;1;2;1;1;1;841;10;1;3;15;8;7;31
16744;36200;10;11;35;1;1;2;1;1;509;10;7;1;8;18;9;1;38
16745;36203;10;15;3;1;1;2;1;1;2;214;7;1;8;18;9;1;31
16746;36204;10;18;3;1;1;1;1;1;2;305;8;1;3;15;1;18;31
16747;36205;10;10;3;1;1;2;1;1;16;292;6;1;8;14;4;18;53
16748;36206;10;13;3;1;1;2;1;1;2;305;8;1;8;14;1;18;31
16749;36207;10;9;3;1;1;2;1;1;5209;7;6;1;8;18;8;10;31
16751;36210;10;18;3;1;1;1;1;1;2;317;8;2;8;18;9;18;3
16752;36211;10;18;3;1;1;1;1;1;2;319;17;1;8;14;4;18;21
16753;36212;10;10;3;1;1;2;1;1;2;318;8;2;8;14;1;18;31
16754;36214;10;20;3;1;1;1;1;1;5204;9999;7;1;7;15;7;2;31
16755;36215;10;16;3;1;1;2;1;1;509;49;7;1;8;14;1;1;46
16756;36218;10;18;3;1;1;1;1;1;509;28;7;1;8;18;9;1;31
16758;36221;10;20;65;1;1;1;1;1;3224;9999;5;1;7;15;1;1;9
16759;36223;10;22;4;1;1;1;1;1;8;415;7;1;1;15;1;4;9
16760;36224;10;1;65;1;1;1;1;1;308;127;5;1;3;14;1;4;9
16761;36226;10;18;65;1;1;1;1;1;3224;24;6;1;7;7;1;1;46
16762;36227;10;6;5;1;1;1;1;1;3215;9999;5;1;7;14;1;16;9
16763;36228;10;13;5;1;1;2;1;1;3213;9999;6;1;3;15;1;8;48
16764;36230;10;17;65;1;1;2;1;1;3216;12;6;1;7;14;1;16;21
16765;36233;10;0;5;1;1;1;1;1;3206;9999;6;1;7;14;1;16;9
16767;36235;10;20;65;1;1;1;1;1;308;96;5;1;3;15;3;4;31
16768;36237;10;19;65;2;1;1;1;1;3222;28;4;1;1;15;1;4;9
16769;36238;10;19;65;1;1;1;1;1;308;124;5;1;8;13;2;11;9
16770;36239;10;8;65;1;1;2;1;1;8;422;7;1;2;15;4;1;459
16771;36240;10;21;65;2;1;1;1;1;3224;37;3;1;3;14;1;4;21
16772;36241;10;12;65;1;1;2;1;1;309;79;6;1;7;15;1;1;82
16773;36242;10;6;65;1;1;1;1;1;8;418;7;1;8;13;2;11;9
16776;36251;10;14;4;1;1;2;1;1;3109;9999;4;1;8;14;7;16;31
16777;36252;10;12;4;1;1;2;1;1;3109;3;4;1;7;15;5;8;9
16790;36271;10;12;4;1;1;2;1;1;3100;39;2;1;7;15;7;2;9
16792;36273;10;12;4;1;1;2;1;1;304;125;6;1;3;15;3;8;9
16793;36274;10;12;4;1;1;2;1;1;304;124;6;1;1;15;1;4;38
16794;36275;10;10;65;1;1;2;1;1;3105;12;6;1;7;15;1;4;9
16795;36277;10;19;65;2;1;1;1;1;3211;28;3;1;3;15;3;4;21
16796;36278;10;18;65;2;1;1;1;1;3211;3;4;1;8;13;2;11;31
16797;36280;10;12;5;2;1;2;1;1;3215;9999;3;1;3;15;3;4;9
16798;36282;10;12;65;1;1;2;1;1;11;174;7;1;3;15;3;4;3
16799;36283;10;19;65;1;1;1;1;1;11;176;7;1;3;15;3;4;21
16800;36285;10;18;65;1;1;1;1;1;11;179;7;1;3;15;2;4;21
16805;36291;10;16;65;1;1;2;1;1;8;423;7;1;3;15;3;4;46
16806;36292;10;14;65;2;1;2;1;1;3211;1;3;1;2;15;4;1;38
16807;36293;10;19;65;1;1;1;1;1;309;64;5;1;2;15;4;1;9
16808;36294;10;11;65;1;1;2;1;1;3224;7;6;1;7;15;1;15;31
16809;36296;10;10;65;1;1;2;1;1;8;401;6;1;7;15;1;1;9
16810;36300;10;12;65;1;1;2;1;1;8;400;7;1;7;15;1;1;48
16811;36302;10;23;65;1;1;1;1;1;309;70;6;1;7;15;1;1;21
16812;36303;10;21;65;2;1;1;1;1;3203;47;3;1;2;15;4;1;9
16813;36304;10;17;65;1;1;2;1;1;309;63;5;1;1;15;1;4;32
16814;36305;10;16;5;2;1;2;1;1;3211;9999;3;1;2;15;1;1;9
16815;36306;10;19;5;1;1;1;1;1;11;184;7;1;2;15;1;1;9
16816;36308;10;12;65;1;1;2;1;1;309;58;5;1;7;15;7;4;46
16817;36309;10;14;65;1;1;2;1;1;309;33;5;1;7;15;4;4;9
16818;36310;10;19;65;1;1;1;1;1;309;57;4;1;2;15;4;1;9
16819;36311;10;7;65;1;1;2;1;1;308;98;5;1;2;15;4;1;459
16820;36313;10;10;65;1;1;2;1;1;308;120;13;1;2;15;4;1;82
16821;36314;10;23;65;1;1;1;1;1;3203;43;6;1;8;13;1;10;9
16822;36317;10;9;65;1;1;2;1;1;3224;16;6;1;1;15;1;4;9
16823;36318;10;19;65;1;1;1;1;1;8;385;6;1;3;14;1;4;9
16824;36319;10;12;65;2;1;2;1;1;3228;9999;3;1;1;15;1;4;9
16825;36320;10;20;65;1;1;1;1;1;8;387;7;1;3;15;3;1;86
16826;36321;10;12;65;2;1;2;1;1;3224;9999;3;1;3;15;3;4;9
16827;36323;10;19;65;1;1;1;1;1;8;392;7;1;3;15;3;4;31
16828;36324;10;11;65;2;1;2;1;1;3228;9999;3;1;2;15;4;1;9
16829;36325;10;21;5;1;1;1;1;1;8;510;7;1;1;15;1;4;9
16830;36326;10;23;5;1;1;1;1;1;8;509;7;1;7;7;1;11;432
16831;36328;10;15;5;1;1;2;1;1;8;519;7;1;8;13;9;13;9
16832;36329;10;17;5;1;1;2;1;1;8;510;7;1;7;14;1;16;9
16833;36331;10;18;5;1;1;1;1;1;8;510;7;1;3;15;8;12;9
16834;36332;10;12;5;1;1;2;1;1;8;512;7;1;1;15;1;4;9
16835;36333;10;20;5;1;1;1;1;1;11;185;7;1;7;15;1;1;9
16836;36334;10;12;5;1;1;2;1;1;3208;9;6;1;3;15;8;1;9
16837;36335;10;14;5;1;1;2;1;1;3208;26;6;1;2;15;1;1;32
16838;36336;10;20;5;1;1;1;1;1;3208;19;6;1;1;15;1;4;3
16839;36337;10;10;5;1;1;2;1;1;3208;9;6;1;3;15;8;7;33
16840;36338;10;22;5;1;1;1;1;1;3208;23;6;1;2;15;1;1;9
16841;36339;10;12;5;1;1;2;1;1;3208;26;6;1;2;15;1;1;9
16842;36340;10;9;5;1;1;2;1;1;3206;9999;9;1;5;15;2;8;32
16843;36342;10;12;65;1;1;2;1;1;3222;25;6;1;7;15;1;1;40
16844;36343;10;13;65;1;1;2;1;1;309;63;6;1;7;15;1;1;9
16845;36344;10;13;65;1;1;2;1;1;309;63;6;1;7;14;1;1;32
16846;36345;10;12;65;1;1;2;1;1;309;62;6;1;8;13;1;11;9
16847;36347;10;12;5;1;1;2;1;1;9999;9999;6;1;1;15;1;4;9
16848;36350;10;12;65;1;1;2;1;1;3222;29;6;1;7;15;1;1;48
16849;36351;10;12;65;1;1;2;1;1;3222;28;6;1;7;15;1;1;9
16850;36352;10;10;65;1;1;2;1;1;3222;28;6;1;7;15;1;1;9
16851;36353;10;19;65;2;1;1;1;1;3222;30;4;1;3;15;3;4;21
16852;36354;10;12;5;1;1;2;1;1;3217;9999;6;1;3;15;8;1;21
16853;36355;10;12;5;1;1;2;1;1;3222;8;6;1;2;1;1;1;38
16854;36357;10;11;5;1;1;2;1;1;8;434;7;1;7;14;1;16;86
16855;36358;10;15;4;1;1;2;1;1;3111;4;6;1;8;13;9;11;38
16856;36361;10;17;5;1;1;2;1;1;8;431;7;1;7;14;1;16;53
16857;36362;10;18;5;1;1;1;1;1;3222;7;6;1;2;15;1;1;9
16858;36363;10;23;5;1;1;1;1;1;8;433;7;1;7;1;1;1;9
16859;36364;10;19;5;1;1;1;1;1;3206;9999;6;1;7;14;1;16;21
16860;36365;10;12;5;1;1;2;1;1;308;9999;6;1;2;15;1;1;9
16863;36368;10;17;5;1;1;2;1;1;8;467;7;1;7;14;1;16;9
16864;36369;10;12;5;1;1;2;1;1;3210;9999;6;1;2;15;1;1;38
16865;36370;10;17;5;1;1;2;1;1;8;483;7;1;8;13;9;11;9
16866;36372;10;13;5;1;1;2;1;1;308;156;6;1;3;15;8;10;21
16868;36374;10;1;5;1;1;1;1;1;804;162;7;1;7;12;9;11;9
16872;36378;10;23;15;1;1;1;1;1;10;788;7;1;7;18;9;9;38
16873;36379;10;10;15;1;1;2;1;1;17;174;6;1;8;13;9;1;36
16874;36380;10;16;15;1;1;2;1;1;17;133;6;1;8;13;9;1;86
16879;36386;10;22;15;1;1;1;1;1;10;812;7;1;7;18;1;16;9
16880;36387;10;11;72;1;1;2;1;1;3032;9999;15;1;7;18;9;18;21
16882;36390;10;6;50;1;1;1;1;1;801;78;8;2;2;15;4;1;92
16883;36391;10;22;72;1;1;1;1;1;3011;9999;6;1;7;14;9;18;9
16884;36392;10;20;54;1;1;1;1;1;1;9999;7;2;1;15;2;1;9
16885;36393;10;13;54;1;1;2;1;1;3014;9999;8;1;1;15;3;2;42
16886;36394;10;23;72;1;1;1;1;1;320;18;7;1;8;9;1;8;3
16887;36396;10;21;72;1;1;1;1;1;320;21;7;1;1;15;1;4;31
16888;36397;10;20;72;1;1;1;1;1;3011;9999;13;1;3;15;9;18;36
16891;36403;10;2;72;1;1;1;1;1;320;15;7;1;8;7;9;9;21
16892;36404;10;17;72;1;1;2;1;1;320;15;7;1;3;15;3;1;9
16893;36405;10;19;71;1;1;1;1;1;9;17;10;2;4;15;4;1;50