;NUM_ACC;MOIS_ACC;HEU_ACC;COD_PRV;COD_ETA_CHA;COD_ETA_SUR;COD_LUM;COD_INT;TYP_LIE_ACC;NUM_ROU;PKM;LAR_CHA;COD_TYP_CHA;COD_TYP_COL;COD_OBS_HRT;COD_POI_CHO;COD_MAN;CIR_ACC
16894;36406;10;8;51;1;1;2;1;1;3019;9999;6;1;3;15;7;6;21
16895;36408;10;10;72;1;1;2;1;1;3011;9999;13;1;7;14;9;18;21
16896;36409;10;14;72;1;1;2;1;1;3007;9999;15;1;2;15;9;1;9
16897;36410;10;9;54;1;1;2;1;1;3011;9999;7;1;8;13;1;11;55
16898;36416;10;18;54;1;1;1;1;1;3011;9999;7;1;3;15;5;1;31
16899;36419;10;17;72;1;1;2;1;1;3042;10;10;1;7;18;1;1;71
16900;36422;10;16;54;1;1;2;1;1;3011;9999;13;1;3;15;5;1;9
16901;36425;10;21;72;1;1;1;1;1;3038;6;7;2;8;18;1;18;341
16903;36433;10;17;50;1;1;2;1;1;801;83;7;1;4;15;4;1;9
16905;36435;10;16;51;1;1;2;1;1;801;56;11;1;2;15;4;1;9
16906;36436;10;7;51;1;1;2;1;1;8101;3;11;2;7;14;8;16;9
16907;36437;10;18;51;1;1;1;1;1;8101;0;11;2;2;15;4;1;31
16908;36438;10;9;51;1;1;2;1;1;8101;3;11;2;3;15;7;2;48
16909;36440;10;13;51;1;1;2;1;1;3000;9999;7;1;3;15;8;6;9
16910;36441;10;20;51;1;1;1;1;1;9;3;7;2;3;15;6;21;9
16911;36442;10;13;51;1;1;2;1;1;1;337;7;2;8;14;1;16;31
16912;36443;10;19;51;1;1;1;1;1;3000;9999;6;1;3;15;8;8;3
16913;36444;10;12;51;1;1;2;1;1;3004;9999;7;2;3;15;1;6;53
16914;36445;10;19;51;1;1;1;1;1;9;2;7;2;2;15;4;6;9
16915;36446;10;5;51;1;1;1;1;1;9;3;7;2;7;6;1;10;9
16916;36450;10;8;51;1;1;2;1;1;9;2;7;2;2;15;4;1;9
16917;36451;10;20;51;1;1;1;1;1;3000;9999;6;1;2;15;4;1;9
16918;36452;10;16;51;1;1;2;1;1;9;1;7;1;2;15;4;1;9
16919;36454;10;15;51;1;1;2;1;1;3000;9999;6;1;2;15;4;3;9
16920;36455;10;0;51;1;1;1;1;1;3000;9999;6;1;8;14;1;16;9
16921;36456;10;14;51;1;1;2;1;1;9999;9999;5;1;8;14;1;16;9
16922;36457;10;22;51;1;1;1;1;1;3004;9999;7;2;2;15;4;21;9
16923;36459;10;20;51;1;1;1;1;1;9;5;7;1;2;15;6;2;3
16924;36460;10;18;51;1;1;1;1;1;9999;9999;6;1;1;14;1;4;21
16925;36461;10;19;51;1;1;1;1;1;9999;9999;5;1;8;14;1;16;9
16926;36462;10;17;51;1;1;2;1;1;3004;9999;7;2;8;14;1;16;9
16927;36463;10;15;51;1;1;2;1;1;9;4;7;2;2;15;4;1;9
16928;36464;10;13;51;1;1;2;1;1;9;3;7;2;2;15;4;1;9
16929;36465;10;11;72;1;1;2;1;1;3011;9999;14;1;3;15;9;15;9
16931;36467;10;11;72;1;1;2;1;1;3011;9999;9;1;3;14;9;18;9
16932;36468;10;16;72;1;1;2;1;1;3011;9999;14;1;2;15;9;1;31
16935;36472;10;20;72;1;1;1;1;1;3011;9999;17;1;2;15;9;18;9
16936;36473;10;19;72;1;1;1;1;1;3009;9999;10;1;1;15;9;18;31
16937;36474;10;13;72;1;1;2;1;1;3011;9999;9;1;2;15;9;18;3
16938;36475;10;19;72;1;1;1;1;1;3011;9999;7;1;3;15;2;1;53
16939;36476;10;15;72;1;1;2;1;1;3007;9999;9;1;7;14;9;18;9
16940;36477;10;23;72;1;1;1;1;1;3011;9999;12;1;7;18;9;18;9
16941;36478;10;18;72;1;1;1;1;1;3011;9999;14;1;3;15;9;18;9
16942;36481;10;12;72;1;1;2;1;1;3011;9999;7;1;3;15;8;1;9
16943;36482;10;21;72;1;1;1;1;1;3009;9999;10;1;3;15;9;18;9
16944;36483;10;10;72;1;1;2;1;1;3011;9999;10;1;7;18;9;18;9
16945;36484;10;10;72;1;1;2;1;1;3007;9999;14;1;2;15;9;18;9
16946;36485;10;21;72;1;1;1;1;1;3011;9999;8;1;3;15;9;18;9
16947;36486;10;19;72;1;1;1;1;1;3013;9999;12;1;3;15;9;18;9
16948;36487;10;18;72;1;1;1;1;1;3013;9999;13;1;2;15;9;1;9
16949;36488;10;11;72;1;1;2;1;1;3011;9999;14;1;2;15;9;1;9
16950;36489;10;14;72;1;1;2;1;1;3011;9999;18;1;2;15;9;18;9
16951;36490;10;19;72;1;1;1;1;1;3013;9999;12;1;2;15;9;18;3
16952;36491;10;20;72;1;1;1;1;1;3011;9999;15;1;3;15;9;18;21
16953;36492;10;20;72;1;1;1;1;1;3011;9999;13;1;1;15;9;4;9
16954;36493;10;10;72;1;1;2;1;1;3009;9999;17;1;3;15;9;1;9
16955;36494;10;20;72;1;1;1;1;1;3009;9999;14;1;7;14;9;16;9
16956;36495;10;18;72;1;1;1;1;1;3011;9999;13;1;7;14;9;16;9
16957;36496;10;9;72;1;1;2;1;1;3009;9999;14;1;2;15;9;1;9
16958;36497;10;20;72;1;1;1;1;1;3011;9999;6;1;3;15;9;18;9
16959;36498;10;20;72;1;1;1;1;1;3009;9999;10;1;3;15;9;18;9
16960;36499;10;20;72;1;1;1;1;1;3032;9999;8;1;3;15;2;1;9
16961;36500;10;23;72;1;1;1;1;1;3009;9999;8;1;3;15;9;15;9
16962;36501;10;16;72;1;1;2;1;1;3011;9999;14;1;3;15;9;18;9
16963;36502;10;22;72;1;1;1;1;1;3011;9999;7;1;3;15;7;1;9
16964;36503;10;16;72;1;1;2;1;1;3011;9999;8;1;2;15;4;1;9
16965;36504;10;23;72;1;1;1;1;1;3007;9999;7;1;3;15;3;1;9
16966;36505;10;18;72;1;1;1;1;1;3011;9999;18;1;3;15;9;18;9
16967;36506;10;15;72;1;1;2;1;1;3011;9999;17;1;2;15;9;18;9
16968;36507;10;15;72;1;1;2;1;1;3013;9999;17;1;3;15;9;18;9
16969;36508;10;9;72;1;1;2;1;1;3011;9999;13;1;3;15;9;18;9
16970;36509;10;15;72;1;1;2;1;1;3011;9999;9;1;3;15;9;1;9
16971;36510;10;13;72;1;1;2;1;1;3011;9999;11;1;3;15;9;18;9
16972;36511;10;20;72;1;1;1;1;1;3011;9999;70;1;2;15;4;1;3
16973;36512;10;18;72;1;1;1;1;1;3011;9999;7;1;3;15;9;10;9
16974;36513;10;20;72;1;1;1;1;1;3011;9999;13;1;1;15;9;18;9
16975;36514;10;13;72;1;1;2;1;1;3011;9999;19;1;3;15;9;18;9
16976;36515;10;15;72;1;1;2;1;1;3011;9999;17;1;7;14;9;18;9
16977;36516;10;7;72;1;1;2;1;1;3011;9999;12;1;1;15;9;1;9
16978;36517;10;15;72;1;1;2;1;1;3011;9999;15;1;3;15;9;18;9
16979;36518;10;12;72;1;1;2;1;1;3009;9999;12;1;3;15;9;18;9
16980;36519;10;22;72;1;1;1;1;1;3011;9999;13;1;3;15;9;18;9
16981;36520;10;22;72;1;1;1;1;1;3013;9999;18;1;2;14;9;18;9
16982;36521;10;14;72;1;1;2;1;1;3011;9999;7;1;7;15;9;1;9
16983;36522;10;22;50;1;1;1;1;1;3011;9999;7;2;3;15;7;1;31
16985;36533;10;19;51;1;1;1;1;1;3006;9999;6;1;2;15;4;1;43
16986;36534;10;9;51;1;1;2;1;1;3019;9999;6;1;2;15;4;1;38
16987;36535;10;18;51;1;1;1;1;1;3002;9999;6;1;3;15;8;6;9
16988;36536;10;20;51;1;1;1;1;1;1;342;12;2;8;9;1;10;21
16989;36538;10;17;51;1;1;2;1;1;3019;9999;6;1;3;15;5;6;9
16990;36539;10;1;51;1;1;1;1;1;3019;9999;6;1;3;15;7;6;31
16991;36540;10;22;51;1;1;1;1;1;3002;9999;8;1;3;15;2;16;31
16992;36541;10;10;51;1;1;2;1;1;3301;9999;8;1;8;14;1;16;9
16994;36543;10;18;51;1;1;1;1;1;3301;9999;6;1;8;13;1;11;9
16995;36545;10;11;51;1;1;2;1;1;3006;9999;6;1;8;13;1;10;9
16996;36546;10;13;51;1;1;2;1;1;1;344;8;1;3;13;1;18;31
16997;36547;10;17;51;1;1;2;1;1;3002;9999;6;1;3;15;6;7;9
16998;36548;10;0;51;1;1;1;1;1;3301;9999;6;1;8;9;1;5;43
16999;36549;10;18;51;1;1;1;1;1;3326;11;6;1;8;11;1;16;9
17000;36550;10;23;51;1;1;1;1;1;3326;11;6;1;3;15;7;18;38
17001;36551;10;11;51;1;1;2;1;1;3326;11;6;1;8;14;2;1;9
17002;36553;10;18;72;1;1;1;1;1;3012;11;14;1;7;15;4;17;9
17003;36554;10;18;72;1;1;1;1;1;3012;10;14;1;7;15;1;7;9
17004;36555;10;11;72;1;1;2;1;1;3012;6;14;1;7;15;2;6;9
17005;36556;10;18;72;1;1;1;1;1;3012;5;14;1;8;15;1;7;9
17006;36557;10;20;72;1;1;1;1;1;3012;12;14;1;2;15;4;1;36
17007;36558;10;18;72;1;1;1;1;1;3012;5;14;1;8;15;2;6;9
17008;36561;10;14;71;1;1;2;1;1;3016;9999;8;1;1;15;2;4;33
17009;36562;10;10;71;1;1;2;1;1;3016;9999;7;1;7;15;8;4;3
17010;36567;10;15;71;1;1;2;1;1;3016;9999;7;1;2;15;3;2;21
17011;36570;10;20;71;1;1;1;1;1;3016;9999;7;1;3;15;3;6;9
17012;36571;10;22;71;2;1;1;1;1;3016;9999;6;1;7;15;9;14;9
17013;36572;10;19;50;1;1;1;1;1;3015;9999;7;2;8;9;1;10;9
17014;36581;10;22;71;1;1;1;1;1;9;20;9;2;2;15;4;1;9
17015;36582;10;0;71;1;1;1;1;1;9;17;12;2;8;10;1;18;31
17016;36583;10;6;71;1;1;1;1;1;9;20;14;2;2;1;4;9;55
17017;36588;10;16;50;1;1;2;1;1;3015;4;8;2;3;15;7;16;46
17018;36590;10;11;54;1;1;2;1;1;3014;9999;7;1;7;15;2;15;9
17020;36592;10;12;54;1;1;2;1;1;3014;9999;7;1;3;15;8;1;31
17021;36593;10;13;54;1;1;2;1;1;3014;9999;8;1;7;15;5;7;21
17022;36595;10;21;54;1;1;1;1;1;3014;9999;7;1;2;15;4;1;9
17024;36598;10;19;54;1;1;1;1;1;3014;9999;7;1;8;14;3;8;5
17025;36599;10;12;54;1;1;2;1;1;3014;9999;7;1;7;15;3;11;9
17026;36600;10;16;72;1;1;2;1;1;1;380;9;1;7;14;8;16;9
17027;36601;10;18;72;1;1;1;1;1;1;379;12;2;7;15;7;1;31
17028;36602;10;13;72;1;1;2;1;1;3005;2;7;1;2;15;5;15;9
17029;36604;10;14;72;1;1;2;1;1;1;381;8;1;3;15;7;1;9
17030;36605;10;20;72;1;1;1;1;1;1;381;8;1;7;18;7;1;21
17031;36606;10;11;72;1;1;2;1;1;1;376;8;1;2;15;4;1;9
17032;36609;10;20;54;1;1;1;1;1;3014;9999;7;1;8;13;1;16;9
17033;36612;10;10;54;1;1;2;1;1;3014;9999;7;1;3;15;7;2;21
17034;36613;10;17;72;2;1;2;1;1;3001;9999;8;1;8;15;8;6;38
17035;36616;10;16;72;1;1;2;1;1;320;18;7;1;2;15;4;1;36
17036;36618;10;17;72;1;1;2;1;1;320;15;7;1;3;15;4;1;9
17037;36620;10;9;72;1;1;2;1;1;320;15;0;1;3;15;2;1;31
17038;36622;10;17;72;1;1;2;1;1;3001;1;9;1;1;15;2;1;46
17039;36623;10;5;72;1;1;1;1;1;320;18;7;1;8;18;2;1;36
17040;36625;10;5;72;1;1;1;1;1;320;15;7;1;7;11;1;8;9
17041;36626;10;17;72;1;1;2;1;1;320;17;7;1;2;15;1;4;46
17042;36627;10;16;72;1;1;2;1;1;320;16;7;1;2;15;4;1;59
17043;36628;10;12;72;1;1;2;1;1;320;15;7;1;2;15;4;1;9
17044;36629;10;3;72;1;1;1;1;1;320;15;7;1;8;11;1;8;48
17045;36630;10;20;72;1;1;1;1;1;320;17;7;1;2;15;6;1;31
17047;36634;10;15;72;1;1;2;1;1;315;5;9;2;2;15;1;1;9
17048;36635;10;18;72;1;1;1;1;1;315;7;8;1;8;14;3;16;9
17049;36636;10;12;72;1;1;2;1;1;315;6;8;2;2;15;4;1;5
17050;36637;10;14;72;1;1;2;1;1;315;5;8;2;3;15;1;1;9
17051;36642;10;10;72;1;1;2;1;1;315;6;1;2;3;15;5;1;9
17052;36645;10;13;72;1;1;2;1;1;315;6;8;1;2;15;4;1;46
17054;36649;10;18;71;1;1;1;1;1;9;20;7;1;3;15;5;12;9
17055;36650;10;9;71;1;1;2;1;1;315;11;8;2;2;15;4;1;9
17056;36652;10;19;71;1;1;1;1;1;315;9;8;2;5;15;9;1;9
17057;36653;10;10;71;1;1;2;1;1;9;29;7;2;1;15;3;4;9
17060;36658;10;18;71;1;1;1;1;1;9;18;9;2;2;15;4;1;9
17061;36660;10;10;72;1;1;2;1;1;3028;1;7;1;3;15;7;1;9
17062;36661;10;12;71;1;1;2;1;1;9;29;6;2;3;15;4;1;9
17063;36663;10;17;71;1;1;2;1;1;315;9;8;2;7;14;1;16;82
17064;36664;10;16;71;1;1;2;1;1;3024;9999;7;1;2;15;4;1;21
17065;36665;10;11;71;1;1;2;1;1;3034;9999;8;1;2;15;4;1;38
17066;36666;10;20;71;1;1;1;1;1;315;9;8;2;1;15;1;4;9
17067;36667;10;20;71;1;1;1;1;1;3024;9999;6;1;2;14;1;1;9
17068;36669;10;19;6;1;1;1;1;1;3313;9999;6;1;8;14;1;16;46
17071;36673;10;7;51;1;1;2;1;1;3313;9999;6;1;3;15;1;1;82
17072;36674;10;12;51;1;1;2;1;1;3307;9999;6;1;1;15;1;4;9
17073;36675;10;16;51;2;1;2;1;1;3307;9999;7;1;2;15;4;1;32
17074;36676;10;16;51;1;1;2;1;1;3307;9999;6;1;8;16;1;16;9
17075;36677;10;17;51;1;1;2;1;1;3307;9999;6;1;8;18;7;11;21
17076;36679;10;16;50;1;1;2;1;1;803;5;8;2;2;15;1;1;9
17077;36680;10;19;50;1;1;1;1;1;803;3;8;2;2;15;4;15;3
17078;36681;10;12;50;1;1;2;1;1;803;2;8;2;2;15;4;1;9
17079;36682;10;13;50;1;1;2;1;1;803;3;8;2;2;15;4;1;9
17080;36683;10;14;50;1;1;2;1;1;803;2;8;2;2;15;4;1;31
17081;36684;10;7;50;1;1;2;1;1;803;5;8;2;2;15;4;1;406
17082;36685;10;22;50;1;1;1;1;1;803;3;8;2;2;15;4;1;9
17083;36686;10;12;50;1;1;2;1;1;803;4;1;2;2;15;4;1;9
17084;36688;10;10;71;1;1;2;1;1;3010;13;8;1;8;14;1;16;3
17085;36689;10;20;71;1;1;1;1;1;3010;12;8;1;2;15;4;1;31
17086;36690;10;1;71;1;1;1;1;1;3019;9999;7;1;1;15;3;2;31
17087;36694;10;18;51;1;1;1;1;1;322;10;7;2;2;15;4;21;9
17088;36695;10;19;51;1;1;1;1;1;322;10;7;2;3;15;8;9;33
17089;36696;10;22;51;1;1;1;1;1;322;12;7;2;3;15;1;16;9
17090;36698;10;13;51;1;1;2;1;1;1;338;1;2;8;14;1;16;32
17092;36705;10;2;10;1;1;1;1;1;3400;2;5;1;8;13;1;2;31
17093;36706;10;20;10;1;1;1;1;1;318;13;7;1;7;15;3;10;46
17094;36707;10;20;10;1;1;1;1;1;316;43;5;1;5;15;4;1;33
17095;36708;10;2;10;1;1;1;1;1;320;58;7;1;8;13;9;10;9
17096;36709;10;17;10;1;1;2;1;1;3403;44;5;1;1;15;1;14;9
17097;36710;10;22;27;1;1;1;1;1;3403;9999;5;1;3;15;8;6;3
17098;36711;10;5;10;1;1;1;1;1;3443;8;5;1;8;14;2;16;31
17099;36712;10;12;10;1;1;2;1;1;1;450;6;2;8;13;9;11;31
17100;36714;10;17;10;1;1;2;1;1;1;484;7;1;8;14;2;16;31
17101;36715;10;20;10;1;1;1;1;1;303;67;7;1;2;15;4;1;9
17102;36717;10;1;10;1;1;1;1;1;1;446;6;2;8;14;2;16;82
17103;36720;10;10;58;1;1;2;1;1;9999;9999;5;1;2;15;4;1;31
17104;36721;10;11;58;1;1;2;1;1;3447;7;5;1;8;13;9;10;3
17105;36722;10;1;58;1;1;1;1;1;201;122;6;1;8;14;2;16;31
17106;36723;10;12;10;1;1;2;1;1;1;500;7;1;1;15;1;14;9
17107;36725;10;15;58;1;1;2;1;1;202;103;7;1;8;13;9;11;9
17108;36726;10;13;58;1;1;2;1;1;3451;9999;6;1;2;15;4;1;31
17109;36727;10;21;58;1;1;1;1;1;3426;2;5;1;2;15;4;1;82
17110;36728;10;15;58;1;1;2;1;1;1;540;7;1;1;15;1;4;9
17111;36729;10;23;58;1;1;1;1;1;7;13;8;1;8;3;9;11;31
17112;36730;10;13;58;1;1;2;1;1;202;122;7;1;3;15;8;14;9
17113;36731;10;20;10;1;1;1;1;1;3443;3;6;1;2;15;4;1;31
17114;36732;10;3;10;1;1;1;1;1;316;36;5;1;1;13;9;10;3
17115;36733;10;20;10;1;1;1;1;1;316;20;5;1;8;13;9;11;9
17116;36734;10;12;10;1;1;2;1;1;1;472;7;1;3;15;8;6;32
17117;36735;10;12;10;1;1;2;1;1;3403;9999;5;1;1;15;1;4;9
17118;36736;10;20;10;1;1;1;1;1;1;470;7;1;8;14;3;16;21
17119;36737;10;19;10;1;1;1;1;1;301;7;6;2;8;14;1;16;400
17120;36738;10;5;10;1;1;1;1;1;3423;9;6;1;2;15;4;1;9
17121;36739;10;6;10;1;1;1;1;1;3457;5;5;1;1;15;1;14;21
17122;36741;10;21;10;1;1;1;1;1;316;49;6;1;8;14;1;16;82
17123;36742;10;20;10;1;1;1;1;1;316;47;5;1;2;15;4;1;33
17124;36743;10;19;10;1;1;1;1;1;316;44;5;1;1;15;1;14;32
17126;36745;10;12;10;1;1;2;1;1;202;134;7;1;2;15;4;1;31
17127;36747;10;15;10;1;1;2;1;1;3406;9999;5;1;8;14;1;16;32
17128;36748;10;13;10;1;1;2;1;1;320;70;7;1;3;15;8;14;21
17129;36749;10;12;10;1;1;2;1;1;1;439;7;1;2;15;4;1;59
17130;36750;10;19;10;1;1;1;1;1;1;425;8;1;3;15;8;1;9
17131;36751;10;18;10;1;1;1;1;1;1;439;7;1;3;15;8;12;9
17132;36752;10;13;10;1;1;2;1;1;3404;2;5;1;3;15;8;14;21
17133;36753;10;9;10;1;1;2;2;1;320;60;7;1;3;15;8;1;341
17134;36754;10;19;10;1;1;1;1;1;3463;8;5;1;8;14;1;16;9
17135;36755;10;21;10;1;1;1;1;1;3406;9999;5;1;2;15;4;1;9
17136;36756;10;1;10;1;1;1;1;1;3404;1;5;1;2;15;4;1;31
17137;36758;10;20;10;1;1;1;1;1;1;432;7;1;8;14;1;16;40
17138;36760;10;14;10;1;1;2;1;1;320;59;7;1;3;15;8;12;9
17139;36761;10;11;10;1;1;2;1;1;320;9999;7;1;3;15;8;12;21
17140;36762;10;19;10;1;1;1;1;1;1;424;7;1;3;15;8;6;46
17141;36763;10;19;10;1;1;1;1;1;1;427;7;1;3;15;7;6;32
17142;36764;10;20;10;1;1;1;1;1;1;424;7;1;2;15;6;12;3
17143;36765;10;18;10;1;1;1;1;1;3404;9999;5;1;8;14;1;16;9
17145;36767;10;7;10;1;1;2;1;1;3463;9999;5;1;3;15;8;14;32
17146;36768;10;3;10;1;1;1;1;1;3423;5;8;1;8;13;9;11;430
17147;36772;10;18;10;1;1;1;1;1;316;5;6;1;3;15;7;12;9
17148;36773;10;13;10;1;1;2;1;1;3410;2;5;1;8;13;9;11;9
17149;36774;10;22;10;1;1;1;1;1;301;4;6;2;3;15;8;6;9
17150;36776;10;9;10;1;1;2;1;1;301;8;6;2;2;15;4;1;31
17151;36777;10;11;10;1;1;2;1;1;301;6;6;1;3;15;8;1;9
17152;36778;10;17;10;1;1;2;1;1;301;4;6;2;2;15;4;1;31
17153;36781;10;15;10;1;1;2;1;1;301;5;6;2;3;15;8;1;21
17154;36782;10;20;10;1;1;1;1;1;3410;2;5;1;8;14;2;16;9
17155;36783;10;20;10;1;1;1;1;1;301;6;6;2;2;15;4;1;38
17156;36785;10;13;10;1;1;2;1;1;301;4;6;2;1;15;1;4;21
17157;36787;10;13;10;1;1;2;1;1;301;25;7;1;4;15;4;1;341
17158;36788;10;18;10;1;1;1;1;1;301;12;6;2;3;15;8;1;21
17159;36789;10;18;10;1;1;1;1;1;301;38;7;1;8;13;9;11;31
17161;36791;10;22;10;1;1;1;1;1;301;60;7;1;8;14;2;16;9
17162;36793;10;15;10;1;1;2;1;1;3416;9999;5;1;3;15;8;12;9
17163;36794;10;17;10;1;1;2;1;1;301;45;7;1;8;13;9;11;21
17164;36795;10;21;10;1;1;1;1;1;3407;9999;5;1;8;16;2;16;33
17165;36796;10;20;10;1;1;1;1;1;3403;56;5;1;2;15;6;1;3
17166;36797;10;12;10;1;1;2;1;1;3427;9;7;1;8;14;2;16;9
17167;36798;10;7;10;1;1;2;1;1;1;448;6;2;8;13;9;11;21
17168;36799;10;13;10;1;1;2;1;1;3407;9999;5;1;8;14;2;16;430
17169;36800;10;20;10;1;1;1;1;1;1;449;6;2;8;14;1;16;21
17170;36801;10;14;10;1;1;2;1;1;1;446;6;2;8;14;2;16;9
17171;36802;10;15;10;1;1;2;1;1;1;451;6;2;8;13;9;11;9
17172;36803;10;10;58;1;1;2;1;1;3434;8;6;1;3;15;8;6;9
17173;36804;10;21;10;1;1;1;1;1;1;448;6;2;3;15;8;1;21
17174;36805;10;11;10;1;1;2;1;1;1;451;6;2;8;14;3;16;9
17175;36806;10;6;10;1;1;1;1;1;1;9999;6;2;8;13;9;11;21
17176;36807;10;12;10;1;1;2;1;1;3427;12;7;1;3;1;9;10;31
17177;36808;10;23;58;1;1;1;1;1;1;541;6;2;2;15;4;1;3
17178;36810;10;14;10;1;1;2;1;1;3449;2;5;1;3;15;8;14;9
17179;36811;10;13;10;1;1;2;1;1;3449;3;5;1;8;13;9;11;9
17180;36815;10;18;10;1;1;1;1;1;301;3;6;2;8;14;1;16;9
17181;36816;10;7;10;1;1;2;1;1;301;7;6;2;2;15;4;1;9
17182;36821;10;16;10;1;1;2;1;1;3410;9999;5;1;2;15;4;1;9
17183;36822;10;18;10;1;1;1;1;1;3423;5;8;1;3;15;1;2;21
17184;36825;10;22;10;1;1;1;1;1;301;4;6;2;8;13;9;11;40
17185;36826;10;12;10;1;1;2;1;1;301;7;6;2;8;7;9;11;9
17186;36827;10;10;10;1;1;2;1;1;801;134;7;2;3;1;8;1;9
17187;36828;10;16;10;1;1;2;1;1;801;220;7;2;2;15;4;1;21
17188;36829;10;11;10;1;1;2;1;1;801;204;7;2;8;13;9;11;46
17189;36830;10;9;10;1;1;2;1;1;1;477;7;1;5;15;1;14;32
17190;36832;10;23;10;1;1;1;1;1;1;470;7;1;8;14;2;16;9
17191;36833;10;13;10;1;1;2;1;1;3403;9999;4;1;8;14;1;16;31
17192;36834;10;15;10;1;1;2;1;1;1;460;7;1;3;15;8;1;32
17193;36835;10;12;10;1;1;2;1;1;1;480;7;1;3;15;8;12;430
17194;36836;10;12;10;1;1;2;1;1;1;465;7;1;8;14;2;16;32
17195;36837;10;20;10;1;1;1;1;1;1;464;7;1;8;16;1;16;21
17196;36838;10;18;10;1;1;1;1;1;1;461;7;1;8;14;2;16;3
17197;36839;10;19;10;1;1;1;1;1;3459;9999;5;1;8;13;9;11;9
17198;36840;10;21;10;1;1;1;1;1;3475;9999;5;1;8;13;9;11;9
17199;36841;10;16;10;1;1;2;1;1;303;0;6;2;2;15;4;1;9
17200;36842;10;19;10;1;2;1;1;1;320;41;7;1;3;15;8;1;9
17201;36844;10;12;10;1;1;2;1;1;1;504;7;1;2;15;6;1;9
17202;36845;10;12;10;1;1;2;1;1;7;1;8;1;2;15;4;1;31
17203;36846;10;17;10;1;1;2;1;1;7;0;8;1;3;15;8;1;31
17204;36847;10;10;10;1;1;2;1;1;7;1;8;1;3;15;8;14;32
17205;36848;10;11;10;1;1;2;1;1;1;503;7;1;3;15;8;12;21
17206;36849;10;19;10;1;1;1;1;1;3416;1;5;1;3;15;7;12;9
17207;36850;10;11;10;1;1;2;1;1;3416;9999;5;1;8;14;2;16;38
17208;36851;10;18;10;1;1;1;1;1;3422;9999;5;1;8;13;9;10;36
17209;36852;10;16;10;1;1;2;1;1;1;488;7;1;2;15;4;1;21
17210;36854;10;11;10;1;1;2;1;1;316;22;5;1;8;13;9;10;341
17211;36855;10;10;10;1;1;2;1;1;3414;9999;5;1;3;15;8;1;21
17212;36856;10;13;10;1;1;2;1;1;316;28;5;1;8;13;9;11;31
17213;36858;10;12;10;1;1;2;1;1;316;41;6;1;8;14;1;16;9
17215;36860;10;9;10;1;2;2;2;1;316;33;5;1;8;13;9;10;9
17217;36862;10;0;10;1;1;1;1;1;316;40;5;1;1;15;1;6;33
17218;36863;10;18;58;1;1;1;1;1;1;511;7;1;3;15;8;1;3
17219;36864;10;21;58;1;1;1;1;1;1;537;7;1;8;14;1;16;9
17220;36865;10;12;58;1;1;2;1;1;3459;9999;5;1;1;15;1;14;21
17221;36867;10;10;58;1;1;2;1;1;202;124;7;1;8;14;8;16;21
17223;36869;10;21;58;1;1;1;1;1;202;120;7;1;8;13;9;11;9
17224;36871;10;18;58;1;1;1;1;1;3459;9999;5;1;2;15;6;1;21
17225;36872;10;9;58;1;1;2;1;1;202;126;7;1;8;13;9;10;9
17226;36874;10;20;58;1;1;1;1;1;202;128;7;1;8;16;1;16;31
17227;36876;10;21;58;1;1;1;1;1;801;266;7;2;8;13;9;11;5
17228;36877;10;20;58;1;1;1;1;1;7;23;8;1;2;15;4;1;9
17229;36878;10;16;58;1;1;2;1;1;7;5;8;1;2;15;6;1;9
17230;36879;10;10;58;1;1;2;1;1;202;103;7;1;2;15;4;1;9
17231;36880;10;21;58;1;1;1;1;1;7;4;8;1;8;13;9;11;9
17232;36881;10;10;58;1;1;2;1;1;7;32;8;1;2;15;6;1;3
17233;36882;10;13;58;1;1;2;1;1;7;16;8;1;8;13;9;11;9
17234;36883;10;12;58;1;1;2;1;1;7;4;8;1;3;15;7;12;9
17235;36884;10;21;58;1;1;1;1;1;7;24;8;1;8;13;8;11;33
17236;36885;10;20;10;3;1;1;1;1;318;11;7;1;8;14;2;16;82
17237;36886;10;15;10;1;1;2;1;1;1;447;7;1;2;15;4;1;38
17238;36887;10;23;10;1;1;1;1;1;1;435;7;1;1;15;1;14;9