;NUM_ACC;MOIS_ACC;HEU_ACC;COD_PRV;COD_ETA_CHA;COD_ETA_SUR;COD_LUM;COD_INT;TYP_LIE_ACC;NUM_ROU;PKM;LAR_CHA;COD_TYP_CHA;COD_TYP_COL;COD_OBS_HRT;COD_POI_CHO;COD_MAN;CIR_ACC
17621;37405;10;12;19;1;1;2;1;1;7308;9999;6;1;8;14;1;1;400
17622;37406;10;14;19;1;1;2;1;1;7308;9999;6;1;3;15;6;1;9
17623;37407;10;12;19;1;1;2;1;1;712;44;6;1;8;3;1;1;406
17624;37409;10;16;19;1;1;2;1;1;7300;9999;13;1;8;14;1;16;9
17626;37411;10;14;19;1;1;2;1;1;8;562;6;1;8;14;1;16;50
17629;37415;10;20;20;1;1;1;1;1;9999;92;7;1;3;15;6;4;50
17630;37416;10;10;20;1;1;2;1;1;9999;104;7;1;3;15;3;12;9
17632;37419;10;10;20;1;1;2;1;1;311;23;5;1;8;18;9;1;9
17633;37420;10;12;20;1;1;2;1;1;3511;9999;6;1;3;15;4;1;31
17634;37421;10;6;20;1;1;1;1;1;9999;148;7;1;7;15;9;16;9
17635;37422;10;21;20;1;1;1;1;1;403;9999;4;1;3;15;3;4;9
17636;37425;10;9;20;1;1;2;1;1;804;99;7;2;7;2;9;11;46
17637;37426;10;19;20;1;1;1;1;1;9999;105;7;1;3;15;8;17;21
17638;37427;10;20;20;1;1;1;1;1;9999;107;6;1;2;15;4;1;9
17643;37436;10;11;20;1;1;2;1;1;9999;87;7;1;3;15;3;5;9
17645;37438;10;17;20;1;1;2;1;1;3514;9999;6;1;2;15;4;1;59
17646;37440;10;6;20;1;1;1;1;1;312;17;6;1;3;15;6;21;88
17647;37441;10;9;20;1;1;2;1;1;804;107;8;1;3;15;4;1;36
17648;37442;10;13;20;1;1;2;1;1;3506;9999;6;1;2;15;4;1;48
17649;37443;10;12;20;1;1;2;1;1;9999;9999;5;1;3;15;6;4;31
17650;37444;10;16;20;1;1;2;1;1;9999;9999;6;1;3;15;8;4;31
17651;37445;10;16;20;1;1;2;1;1;3525;9999;6;1;2;15;4;1;9
17653;37447;10;13;20;1;1;2;1;1;9999;185;6;1;8;18;9;18;38
17654;37448;10;18;20;1;1;1;1;1;710;81;5;1;3;15;8;1;31
17655;37449;10;18;62;1;1;1;1;1;1;1452;7;1;8;18;1;1;32
17656;37450;10;18;8;1;1;1;1;1;1;1868;6;1;3;15;7;4;55
17658;37453;10;18;29;1;1;1;1;1;14;289;6;1;8;18;9;1;9
17659;37455;10;8;29;1;1;2;1;1;14;231;6;1;8;18;1;1;48
17660;37456;10;21;21;1;1;1;1;1;1;1531;6;1;8;18;1;1;36
17661;37457;10;3;21;1;1;1;1;1;1;1527;6;1;8;18;1;1;439
17662;37459;10;9;62;1;1;2;1;1;1;1416;7;1;8;13;9;1;9
17663;37461;10;4;62;1;1;1;1;1;1;1338;7;1;8;18;2;1;9
17664;37462;10;19;57;1;1;1;1;1;803;191;7;2;4;15;1;1;9
17665;37463;10;23;48;1;1;1;1;1;803;254;12;2;7;15;6;14;3
17666;37464;10;10;11;1;1;2;1;1;2125;2;7;1;1;15;1;4;36
17667;37465;10;11;48;1;1;2;1;1;803;257;12;2;1;15;1;2;9
17668;37466;10;14;43;1;1;2;1;1;9999;169;7;1;1;15;1;2;31
17669;37467;10;8;43;1;1;2;1;1;2022;77;7;1;8;10;1;11;42
17670;37468;10;7;43;1;1;2;1;1;2017;31;8;1;4;15;4;1;9
17671;37469;10;14;22;1;1;2;1;1;8;260;9;1;2;15;4;1;9
17672;37470;10;13;22;1;1;2;1;1;7;134;16;1;2;15;6;6;31
17673;37471;10;15;11;1;1;2;1;1;2137;29;7;1;3;15;7;6;42
17674;37472;10;21;11;1;1;1;1;1;2125;15;7;1;2;15;4;1;9
17675;37473;10;7;22;1;1;2;1;1;212;5;7;1;2;15;4;1;31
17676;37475;10;20;22;1;1;1;1;1;9;265;9;1;7;14;1;16;3
17677;37476;10;20;22;1;1;1;1;1;9;265;9;1;1;15;1;2;9
17680;37479;10;16;11;1;1;2;1;1;8;327;7;1;1;15;1;4;9
17681;37480;10;1;57;1;1;1;1;1;8;290;7;1;8;14;1;16;31
17682;37481;10;13;48;1;1;2;1;1;2038;9999;5;1;1;15;1;4;31
17683;37483;10;19;11;1;1;1;1;1;206;82;7;1;1;15;1;4;9
17684;37484;10;20;11;1;1;1;1;1;8;339;7;1;2;15;4;1;32
17685;37485;10;9;43;1;1;2;1;1;2012;15;7;1;2;15;9;1;9
17686;37486;10;1;48;1;1;1;1;1;8;177;8;1;8;18;9;11;46
17687;37488;10;22;48;1;1;1;1;1;2026;9999;5;1;8;13;1;5;36
17688;37490;10;20;48;1;1;1;1;1;8;173;8;1;2;15;1;1;3
17689;37491;10;22;48;1;1;1;1;1;207;71;12;2;2;15;1;1;5
17690;37492;10;20;48;1;1;1;1;1;207;77;12;2;2;15;1;1;3
17691;37493;10;7;48;1;1;2;1;1;803;327;12;2;2;15;1;1;9
17692;37495;10;18;43;1;1;1;1;1;2012;24;7;1;8;13;2;10;9
17693;37497;10;12;43;1;1;2;1;1;2017;34;8;1;3;15;7;2;31
17694;37498;10;10;43;1;1;2;1;1;2010;39;7;1;2;15;4;1;9
17695;37500;10;19;43;1;1;1;1;1;2017;37;8;1;3;15;2;2;31
17696;37501;10;18;11;1;1;1;1;1;8;327;7;1;8;18;7;11;9
17697;37502;10;21;11;1;1;1;1;1;2125;4;7;1;2;15;4;1;9
17698;37503;10;18;11;1;1;1;1;1;8;303;7;1;2;15;4;1;31
17699;37506;10;12;43;1;1;2;1;1;2009;14;5;1;1;15;3;12;9
17700;37507;10;23;43;1;1;1;1;1;9;283;9;1;8;13;3;10;82
17701;37508;10;17;43;1;1;2;1;1;9;267;9;1;3;15;3;1;341
17702;37509;10;10;43;1;1;2;1;1;9;271;9;1;3;15;6;2;9
17703;37510;10;0;11;1;1;1;1;1;9;171;7;1;8;14;1;16;9
17704;37511;10;2;22;1;1;1;1;1;8;261;9;2;8;13;7;11;9
17705;37512;10;13;22;1;1;2;1;1;8;238;10;1;2;15;1;1;88
17706;37513;10;18;22;1;1;1;1;1;8;238;10;1;2;15;1;1;9
17707;37514;10;20;22;1;1;1;1;1;2000;9999;6;1;1;15;1;4;36
17709;37516;10;16;22;1;1;2;1;1;7;131;16;1;7;15;6;6;55
17710;37517;10;13;22;1;1;2;1;1;7;131;16;1;7;15;7;6;55
17711;37520;10;12;11;1;1;2;1;1;2125;17;7;1;3;15;7;6;31
17712;37522;10;15;11;1;1;2;1;1;208;32;7;1;3;15;7;12;32
17713;37523;10;14;22;1;1;2;1;1;8;225;7;1;8;14;1;16;9
17714;37524;10;13;22;1;1;2;1;1;2017;7;16;1;2;15;4;1;46
17715;37525;10;0;22;1;1;1;1;1;2017;10;16;1;7;15;8;7;9
17716;37526;10;9;22;1;1;2;1;1;203;5;8;1;2;15;4;1;36
17717;37527;10;19;22;1;1;1;1;1;2009;5;9;1;7;15;8;6;3
17718;37528;10;16;22;1;1;2;1;1;2017;10;16;1;8;13;7;11;3
17719;37531;10;16;43;1;1;2;1;1;2009;7;9;1;8;13;7;11;9
17720;37536;10;13;48;1;1;2;1;1;8;208;8;1;8;14;1;16;9
17721;37538;10;18;22;1;1;1;1;1;2017;10;16;1;8;13;7;11;31
17722;37539;10;18;22;1;1;1;1;1;2017;4;16;1;2;15;4;1;9
17723;37541;10;3;22;1;1;1;1;1;2009;6;9;1;3;15;3;7;31
17724;37542;10;12;22;1;1;2;1;1;2017;11;16;1;2;15;4;1;31
17725;37544;10;10;22;1;1;2;1;1;2017;9;16;1;8;14;1;16;9
17726;37545;10;21;22;1;1;1;1;1;2017;13;16;1;7;15;7;8;82
17727;37546;10;19;22;1;1;1;1;1;2017;6;16;1;7;15;8;8;341
17728;37547;10;7;22;1;1;2;1;1;2017;4;16;1;8;14;1;16;9
17729;37550;10;3;22;1;1;1;1;1;2009;6;9;1;8;13;7;4;88
17730;37555;10;12;22;1;1;2;1;1;2017;6;16;1;2;15;4;1;55
17731;37556;10;16;22;1;1;2;1;1;2017;12;16;1;2;15;4;1;38
17732;37557;10;1;22;1;1;1;1;1;2017;11;16;1;7;15;8;6;9
17733;37561;10;14;22;1;1;2;1;1;8;222;7;1;3;15;8;9;46
17734;37563;10;20;22;1;1;1;1;1;8;221;7;1;8;14;1;16;9
17735;37564;10;17;22;1;1;2;1;1;8;219;7;1;2;15;1;1;9
17736;37565;10;12;22;1;1;2;1;1;8;226;7;1;8;14;1;16;36
17737;37566;10;12;22;1;1;2;1;1;8;225;7;1;8;14;1;16;36
17738;37567;10;17;22;1;1;2;1;1;2007;9999;6;1;2;15;1;1;31
17739;37568;10;16;22;1;1;2;1;1;8;225;7;1;2;15;1;21;38
17740;37570;10;18;11;1;1;1;1;1;2115;5;7;1;3;15;7;1;9
17741;37573;10;12;11;1;1;2;1;1;2127;9;7;1;7;7;1;1;21
17742;37574;10;12;11;1;1;2;1;1;208;27;7;1;2;15;4;1;9
17744;37576;10;18;11;1;1;1;1;1;2137;24;7;1;3;15;7;6;31
17747;37584;10;10;11;1;1;2;1;1;206;91;7;1;8;18;7;11;31
17748;37585;10;18;11;1;1;1;1;1;206;79;7;1;7;15;7;4;5
17749;37586;10;13;11;1;1;2;1;1;208;22;7;1;3;15;8;6;9
17750;37587;10;16;11;1;1;2;1;1;2125;15;7;1;8;18;7;11;3
17751;37588;10;12;11;1;1;2;1;1;2125;19;7;1;2;15;4;1;3
17752;37590;10;12;11;1;1;2;1;1;208;17;7;1;1;15;1;4;48
17754;37592;10;12;11;1;1;2;1;1;2125;7;7;1;3;15;7;4;9
17755;37593;10;20;11;1;1;1;1;1;2125;19;7;1;3;15;7;4;48
17756;37595;10;8;11;1;1;2;1;1;210;41;7;1;2;15;4;1;31
17757;37597;10;22;11;1;1;1;1;1;210;42;7;1;1;15;1;4;71
17758;37599;10;20;11;1;1;1;1;1;2117;20;7;1;1;15;1;4;31
17759;37600;10;12;11;1;1;2;1;1;210;39;7;1;8;18;8;10;9
17760;37601;10;12;11;1;1;2;1;1;210;39;7;1;8;18;8;10;31
17761;37602;10;21;22;1;1;1;1;1;7;137;16;1;2;15;4;1;9
17762;37603;10;11;22;1;1;2;1;1;7;135;16;1;7;15;8;16;9
17763;37604;10;0;22;1;1;1;1;1;7;131;16;1;2;15;4;1;38
17765;37606;10;20;22;1;1;1;1;1;7;135;16;1;8;15;1;8;9
17766;37609;10;11;22;1;1;2;1;1;7;129;16;1;2;1;4;20;9
17767;37610;10;12;22;1;1;2;1;1;7;136;16;1;7;15;7;6;21
17768;37612;10;22;22;1;1;1;1;1;7;129;16;1;8;18;8;10;55
17769;37614;10;12;22;1;1;2;1;1;7;132;16;1;7;15;3;6;46
17770;37617;10;23;22;1;1;1;1;1;7;135;16;1;8;13;7;11;9
17771;37618;10;21;22;1;1;1;1;1;7;134;16;1;7;15;7;15;9
17775;37626;10;20;22;1;1;1;1;1;7;127;16;1;7;15;8;16;31
17776;37628;10;0;22;1;1;1;1;1;7;135;16;1;8;14;1;16;9
17777;37630;10;17;22;2;1;2;1;1;9999;9999;6;1;7;15;7;6;9
17778;37631;10;12;22;2;1;2;1;1;9999;9999;7;1;8;14;1;16;3
17779;37632;10;12;22;2;1;2;1;1;9999;9999;7;1;8;13;1;11;21
17780;37633;10;12;22;1;1;2;1;1;9;231;6;2;8;16;1;16;9
17781;37634;10;3;22;1;1;1;1;1;9;237;8;2;1;15;3;4;55
17782;37635;10;19;22;2;1;1;1;1;2008;9999;7;1;8;14;1;16;9
17783;37637;10;9;22;2;1;2;1;1;2008;9999;7;1;7;15;7;1;31
17784;37638;10;21;22;1;1;1;1;1;9;236;8;2;7;15;7;1;21
17785;37639;10;21;22;1;1;1;1;1;2008;9999;9;1;8;13;7;11;3
17786;37640;10;21;22;1;1;1;1;1;9;236;8;2;7;15;3;6;9
17787;37641;10;21;22;1;1;1;1;1;9;236;8;2;7;15;8;6;9
17790;37647;10;12;22;1;1;2;1;1;8;233;10;1;3;15;8;8;21
17791;37648;10;23;22;1;1;1;1;1;212;4;7;1;2;15;1;1;9
17793;37652;10;10;22;1;1;2;1;1;8;241;10;1;2;15;1;1;3
17794;37655;10;10;22;1;1;2;1;1;212;5;7;1;2;15;1;1;9
17795;37667;10;12;22;1;1;2;1;1;8;238;10;1;8;14;1;16;55
17796;37668;10;19;22;1;1;1;1;1;8;233;10;1;2;14;1;18;48
17798;37670;10;17;22;1;1;2;1;1;212;5;6;1;2;15;1;1;31
17799;37673;10;21;22;1;1;1;1;1;8;236;10;1;7;15;7;15;42
17800;37675;10;1;22;1;1;1;1;1;7;105;8;1;2;15;4;1;42
17801;37676;10;13;22;1;1;2;1;1;2000;9999;6;1;7;14;1;20;55
17802;37677;10;20;22;1;1;1;1;1;9;236;8;1;2;15;4;18;31
17803;37678;10;17;22;1;1;2;1;1;8;267;9;1;8;14;1;16;9
17804;37679;10;10;22;1;1;2;1;1;8;262;9;2;2;15;4;1;55
17805;37680;10;20;22;1;1;1;1;1;8;265;9;1;7;15;8;14;42
17806;37681;10;13;22;1;1;2;1;1;8;262;9;2;7;1;8;20;5
17807;37683;10;15;22;1;1;2;1;1;8;266;9;1;7;15;8;8;9
17808;37684;10;13;22;1;1;2;1;1;8;261;9;2;7;15;7;1;21
17809;37685;10;12;22;1;1;2;1;1;8;272;9;1;2;15;4;1;9
17810;37686;10;18;22;1;1;1;1;1;8;266;9;1;7;15;3;8;9
17811;37687;10;22;22;1;1;1;1;1;8;260;9;2;7;15;7;4;31
17812;37688;10;8;22;1;1;2;1;1;8;261;9;2;8;13;7;11;38
17813;37691;10;12;57;2;1;2;1;1;2103;24;6;1;8;18;1;11;9
17814;37692;10;9;22;1;1;2;1;1;9;256;8;1;3;15;3;2;406
17815;37693;10;18;22;1;1;1;1;1;9;260;8;1;3;15;2;1;21
17816;37694;10;18;22;1;1;1;1;1;9;261;8;1;3;15;3;1;21
17817;37695;10;17;22;1;1;2;1;1;9;261;8;1;2;15;4;1;9
17818;37696;10;12;43;1;1;2;1;1;9;269;9;1;2;15;4;1;55
17819;37697;10;9;43;1;1;2;1;1;9;274;9;1;2;15;4;1;9
17820;37698;10;20;43;1;1;1;1;1;9;271;9;1;7;14;1;16;5
17821;37699;10;13;43;1;1;2;1;1;2009;18;5;1;1;15;1;2;21
17822;37700;10;1;22;1;1;1;1;1;2009;5;5;1;8;13;2;11;21
17823;37701;10;12;43;1;1;2;1;1;2009;14;5;1;8;13;2;18;31
17824;37704;10;17;11;1;1;2;1;1;2137;20;7;1;2;15;4;1;5
17826;37706;10;11;11;1;1;2;1;1;8;305;7;1;2;15;4;1;9
17827;37707;10;20;11;1;1;1;1;1;8;318;7;1;8;18;7;11;32
17828;37708;10;16;11;1;1;2;1;1;2117;1;7;1;2;15;4;1;9
17831;37713;10;13;11;1;1;2;1;1;8;328;7;1;2;15;4;1;31
17832;37714;10;18;11;1;1;1;1;1;8;344;7;1;2;15;4;1;21
17833;37717;10;8;57;1;1;2;1;1;2101;34;6;1;8;13;1;1;9
17834;37720;10;21;57;1;1;1;1;1;803;139;7;2;2;15;1;1;9
17835;37721;10;11;57;1;1;2;1;1;803;128;7;2;2;15;1;1;21
17836;37722;10;20;57;1;1;1;1;1;803;148;7;2;8;16;1;16;9
17837;37723;10;2;57;1;1;1;1;1;803;185;7;2;8;18;1;11;9
17838;37724;10;16;57;1;1;2;1;1;803;181;7;2;8;18;1;10;21
17839;37725;10;15;57;1;1;2;1;1;8301;3;7;2;2;15;1;1;9
17841;37729;10;15;57;1;1;2;1;1;8;290;7;1;8;14;1;16;59
17842;37730;10;10;57;1;1;2;1;1;8;282;7;1;8;14;1;1;21
17843;37731;10;18;57;1;1;1;1;1;8;281;7;1;8;18;1;11;21
17844;37732;10;8;57;1;1;2;1;1;8;290;7;1;8;14;1;16;9
17845;37733;10;20;57;1;1;1;1;1;8;279;7;1;3;15;1;4;21
17846;37736;10;9;11;1;1;2;1;1;9;227;7;1;3;15;1;1;31
17847;37737;10;21;43;1;1;1;1;1;2010;41;7;1;4;15;1;1;9
17848;37738;10;20;43;1;1;1;1;1;2017;32;8;1;2;15;3;12;21
17849;37739;10;19;43;1;1;1;1;1;2017;39;7;1;7;14;1;16;21
17850;37741;10;19;43;1;1;1;1;1;2017;37;8;1;3;15;5;8;82
17851;37742;10;20;43;1;1;1;1;1;2010;39;7;1;7;14;1;16;3
17852;37743;10;12;43;1;1;2;1;1;2017;34;8;1;3;15;3;1;21
17853;37744;10;16;43;1;1;2;1;1;2010;37;7;1;3;15;3;2;21
17854;37746;10;13;43;1;1;2;1;1;2010;33;7;1;1;15;2;2;9
17855;37747;10;14;43;1;1;2;1;1;2017;38;8;1;8;13;2;11;400
17856;37748;10;20;43;1;1;1;1;1;2010;28;7;1;2;15;4;1;31
17857;37749;10;12;43;1;1;2;1;1;2010;26;7;1;3;15;2;2;9
17858;37750;10;13;43;1;1;2;1;1;2017;32;8;1;7;14;1;16;21
17859;37751;10;19;43;1;1;1;1;1;2017;36;8;1;3;15;3;1;31
17860;37752;10;15;43;1;1;2;1;1;2017;22;8;1;3;15;2;2;9
17861;37753;10;14;43;1;1;2;1;1;2017;33;8;1;1;15;1;2;9
17862;37754;10;12;43;1;1;2;1;1;2017;20;8;1;3;15;5;2;3
17863;37755;10;12;43;1;1;2;1;1;2009;26;8;1;2;14;1;2;32
17865;37757;10;9;43;1;1;2;1;1;2010;25;7;1;8;13;1;10;400
17866;37759;10;12;43;1;1;2;1;1;2010;26;7;1;8;13;2;11;9
17867;37760;10;19;43;1;1;1;1;1;2010;16;7;1;7;14;1;16;21
17868;37761;10;18;43;1;1;1;1;1;2016;9999;7;1;3;15;4;1;9
17869;37762;10;10;43;1;1;2;1;1;2010;23;7;1;2;15;4;1;33
17870;37763;10;14;43;1;1;2;1;1;210;17;6;1;7;14;1;16;439
17871;37768;10;1;43;1;1;1;1;1;2010;10;7;1;8;13;2;11;9
17872;37773;10;20;43;1;1;1;1;1;2010;5;7;1;7;14;1;16;21
17873;37774;10;14;43;1;1;2;1;1;2010;8;7;1;3;15;4;1;9
17874;37777;10;16;43;1;1;2;1;1;9;296;7;1;1;15;1;2;9
17875;37778;10;7;43;1;1;2;1;1;9;305;7;1;8;13;2;18;341
17876;37780;10;12;43;1;1;2;1;1;9999;165;7;1;2;15;4;1;21
17877;37781;10;12;43;1;1;2;1;1;9999;165;7;1;2;15;4;1;9
17878;37782;10;20;43;1;1;1;1;1;9999;178;7;1;1;15;1;18;9
17879;37785;10;18;43;1;1;1;1;1;9999;183;7;1;8;13;2;11;9
17880;37786;10;0;43;1;1;1;1;1;9999;252;8;1;8;10;1;11;86
17881;37787;10;12;43;1;1;2;1;1;9999;202;8;1;8;13;2;11;9
17882;37788;10;18;43;1;1;1;1;1;2024;9999;6;1;1;15;3;12;9
17883;37789;10;17;48;1;1;2;1;1;803;331;12;1;8;2;7;11;42
17884;37790;10;15;48;1;1;2;1;1;8;116;8;1;8;18;9;11;3
17885;37791;10;1;48;1;1;1;1;1;207;68;12;2;8;14;1;17;31
17886;37792;10;19;48;1;1;1;1;1;207;70;12;2;2;15;6;1;9
17887;37793;10;19;48;1;1;1;1;1;207;70;12;2;8;18;1;16;21
17888;37794;10;20;43;1;1;1;1;1;9;302;7;1;2;15;1;1;5
17889;37795;10;20;48;1;1;1;1;1;2026;9999;3;1;8;14;1;16;9
17890;37796;10;13;48;1;1;2;1;1;2040;9999;3;1;8;18;9;11;38
17891;37798;10;18;48;1;1;1;1;1;8;199;8;1;8;18;9;10;9
17892;37799;10;10;48;1;1;2;1;1;8;208;8;1;3;15;2;1;9
17893;37800;10;9;48;1;1;2;1;1;8;204;8;1;8;18;9;11;9
17894;37803;10;13;48;1;1;2;1;1;212;89;6;1;1;15;1;4;38
17895;37805;10;19;48;1;1;1;1;1;212;58;6;1;8;14;1;16;21
17896;37807;10;16;48;1;1;2;1;1;212;57;6;1;3;15;1;4;21
17897;37808;10;13;39;1;1;2;1;1;8;636;7;1;1;15;1;11;9
17898;37809;10;21;23;1;1;1;1;1;7017;0;8;1;8;14;1;16;38
17902;37813;10;15;23;1;1;2;1;1;6;174;8;1;2;15;4;1;38
17903;37814;10;4;23;1;1;1;1;1;13;207;8;1;1;15;1;4;88
17904;37815;10;12;23;1;1;2;1;1;413;93;8;1;1;15;8;6;46
17907;37818;10;23;23;1;1;1;1;1;7062;6;7;1;7;16;1;16;9
17908;37819;10;16;23;1;1;2;1;1;6;173;8;1;3;15;8;1;3
17909;37820;10;11;23;1;1;2;1;1;7071;9999;8;1;8;18;9;10;21
17910;37821;10;20;23;1;1;1;1;1;7024;9999;7;1;8;14;4;1;38
17911;37822;10;20;23;1;1;1;1;1;802;157;9;2;2;15;4;1;38
17912;37823;10;5;23;1;1;1;1;1;802;138;9;2;8;18;9;10;32
17913;37824;10;5;23;1;1;1;1;1;802;137;9;2;2;15;4;20;3
17914;37825;10;22;23;1;1;1;1;1;802;159;9;2;2;15;4;1;21
17915;37827;10;15;23;1;1;2;1;1;13;208;8;1;8;18;9;11;21
17916;37828;10;21;23;2;1;1;1;1;7008;5;7;1;1;15;8;4;21
17917;37829;10;19;23;2;1;1;1;1;7008;1;7;1;1;15;1;4;88
17918;37830;10;20;23;1;1;1;1;1;7069;9999;7;1;8;14;1;1;21
17919;37831;10;21;23;1;1;1;1;1;7024;9999;7;1;3;15;3;6;9
17920;37832;10;19;23;1;1;1;1;1;6;172;8;1;2;15;4;21;21
17921;37833;10;7;23;1;1;2;1;1;802;107;9;2;8;18;9;10;21
17922;37834;10;12;23;1;1;2;1;1;802;109;9;2;8;18;9;10;9
17923;37835;10;18;23;1;1;1;1;1;802;103;8;2;2;15;4;1;9
17924;37836;10;13;23;1;1;2;1;1;802;101;9;2;8;18;7;11;9
17925;37837;10;19;23;1;1;1;1;1;13;234;8;2;2;15;4;1;9
17926;37843;10;16;23;1;1;2;1;1;7058;2;8;1;7;10;9;10;3
17927;37844;10;13;23;1;1;2;1;1;7062;0;8;1;3;15;8;6;31
17928;37846;10;21;23;1;1;1;1;1;7052;9999;7;1;1;15;8;4;9
17929;37847;10;7;23;1;1;2;1;1;6;112;8;1;8;18;9;11;38
17930;37849;10;9;23;1;1;2;1;1;413;76;8;1;8;18;9;10;21
17931;37850;10;13;23;1;1;2;1;1;705;30;8;1;8;18;9;11;21
17932;37851;10;20;23;1;1;1;1;1;413;87;8;1;8;14;1;16;31
17933;37852;10;9;23;1;1;2;1;1;705;13;8;1;8;18;9;11;3
17934;37853;10;12;23;1;1;2;1;1;7048;1;8;1;8;18;9;10;3
17939;37860;10;10;23;1;1;2;1;1;6;143;8;1;3;15;8;6;38
17940;37861;10;17;23;1;1;2;1;1;6;152;8;1;1;15;8;4;9
17941;37862;10;1;23;1;1;1;1;1;6;152;8;1;8;14;1;1;9
17942;37863;10;23;23;1;1;1;1;1;7017;0;8;1;3;15;8;6;9
17958;37882;10;17;39;1;1;2;1;1;7208;9999;6;1;8;14;4;3;31
17960;37884;10;17;39;1;1;2;1;1;7223;3;6;1;2;15;6;1;9
17961;37885;10;20;39;1;1;1;1;1;7209;5;6;1;7;15;8;18;9
17962;37886;10;9;13;1;1;2;1;1;712;26;6;1;8;18;7;18;5
17963;37887;10;17;39;1;1;2;1;1;8;614;7;1;8;18;8;10;9
17964;37888;10;20;39;1;1;1;1;1;8;624;7;1;8;18;7;11;21
17965;37889;10;10;39;1;1;2;1;1;8;636;7;1;7;15;8;8;31
17977;37902;10;7;24;1;1;2;1;1;16;404;7;1;1;15;2;4;341
17978;37904;10;19;24;1;1;1;1;1;6202;5;5;1;1;15;1;4;21
17979;37905;10;17;24;1;1;2;1;1;19;21;7;1;1;15;1;4;33
17980;37906;10;12;24;1;1;2;1;1;6209;15;5;1;8;18;8;10;9
17981;37907;10;13;24;1;1;2;1;1;16;427;7;1;8;18;1;11;21
17982;37908;10;18;55;1;1;1;1;1;2;390;8;1;3;15;1;4;9
17983;37909;10;12;55;2;1;2;1;1;610;4;4;1;3;15;3;1;9
17984;37910;10;6;24;1;1;1;1;1;16;360;7;1;8;18;7;11;9
17985;37912;10;6;55;2;1;1;1;1;610;78;5;1;8;14;1;18;21
17986;37913;10;12;55;1;1;2;1;1;16;342;8;1;8;15;1;4;9
17987;37915;10;9;55;2;1;2;1;1;610;9999;4;1;8;18;7;11;9
17988;37917;10;0;55;2;1;1;1;1;610;4;5;1;8;7;9;10;31
17989;37919;10;13;55;1;1;2;1;1;2;366;7;1;2;15;4;1;21
17990;37920;10;13;55;1;1;2;1;1;16;303;7;1;3;15;1;2;9
17991;37922;10;19;24;1;1;1;1;1;2;476;6;1;3;15;3;1;9
17992;37923;10;19;24;1;1;1;1;1;6204;44;4;1;2;15;1;1;439
17993;37924;10;20;24;1;1;1;1;1;2;456;8;1;1;15;1;4;9
17994;37925;10;19;24;1;1;1;1;1;15;3;8;1;8;15;9;11;9
17995;37926;10;12;24;1;1;2;1;1;2;435;7;1;4;15;1;1;9
17996;37929;10;8;24;1;1;2;1;1;6209;9999;6;1;8;14;1;18;21
17997;37930;10;16;24;1;1;2;1;1;6209;9999;5;1;3;15;3;1;9
17998;37931;10;10;24;1;1;2;1;1;6209;15;5;1;8;13;8;10;9
18000;37934;10;15;24;1;1;2;1;1;19;22;7;1;8;18;9;11;38
18001;37936;10;20;24;1;1;1;1;1;2;452;7;1;2;15;1;1;46
18002;37941;10;13;24;1;1;2;1;1;19;22;7;1;1;15;1;4;33
18003;37942;10;8;24;1;1;2;1;1;16;414;7;1;2;15;1;1;3
18005;37944;10;2;56;1;1;1;1;1;6;368;11;1;8;13;9;11;3
18006;37945;10;15;56;1;1;2;1;1;802;336;7;1;7;15;7;1;3
18007;37946;10;14;26;1;1;2;1;1;6025;9999;12;1;2;15;4;1;9
18008;37947;10;13;47;1;1;2;1;1;612;13;6;1;8;13;7;10;3
18009;37949;10;0;47;1;1;1;1;1;6010;8;7;1;7;15;8;4;9
18010;37950;10;5;26;1;1;1;1;1;6036;44;5;1;8;13;9;10;21
18011;37951;10;11;56;1;1;2;1;1;15;95;6;1;8;18;8;10;3
18012;37952;10;6;56;1;1;1;1;1;6;350;7;1;8;14;1;16;46
18013;37953;10;9;56;1;1;2;1;1;6;352;7;1;8;13;9;10;9
18014;37954;10;18;56;1;1;1;1;1;6;359;7;1;8;14;5;16;9
18015;37955;10;17;56;1;1;2;1;1;15;156;6;1;8;13;8;11;21