;NUM_ACC;MOIS_ACC;HEU_ACC;COD_PRV;COD_ETA_CHA;COD_ETA_SUR;COD_LUM;COD_INT;TYP_LIE_ACC;NUM_ROU;PKM;LAR_CHA;COD_TYP_CHA;COD_TYP_COL;COD_OBS_HRT;COD_POI_CHO;COD_MAN;CIR_ACC
18016;37956;10;15;56;1;1;2;1;1;15;155;6;1;8;13;9;10;3
18017;37959;10;14;56;1;1;2;1;1;15;85;6;1;8;14;1;16;33
18018;37960;10;15;56;1;1;2;1;1;512;15;6;1;8;13;9;10;341
18019;37962;10;19;56;1;1;1;1;1;15;127;6;1;8;13;9;11;3
18020;37963;10;14;56;2;1;2;1;1;5427;13;4;1;8;14;7;16;32
18021;37964;10;12;49;1;1;2;1;1;802;404;7;2;8;3;3;10;3
18024;37967;10;1;49;1;1;1;1;1;6;415;7;1;8;13;9;10;9
18026;37969;10;19;49;1;1;1;1;1;6007;10;4;1;7;15;1;4;3
18027;37970;10;12;26;1;1;2;1;1;6020;9999;5;1;7;15;8;1;21
18028;37974;10;19;26;1;1;1;1;1;6020;11;6;1;7;15;8;14;430
18029;37975;10;20;26;1;1;1;1;1;2;552;16;1;8;18;7;1;21
18030;37976;10;10;26;1;1;2;1;1;2;543;8;2;8;13;1;6;9
18031;37977;10;2;26;1;1;1;1;1;2;560;16;1;3;15;8;4;38
18032;37978;10;17;26;1;1;2;1;1;2;542;8;2;8;13;1;6;3
18033;37979;10;18;26;1;1;1;1;1;2;553;16;1;8;14;7;16;88
18034;37980;10;17;26;1;1;2;1;1;2;542;16;1;8;18;7;1;9
18035;37981;10;18;26;1;1;1;1;1;17;15;8;1;3;15;1;18;31
18036;37986;10;3;26;1;1;1;1;1;6;519;7;1;8;13;9;10;42
18037;37987;10;2;26;1;1;1;1;1;2;568;8;2;7;15;8;1;3
18038;37988;10;17;67;1;1;2;1;1;17;106;6;1;8;13;9;11;9
18040;37993;10;14;47;1;1;2;1;1;6000;5;7;2;8;13;9;11;3
18041;37994;10;15;47;1;1;2;1;1;2;525;7;2;8;13;9;11;33
18042;37997;10;10;47;1;1;2;1;1;612;22;7;1;3;15;8;13;32
18043;37998;10;19;47;1;1;1;1;1;6011;10;8;2;8;13;8;11;33
18044;37999;10;20;47;1;1;1;1;1;6011;7;8;2;8;13;1;10;9
18045;38005;10;11;47;1;1;2;1;1;607;9;7;2;8;13;8;10;3
18046;38006;10;18;47;1;1;1;1;1;607;7;7;2;7;15;9;10;21
18047;38007;10;7;47;1;1;2;1;1;607;9999;7;2;8;13;9;11;9
18048;38011;10;23;73;2;1;1;1;1;322;61;9;2;2;1;6;20;36
18049;38012;10;9;60;1;1;2;1;1;805;254;12;2;8;18;3;1;38
18050;38013;10;21;74;1;1;1;1;1;1;249;14;1;2;15;4;1;9
18051;38015;10;8;73;1;1;2;1;1;401;27;4;1;8;18;8;1;9
18052;38016;10;20;73;1;1;1;1;1;4025;9999;6;1;1;15;1;4;9
18053;38017;10;8;73;1;1;2;1;1;401;10;16;1;3;15;7;4;36
18054;38018;10;21;73;1;1;1;1;1;1;295;8;1;1;15;1;4;3
18055;38021;10;9;74;1;1;2;1;1;407;10;6;1;3;15;7;1;9
18056;38022;10;16;74;1;1;2;1;1;407;3;6;1;1;15;1;1;9
18057;38023;10;17;74;1;1;2;1;1;6;12;7;2;8;13;4;1;9
18058;38026;10;21;60;1;1;1;1;1;805;263;11;2;8;18;3;1;21
18059;38027;10;1;60;1;1;1;1;1;805;258;12;2;8;18;3;1;9
18060;38028;10;10;60;1;1;2;1;1;805;262;12;2;3;15;7;1;31
18061;38029;10;10;60;1;1;2;1;1;805;250;11;2;5;15;4;1;31
18062;38030;10;17;60;1;2;2;1;1;801;6;11;2;2;15;6;1;402
18063;38031;10;14;60;1;1;2;1;1;801;20;11;2;3;15;7;1;9
18064;38032;10;12;60;1;1;2;1;1;801;24;11;2;2;15;6;1;9
18065;38033;10;14;60;1;1;2;1;1;801;7;11;2;8;18;8;1;3
18066;38039;10;17;73;1;1;2;1;1;322;72;16;1;2;15;4;1;9
18067;38040;10;16;73;1;1;2;1;1;322;72;14;1;3;15;7;1;21
18068;38041;10;19;73;1;1;1;1;1;322;67;14;1;3;15;7;1;31
18070;38043;10;19;60;1;1;1;1;1;322;9999;14;1;2;15;4;1;3
18081;38072;10;18;73;1;1;1;1;1;403;5;7;2;3;15;7;1;9
18082;38076;10;22;73;1;1;1;1;1;403;5;7;2;8;13;9;1;9
18083;38082;10;6;73;1;1;1;1;1;4001;2;6;1;2;15;4;1;9
18084;38084;10;9;73;1;1;2;1;1;4001;4;6;1;3;15;7;1;33
18086;38086;10;21;73;2;1;1;1;1;322;63;9;2;7;9;3;5;38
18087;38087;10;14;73;2;1;2;1;1;322;63;9;2;2;15;3;1;33
18088;38088;10;11;73;1;1;2;1;1;1;299;14;1;3;15;7;1;46
18089;38089;10;17;73;1;1;2;1;1;1;301;14;1;8;14;3;16;9
18090;38090;10;20;73;1;1;1;1;1;1;301;14;1;3;15;6;1;9
18091;38092;10;17;73;1;1;2;1;1;1;302;14;1;8;18;3;1;9
18092;38094;10;19;73;1;1;1;1;1;1;298;14;1;3;15;7;13;3
18093;38095;10;16;73;1;1;2;1;1;1;300;14;1;8;14;3;16;430
18094;38096;10;16;73;1;1;2;1;1;1;300;14;1;3;15;7;1;3
18095;38097;10;5;73;1;1;1;1;1;1;301;14;1;8;18;7;1;3
18097;38099;10;18;73;1;1;1;1;1;1;294;8;1;7;15;7;18;3
18099;38101;10;18;73;1;1;1;1;1;1;297;15;1;7;15;8;18;9
18100;38102;10;22;73;1;1;1;1;1;1;297;15;1;7;15;7;18;21
18101;38103;10;21;73;1;1;1;1;1;4032;9999;7;1;8;15;4;1;3
18102;38104;10;15;73;1;1;2;1;1;4022;9999;7;1;7;15;3;1;46
18103;38105;10;18;73;1;1;1;1;1;403;7;8;1;8;18;1;1;9
18104;38106;10;15;73;1;1;2;1;1;401;9;16;1;2;15;4;1;9
18106;38108;10;17;73;1;1;2;1;1;401;13;16;1;3;15;8;1;3
18107;38109;10;18;73;1;1;1;1;1;401;9;16;1;3;15;8;1;9
18108;38110;10;11;73;1;1;2;1;1;401;10;16;1;3;15;7;4;21
18109;38111;10;19;73;1;1;1;1;1;401;10;15;1;3;15;7;4;33
18110;38112;10;7;60;1;1;2;1;1;805;289;13;2;8;18;3;1;341
18111;38113;10;16;73;1;1;2;1;1;4036;9999;6;1;8;15;7;1;9
18112;38114;10;16;73;1;1;2;1;1;4036;3;6;1;8;15;3;1;3
18113;38115;10;18;73;1;1;1;1;1;4023;9999;6;1;8;15;7;1;32
18114;38119;10;17;73;1;1;2;1;1;4036;0;7;1;8;18;2;1;9
18115;38120;10;12;73;1;1;2;1;1;4026;9999;6;1;8;15;7;1;31
18116;38121;10;18;73;1;1;1;1;1;4026;9999;6;1;3;15;7;1;3
18117;38137;10;13;73;1;1;2;1;1;401;20;4;1;3;15;7;1;9
18118;38139;10;21;73;1;1;1;1;1;401;27;4;2;8;18;7;1;3
18119;38140;10;22;73;1;1;1;1;1;401;31;4;1;1;15;1;1;9
18120;38150;10;14;74;1;1;2;1;1;1;257;14;1;8;13;9;1;33
18121;38157;10;15;74;1;1;2;1;1;1;251;14;1;3;15;7;1;88
18123;38161;10;18;74;1;1;1;1;1;4033;9999;1;1;8;14;8;16;33
18124;38162;10;8;74;1;1;2;1;1;4033;9999;1;1;3;15;6;1;38
18126;38167;10;19;74;1;1;1;1;1;4033;9999;1;1;8;14;8;16;92
18127;38168;10;19;74;1;1;1;1;1;4033;9999;1;1;8;15;8;15;32
18128;38170;10;11;60;1;1;2;1;1;9999;9999;1;1;2;15;4;1;9
18129;38172;10;6;27;1;1;1;1;1;202;4;8;1;2;15;6;1;88
18130;38173;10;9;27;1;1;2;1;1;2307;19;7;1;8;18;3;10;21
18131;38176;10;22;68;1;1;1;1;1;2341;5;6;1;1;15;1;4;3
18132;38177;10;19;27;2;1;1;1;1;2302;16;7;1;8;14;1;16;9
18133;38179;10;11;68;1;1;2;1;1;206;4;6;1;8;18;7;1;9
18134;38180;10;12;27;2;1;2;1;1;2311;6;6;1;8;16;1;16;31
18135;38181;10;22;27;1;1;1;1;1;1;548;8;1;8;13;7;1;9
18136;38182;10;1;27;1;1;1;1;1;204;3;8;1;8;13;7;1;36
18137;38183;10;18;27;1;1;1;1;1;301;125;8;1;2;15;4;1;9
18138;38184;10;2;27;1;1;1;1;1;202;4;8;1;8;13;7;1;9
18139;38185;10;17;27;1;1;2;1;1;204;5;8;1;2;15;4;1;21
18140;38186;10;12;27;1;1;2;1;1;301;121;8;1;2;15;4;1;21
18141;38187;10;16;27;1;1;2;1;1;204;10;8;1;8;13;7;1;31
18142;38188;10;9;27;1;1;2;1;1;202;4;8;1;8;13;7;1;9
18143;38189;10;7;27;1;1;2;1;1;2307;9999;7;1;3;15;1;4;46
18144;38190;10;13;27;1;1;2;1;1;2300;15;7;1;3;15;3;8;9
18145;38191;10;20;27;1;1;1;1;1;2300;9;7;1;3;15;2;1;9
18146;38192;10;17;27;1;1;2;1;1;2300;20;7;1;8;18;4;3;48
18147;38193;10;8;27;1;1;2;1;1;2307;15;7;1;8;18;7;11;38
18148;38194;10;0;27;1;1;1;1;1;1;613;8;1;1;15;1;4;9
18149;38195;10;16;27;1;1;2;1;1;2307;12;8;1;8;13;7;1;31
18150;38196;10;14;27;1;1;2;1;1;1;603;8;1;8;14;1;16;42
18151;38197;10;16;27;1;1;2;1;1;1;603;8;1;8;14;1;16;31
18152;38199;10;12;27;1;1;2;1;1;1;603;8;1;4;15;3;17;3
18153;38200;10;12;27;1;1;2;1;1;1;617;8;1;8;13;8;1;9
18154;38201;10;12;27;1;1;2;1;1;1;611;67;1;8;14;2;16;31
18155;38202;10;20;27;1;1;1;1;1;1;615;8;1;8;13;7;1;9
18156;38203;10;21;68;1;1;1;1;1;2317;9999;7;1;8;13;7;1;9
18157;38204;10;6;27;1;1;1;1;1;2307;5;7;1;8;13;8;1;9
18158;38205;10;16;27;1;1;2;1;1;1;584;8;1;2;15;4;1;9
18159;38206;10;22;68;3;1;1;1;1;2317;9999;6;1;1;15;1;4;21
18160;38207;10;17;27;1;1;2;1;1;1;588;8;1;8;13;7;1;9
18161;38208;10;10;27;3;1;2;1;1;2325;9999;4;1;8;13;9;1;9
18162;38210;10;12;27;1;1;2;1;1;2305;9999;6;1;1;15;1;4;33
18163;38211;10;19;68;3;1;1;1;1;2317;9999;6;1;1;15;1;4;32
18164;38212;10;13;68;1;1;2;1;1;2341;22;6;1;8;16;7;1;9
18165;38213;10;11;68;1;1;2;1;1;2341;39;6;1;8;16;1;16;9
18166;38214;10;4;68;1;1;1;1;1;2341;32;6;1;8;18;8;1;9
18167;38215;10;5;68;1;1;1;1;1;204;72;7;1;7;15;8;4;9
18168;38216;10;12;68;1;1;2;1;1;204;86;7;1;8;18;7;1;9
18169;38219;10;12;68;1;1;2;1;1;204;59;7;1;8;18;7;1;9
18170;38221;10;13;68;1;1;2;1;1;204;62;7;1;8;14;1;16;31
18171;38223;10;12;68;1;1;2;1;1;201;58;6;1;1;15;1;4;9
18172;38224;10;12;68;1;1;2;1;1;201;70;6;1;7;15;4;16;9
18173;38225;10;12;68;1;1;2;1;1;204;62;7;1;8;18;7;1;9
18175;38227;10;12;68;1;1;2;1;1;201;59;6;1;8;14;1;16;9
18176;38228;10;12;68;1;1;2;1;1;2341;7;6;1;2;15;4;1;38
18177;38229;10;21;68;1;1;1;1;1;201;83;6;1;8;14;1;16;9
18178;38231;10;12;68;1;1;2;1;1;201;76;6;1;8;18;7;1;9
18179;38232;10;20;68;1;1;1;1;1;201;92;7;1;2;15;4;1;9
18180;38234;10;12;27;3;1;2;1;1;301;87;8;1;8;14;1;16;21
18181;38235;10;20;27;2;1;1;1;1;2313;18;6;1;1;15;1;4;9
18182;38238;10;18;27;1;1;1;1;1;301;81;8;1;2;15;3;1;3
18183;38240;10;13;27;1;1;2;1;1;202;20;8;1;8;13;2;1;38
18184;38244;10;19;27;1;1;1;1;1;301;170;8;1;8;13;7;1;9
18185;38245;10;8;27;2;1;2;1;1;2221;9999;7;1;8;14;2;1;21
18186;38246;10;17;27;1;1;2;1;1;301;192;8;1;8;13;7;1;3
18187;38248;10;20;27;2;1;1;1;1;2302;31;7;1;8;18;2;16;21
18188;38249;10;20;27;1;1;1;2;1;2306;31;8;1;8;14;2;16;21
18189;38251;10;16;27;1;1;2;1;1;1;567;8;1;8;14;1;16;3
18190;38253;10;11;27;1;1;2;1;1;2306;62;8;1;1;15;1;4;9
18191;38254;10;0;27;1;1;1;1;1;2306;57;8;1;8;13;7;1;9
18192;38255;10;22;27;3;1;1;1;1;2323;9999;6;1;8;13;8;1;32
18193;38256;10;17;27;3;1;2;1;1;2323;9999;6;1;3;15;6;4;9
18194;38257;10;16;27;3;1;2;1;1;2323;9999;6;1;2;15;4;1;42
18195;38258;10;21;27;1;1;1;1;1;2306;46;8;1;8;13;7;1;9
18196;38260;10;4;6;1;1;1;1;1;3308;2;5;1;7;2;7;11;9
18197;38261;10;18;54;1;1;1;1;1;3007;9999;7;1;1;15;3;4;38
18198;38262;10;10;54;1;1;2;1;1;3610;9999;7;1;7;15;8;18;409
18200;38264;10;19;54;1;1;1;1;1;3011;9999;7;1;8;14;7;16;21
18201;38265;10;12;54;1;1;2;1;1;3011;30;7;1;8;13;9;12;9
18202;38266;10;0;54;1;1;1;1;1;320;23;7;1;8;13;8;10;21
18203;38267;10;6;54;1;1;1;1;1;3625;9999;7;1;8;14;9;18;4086
18204;38268;10;3;54;1;1;1;1;1;3602;9999;7;1;1;15;1;4;21
18205;38270;10;1;28;1;1;1;1;1;308;8;7;1;1;15;1;1;31
18206;38272;10;21;54;1;1;1;1;1;3305;9999;8;1;8;14;1;1;38
18207;38273;10;20;54;1;1;1;1;1;803;25;8;1;8;14;1;16;32
18208;38274;10;15;28;1;1;2;1;1;3305;9999;3;1;8;13;1;1;50
18209;38275;10;20;6;1;1;1;1;1;801;44;11;2;3;1;6;11;50
18210;38276;10;16;28;1;1;2;1;1;803;59;8;2;1;15;1;5;9
18211;38277;10;8;28;1;1;2;1;1;9;67;8;1;8;14;1;16;21
18213;38279;10;9;6;1;1;2;1;1;404;131;7;1;2;15;6;1;88
18214;38280;10;5;6;1;1;1;1;1;322;29;6;1;8;18;7;11;21
18216;38282;10;22;54;1;1;1;1;1;3602;9999;7;1;2;15;4;1;9
18217;38283;10;21;54;1;1;1;1;1;3625;9999;7;1;2;15;4;1;21
18218;38284;10;20;54;1;1;1;1;1;3612;9999;7;1;2;15;4;1;82
18219;38285;10;21;54;1;1;1;1;1;1;398;7;1;2;15;7;4;9
18220;38288;10;6;54;1;1;1;1;1;1;400;7;1;2;15;4;4;9
18221;38289;10;21;54;1;1;1;1;1;1;9999;7;1;2;15;4;1;9
18222;38290;10;17;54;1;1;2;1;1;1;390;7;1;2;15;4;1;36
18223;38292;10;10;54;1;1;2;1;1;1;384;7;1;2;15;4;1;9
18224;38293;10;8;54;1;1;2;1;1;3011;30;7;1;8;13;9;10;38
18225;38294;10;19;54;1;1;1;1;1;3607;9999;7;1;8;13;9;10;40
18226;38295;10;2;54;1;1;1;1;1;9;60;7;1;3;15;8;4;82
18227;38296;10;12;54;1;1;2;1;1;3613;9999;6;1;3;15;8;8;21
18228;38297;10;17;54;1;1;2;1;1;3613;9999;5;1;3;15;8;4;21
18229;38298;10;17;54;1;1;2;1;1;11;40;8;1;3;15;8;11;31
18230;38299;10;18;72;1;1;1;1;1;9;32;7;1;2;15;6;1;9
18231;38300;10;21;72;1;1;1;1;1;9;36;7;1;2;15;4;10;46
18232;38301;10;9;54;1;1;2;1;1;1;396;7;1;8;13;9;11;9
18233;38302;10;11;54;1;1;2;1;1;1;397;7;2;3;15;7;1;71
18234;38304;10;17;54;1;1;2;1;1;3603;9999;7;1;2;15;5;4;430
18235;38305;10;15;54;1;1;2;1;1;3603;9999;7;1;8;13;7;11;400
18236;38306;10;22;54;1;1;1;1;1;3005;6;7;1;1;15;1;4;82
18237;38307;10;20;54;1;1;1;1;1;1;389;7;1;8;14;7;16;3
18238;38311;10;4;72;1;1;1;1;1;9;37;7;1;8;13;7;11;33
18239;38312;10;15;72;1;1;2;1;1;9;35;7;1;3;15;8;1;32
18240;38313;10;16;72;1;1;2;1;1;9;35;7;1;3;15;8;1;341
18241;38314;10;22;72;1;1;1;1;1;9;32;7;1;2;15;4;1;9
18242;38315;10;16;72;1;1;2;1;1;9;36;7;1;2;15;4;1;21
18243;38316;10;11;72;1;1;2;1;1;9;35;7;1;2;15;4;21;9
18244;38317;10;11;54;1;1;2;1;1;3603;9999;7;1;2;15;5;1;9
18245;38318;10;18;54;1;1;1;1;1;804;21;8;1;8;13;9;11;82
18246;38319;10;14;54;1;1;2;1;1;801;117;8;1;2;15;6;1;71
18247;38324;10;22;54;1;1;1;1;1;3625;9999;7;1;2;15;4;1;31
18248;38325;10;5;72;1;1;1;1;1;9;35;7;1;8;14;1;16;9
18249;38326;10;5;72;1;1;1;1;1;9;32;7;1;8;14;1;16;9
18250;38327;10;20;54;1;1;1;1;1;9;41;7;1;8;14;1;16;32
18251;38328;10;0;72;1;1;1;1;1;9;33;7;1;2;15;5;1;9
18252;38329;10;16;54;1;1;2;1;1;9;52;7;1;3;15;3;1;9
18253;38335;10;22;54;1;1;1;1;1;3625;9999;7;1;7;15;6;4;9
18254;38339;10;19;54;1;1;1;1;1;3625;9999;7;1;2;15;4;1;3
18255;38340;10;8;54;1;1;2;1;1;1;388;7;1;2;15;7;17;9
18256;38341;10;18;54;1;1;1;1;1;320;23;7;1;2;15;4;1;21
18257;38342;10;12;54;1;1;2;1;1;3625;9999;7;1;2;15;4;1;341
18258;38345;10;19;54;1;1;1;1;1;3625;9999;7;1;2;15;4;1;21
18259;38347;10;12;54;1;1;2;1;1;3625;9999;7;1;2;15;4;1;9
18260;38349;10;23;54;1;1;1;1;1;3625;9999;7;1;3;15;7;6;21
18261;38351;10;21;54;1;1;1;1;1;3011;33;7;1;8;13;9;10;9
18262;38352;10;21;54;1;1;1;1;1;3011;30;7;1;2;15;4;1;21
18263;38353;10;17;54;1;1;2;1;1;1;397;7;1;2;15;7;1;21
18264;38354;10;13;54;1;1;2;1;1;3603;9999;7;1;3;15;7;4;9
18265;38355;10;18;54;1;1;1;1;1;320;23;7;1;3;15;7;1;9
18266;38356;10;10;54;1;1;2;1;1;1;9999;7;1;2;15;4;1;9
18267;38358;10;1;54;1;1;1;1;1;3011;9999;7;1;8;13;9;11;9
18268;38359;10;18;54;1;1;1;1;1;3007;9999;7;1;2;15;4;1;21
18269;38360;10;13;54;1;1;2;1;1;9999;9999;7;1;3;15;7;6;82
18270;38361;10;22;54;1;1;1;1;1;3612;9999;7;1;1;15;1;4;21
18271;38362;10;17;54;1;1;2;1;1;9;9999;7;1;2;15;4;1;21
18272;38365;10;19;28;2;1;1;1;1;3606;9999;6;1;7;15;8;14;21
18273;38366;10;8;28;2;1;2;1;1;3606;9999;6;1;8;13;2;11;21
18274;38367;10;13;28;2;1;2;1;1;3619;9999;6;1;2;15;4;1;3
18275;38368;10;18;28;2;1;1;1;1;9999;9999;6;1;2;15;4;1;82
18276;38369;10;14;28;2;1;2;1;1;3606;9999;6;1;8;13;1;11;9
18278;38374;10;20;54;1;1;1;1;1;320;27;14;2;8;14;7;16;9
18279;38375;10;20;54;1;1;1;1;1;3607;9999;7;1;8;13;9;11;9
18280;38377;10;16;54;1;1;2;1;1;320;34;14;2;8;7;1;10;9
18281;38378;10;9;28;2;1;2;1;1;3606;9999;6;1;8;13;9;10;21
18282;38379;10;14;54;1;1;2;1;1;318;71;7;1;8;13;9;11;9
18283;38380;10;10;54;1;1;2;1;1;320;24;7;1;3;15;6;1;9
18284;38381;10;20;28;2;1;1;1;1;3606;9999;6;1;8;13;9;10;9
18285;38382;10;3;54;1;1;1;1;1;3034;9999;7;1;8;18;1;1;21
18286;38385;10;9;54;1;1;2;1;1;305;9999;7;1;8;18;1;1;38
18287;38386;10;14;54;1;1;2;1;1;3607;2;7;1;8;13;9;11;82
18288;38389;10;16;54;1;1;2;1;1;803;31;8;1;8;13;9;10;42
18289;38390;10;23;54;1;1;1;1;1;303;24;7;1;8;13;9;11;9
18290;38391;10;14;54;1;1;2;1;1;318;52;7;1;8;13;9;11;82
18291;38392;10;9;54;1;1;2;1;1;3613;9999;7;1;1;15;8;4;32
18292;38393;10;16;10;1;1;2;1;1;303;35;7;1;7;15;8;1;88
18293;38395;10;16;54;1;1;2;1;1;318;54;7;1;3;15;8;12;9
18294;38396;10;18;54;1;1;1;1;1;303;26;7;1;8;14;8;16;82
18295;38397;10;8;54;1;1;2;1;1;318;55;7;1;3;15;8;1;9
18296;38398;10;0;6;1;1;1;1;1;3326;9999;6;1;8;13;1;10;3
18297;38399;10;20;6;1;1;1;1;1;3305;9;6;1;3;15;8;1;38
18298;38400;10;8;6;1;1;2;1;1;3313;17;6;1;8;13;9;10;9
18299;38401;10;12;6;1;1;2;1;1;3321;25;6;1;2;15;4;1;9
18300;38402;10;11;6;1;2;2;2;1;3321;9999;6;1;8;13;1;10;9
18301;38403;10;23;6;1;1;1;1;1;3321;30;6;1;8;13;1;11;9
18302;38404;10;11;54;1;1;2;1;1;803;33;8;1;8;13;9;5;36
18303;38405;10;7;54;1;1;2;1;1;803;41;8;1;8;13;9;10;32
18304;38406;10;18;6;1;1;1;1;1;404;135;7;1;3;15;8;4;31
18306;38409;10;22;6;1;1;1;1;1;313;14;7;2;8;7;1;11;31
18307;38410;10;23;6;1;1;1;1;1;305;9;7;2;8;10;2;11;9
18308;38411;10;21;6;1;1;1;1;1;305;10;6;1;8;13;9;11;9
18309;38412;10;14;6;1;1;2;1;1;305;38;6;1;3;15;1;6;9
18310;38413;10;16;6;1;1;2;1;1;3313;12;6;1;3;15;8;4;9
18311;38415;10;20;6;1;1;1;1;1;3326;0;6;1;8;13;1;10;9
18312;38417;10;19;6;1;1;1;1;1;322;29;6;1;7;14;8;16;9
18315;38420;10;16;6;1;1;2;1;1;801;35;11;2;2;15;4;1;21
18316;38421;10;22;6;1;1;1;1;1;801;45;11;1;8;18;9;11;42
18317;38423;10;13;28;1;1;2;1;1;305;9999;7;1;2;15;4;1;9
18318;38424;10;19;28;1;1;1;1;1;305;9999;7;1;8;14;1;16;9
18319;38426;10;11;28;1;1;2;1;1;305;9999;7;1;8;13;1;11;9
18320;38427;10;16;28;1;1;2;1;1;305;89;7;1;7;15;4;6;53
18321;38428;10;19;28;1;1;1;1;1;305;87;7;1;7;15;6;14;9
18322;38429;10;2;28;1;1;1;1;1;11;74;8;1;8;13;1;11;9
18323;38430;10;19;28;2;1;1;1;1;316;147;7;1;8;14;1;16;9
18324;38431;10;12;28;2;1;2;1;1;316;113;7;1;7;15;8;1;9
18325;38432;10;12;6;1;1;2;1;1;3300;7;4;1;8;18;9;10;9
18326;38434;10;12;6;1;1;2;1;1;3300;21;4;1;3;15;2;1;32
18327;38435;10;10;6;1;1;2;1;1;322;48;8;1;2;15;4;1;31
18328;38436;10;8;6;1;1;2;1;1;313;8;7;1;5;15;9;1;50
18329;38437;10;3;6;1;1;1;1;1;1;321;7;1;3;15;7;1;400
18330;38438;10;22;6;1;1;1;1;1;1;317;7;1;8;18;4;11;9
18331;38439;10;18;6;1;1;1;1;1;3323;2;7;1;3;15;7;1;50
18332;38440;10;20;6;1;1;1;1;1;3331;2;6;1;7;12;1;11;406
18333;38441;10;0;6;1;1;1;1;1;1;322;7;1;7;5;1;10;32
18334;38442;10;13;28;1;1;2;1;1;9;104;8;1;8;14;1;16;9
18335;38443;10;7;28;1;1;2;1;1;9;106;8;1;8;13;3;10;32
18336;38444;10;15;28;2;1;2;1;1;3615;9999;6;1;8;13;1;11;9
18337;38447;10;9;28;2;1;2;1;1;3619;9999;6;1;3;15;8;6;9
18338;38451;10;19;28;2;1;1;1;1;3619;9999;6;1;7;15;1;16;9
18339;38452;10;9;28;1;1;2;1;1;803;72;8;2;3;15;6;1;9
18340;38453;10;12;28;1;1;2;1;1;803;55;8;2;2;15;4;1;21
18341;38454;10;13;28;2;1;2;1;1;3622;9999;6;1;8;13;9;11;21
18343;38456;10;21;28;2;1;1;1;1;3620;6;6;1;8;16;1;16;9
18344;38457;10;18;28;1;1;1;1;1;316;85;7;1;8;16;1;16;9
18345;38458;10;17;28;2;1;2;1;1;205;9999;7;1;8;14;1;16;21
18347;38460;10;11;28;1;1;2;1;1;308;40;7;1;8;15;1;16;9
18348;38461;10;12;28;1;1;2;1;1;308;39;7;1;4;15;4;1;38
18349;38462;10;7;28;1;1;2;1;1;9;102;8;1;8;13;9;11;9
18350;38463;10;14;28;1;1;2;1;1;305;100;7;1;8;14;1;16;21
18351;38464;10;19;28;1;1;1;1;1;316;133;7;1;8;14;1;16;38
18352;38465;10;14;28;2;1;2;1;1;3629;9999;6;1;8;14;1;16;36
18353;38466;10;12;28;2;1;2;1;1;9999;9999;5;1;2;15;4;1;21
18354;38467;10;5;28;1;1;1;1;1;803;55;8;2;8;13;9;5;3
18355;38468;10;0;28;1;1;1;1;1;803;83;8;2;2;15;6;1;9
18356;38469;10;13;28;1;1;2;1;1;803;92;8;2;2;15;4;1;9
18357;38471;10;18;28;2;1;1;1;1;3618;9999;6;1;8;14;1;15;21
18359;38474;10;16;28;2;1;2;1;1;3618;9999;6;1;3;15;8;6;9
18360;38475;10;13;28;1;1;2;1;1;308;21;7;1;7;15;8;16;21
18361;38476;10;1;28;1;1;1;1;1;308;28;7;1;8;13;9;10;21
18362;38477;10;13;28;2;1;2;1;1;3629;9999;6;1;8;14;1;16;21
18363;38478;10;14;28;1;1;2;1;1;9;103;8;1;7;15;2;6;21
18364;38479;10;4;28;1;1;1;1;1;316;134;7;1;3;15;8;8;9
18365;38480;10;12;17;2;1;2;1;1;4538;18;4;1;1;15;1;1;3
18366;38482;10;20;61;1;1;1;1;1;413;32;5;1;7;14;1;16;9
18367;38483;10;20;61;2;1;1;1;1;4238;44;4;1;7;15;3;18;21
18368;38484;10;21;16;2;1;1;1;1;9999;9999;7;1;3;15;8;4;21
18370;38487;10;18;61;1;1;1;1;1;4;65;7;1;8;13;9;11;3
18371;38488;10;13;61;1;1;2;1;1;409;11;8;1;2;15;4;1;9
18372;38490;10;19;61;1;1;1;1;1;409;14;8;1;2;15;4;1;9
18373;38494;10;12;61;1;1;2;1;1;4;60;11;1;2;15;4;1;21
18374;38495;10;14;61;1;1;2;1;1;4258;7;7;1;2;15;4;1;38
18375;38496;10;12;61;1;1;2;1;1;4;47;11;1;2;15;4;1;21