;NUM_ACC;MOIS_ACC;HEU_ACC;COD_PRV;COD_ETA_CHA;COD_ETA_SUR;COD_LUM;COD_INT;TYP_LIE_ACC;NUM_ROU;PKM;LAR_CHA;COD_TYP_CHA;COD_TYP_COL;COD_OBS_HRT;COD_POI_CHO;COD_MAN;CIR_ACC
21010;44951;12;17;14;1;1;2;1;1;8;723;8;1;3;15;3;6;5
21011;44952;12;17;14;1;1;2;1;1;8;723;8;2;3;15;1;4;38
21012;44953;12;16;14;1;1;2;1;1;8;722;8;2;8;1;4;1;9
21014;44956;12;10;35;1;1;2;1;1;8;775;8;1;8;18;3;1;31
21015;44957;12;9;35;1;1;2;1;1;8;774;8;1;8;18;3;1;9
21016;44959;12;11;35;1;1;2;1;1;8;756;7;1;2;15;4;1;46
21017;44960;12;9;42;1;1;2;1;1;504;42;6;1;3;15;4;1;9
21018;44961;12;18;42;1;1;1;1;1;504;43;6;1;3;15;1;1;9
21019;44964;12;23;14;1;1;1;1;1;8;722;8;1;2;15;4;1;21
21020;44966;12;14;42;1;1;2;2;1;504;12;6;1;8;18;2;1;9
21021;44967;12;17;42;1;1;2;1;1;714;56;6;1;3;15;3;1;46
21023;44969;12;21;31;1;1;1;1;1;1;9999;7;1;8;18;9;1;59
21026;44972;12;19;59;1;1;1;1;1;1313;9999;5;1;8;13;9;12;9
21027;44973;12;9;59;1;1;2;1;1;1;1004;6;1;8;13;9;1;31
21028;44974;12;21;59;1;1;1;1;1;1;1005;6;1;8;13;9;1;43
21029;44975;12;18;59;1;1;1;1;1;1916;67;5;1;8;13;9;1;9
21030;44977;12;20;59;1;1;1;1;1;1918;9999;5;1;1;15;9;4;43
21032;44980;12;13;59;1;1;2;1;1;9999;9999;5;1;7;14;2;16;40
21033;44981;12;0;32;1;1;1;1;1;1;1038;7;1;3;7;2;2;43
21034;44982;12;15;32;1;1;2;1;1;1;1027;6;1;1;15;1;2;3
21038;44988;12;15;16;2;1;2;1;1;4206;9999;7;1;2;15;4;1;9
21039;44990;12;3;16;1;1;1;1;1;805;168;8;2;8;18;3;10;9
21040;44991;12;8;16;2;2;2;2;1;1;182;9;1;3;15;8;1;38
21041;44992;12;19;16;1;1;1;1;1;805;152;8;2;8;14;1;16;9
21042;44994;12;20;16;1;1;1;1;1;1;157;7;1;2;15;4;1;3
21043;44996;12;18;16;1;1;1;1;1;4268;9999;6;1;3;15;8;7;88
21044;44999;12;15;16;1;1;2;1;1;1;243;11;1;8;14;8;16;40
21045;45000;12;21;16;1;1;1;1;1;1;244;10;1;3;15;8;16;9
21046;45002;12;19;16;1;1;1;1;1;1;244;10;1;8;14;7;16;9
21047;45003;12;15;16;1;1;2;1;1;805;206;7;1;8;13;7;11;9
21048;45004;12;9;16;1;1;2;1;1;805;213;7;1;8;13;7;11;40
21049;45005;12;15;16;1;1;2;1;1;4234;16;6;1;3;15;8;12;40
21050;45006;12;9;16;1;1;2;1;1;1;203;9;1;3;15;8;1;40
21051;45007;12;15;16;1;1;2;1;1;1;182;9;1;7;14;8;1;43
21052;45008;12;10;16;1;1;2;1;1;1;196;9;1;3;15;8;1;21
21053;45009;12;21;16;1;1;1;1;1;1;217;7;1;2;15;4;1;430
21054;45010;12;17;16;1;1;2;1;1;1;212;7;1;2;15;4;1;9
21055;45011;12;22;16;1;1;1;1;1;405;15;6;1;8;14;7;16;9
21056;45012;12;11;16;1;1;2;1;1;1;215;7;1;3;15;8;4;9
21057;45013;12;12;16;1;1;2;1;1;1;218;7;1;2;15;4;1;9
21058;45014;12;10;16;1;1;2;1;1;1;216;7;1;3;15;8;4;96
21059;45015;12;11;16;1;1;2;1;1;805;245;7;1;8;13;8;10;9
21060;45016;12;20;16;1;1;1;1;1;805;238;7;1;8;13;7;11;40
21061;45017;12;9;16;1;1;2;1;1;805;232;7;1;8;14;7;18;46
21062;45018;12;13;16;1;1;2;1;1;4234;9999;6;1;3;13;8;10;3
21063;45019;12;12;16;1;1;2;1;1;4201;9999;6;1;8;14;8;16;46
21064;45020;12;9;16;1;1;2;1;1;4205;9999;5;1;8;14;8;16;9
21065;45021;12;21;16;1;1;1;1;1;4201;9999;6;1;3;15;8;4;459
21066;45024;12;19;16;1;1;1;1;1;4201;9999;6;1;2;15;4;1;9
21067;45025;12;22;16;1;1;1;1;1;4248;9999;6;1;2;15;4;1;9
21068;45026;12;17;16;1;1;2;1;1;1;246;10;1;2;15;4;1;40
21069;45027;12;9;16;1;1;2;1;1;1;242;10;1;8;14;7;16;9
21070;45030;12;21;16;1;1;1;1;1;4266;9999;6;1;8;14;7;16;9
21071;45031;12;11;16;1;1;2;1;1;1;242;10;1;8;14;7;16;9
21072;45032;12;19;16;1;1;1;1;1;1;243;10;1;3;15;8;21;9
21073;45034;12;10;16;1;1;2;1;1;1;135;7;1;8;18;2;11;40
21074;45035;12;19;16;1;1;1;1;1;1;128;7;1;8;14;1;16;9
21075;45037;12;13;16;2;1;2;1;1;4217;9999;6;1;8;14;1;16;31
21076;45038;12;13;16;2;1;2;1;1;4217;9999;6;1;3;15;2;4;9
21077;45039;12;14;16;2;1;2;1;1;4208;9999;6;1;8;18;2;11;9
21078;45040;12;8;16;2;1;2;1;1;4217;9999;7;1;3;15;2;4;9
21079;45043;12;19;16;2;1;1;1;1;4217;9999;6;1;8;14;1;16;21
21080;45044;12;20;16;1;1;1;1;1;805;171;7;2;8;14;1;16;9
21081;45045;12;11;16;1;1;2;1;1;805;163;7;2;8;18;2;11;40
21082;45046;12;19;16;1;1;1;1;1;805;164;7;2;8;18;3;10;42
21083;45047;12;17;16;1;1;2;1;1;805;143;8;2;8;18;3;10;406
21084;45048;12;17;16;1;1;2;1;1;805;164;7;2;8;18;2;11;71
21085;45050;12;17;16;1;1;2;1;1;4205;9999;6;1;2;15;4;1;9
21086;45051;12;13;16;1;1;2;1;1;4201;9999;6;1;3;15;8;1;9
21087;45052;12;13;16;2;1;2;1;1;4220;9999;6;1;4;15;4;1;9
21088;45053;12;15;16;1;1;2;1;1;406;4;7;1;2;15;4;1;40
21089;45054;12;19;16;2;1;1;1;1;4201;9999;6;1;3;15;2;4;40
21090;45056;12;19;16;2;1;1;1;1;4220;9999;7;1;3;15;2;6;36
21091;45058;12;17;16;2;1;2;1;1;4220;9999;6;1;8;14;1;16;86
21092;45059;12;14;16;2;1;2;1;1;4220;9999;7;1;3;15;2;4;46
21093;45062;12;20;16;1;1;1;1;1;406;9999;7;1;3;15;2;4;36
21094;45067;12;15;16;1;1;2;1;1;1;169;7;1;3;15;2;16;86
21095;45069;12;17;16;1;1;2;1;1;408;9999;7;1;8;18;3;10;31
21096;45070;12;19;16;2;1;1;1;1;4232;9999;6;1;2;15;4;1;33
21097;45071;12;15;16;1;1;2;1;1;406;6;7;1;8;18;2;11;31
21098;45072;12;19;16;1;1;1;1;1;406;21;7;1;2;14;1;16;36
21099;45074;12;21;18;1;1;1;1;1;402;27;6;1;8;14;1;16;43
21100;45075;12;23;18;1;1;1;1;1;802;16;7;2;8;14;1;1;31
21101;45076;12;18;18;1;1;1;1;1;6;43;6;1;1;15;1;2;9
21102;45077;12;20;18;1;1;1;1;1;4301;71;6;1;1;15;1;2;40
21103;45079;12;15;18;1;1;2;1;1;6;100;6;1;8;14;1;16;36
21104;45080;12;21;18;1;1;1;1;1;4309;0;6;1;8;14;1;16;36
21105;45081;12;17;18;1;1;2;1;1;411;109;6;1;3;15;1;2;36
21106;45082;12;19;18;1;1;1;1;1;4323;3;6;1;3;15;1;2;9
21107;45083;12;16;18;1;1;2;1;1;4323;16;6;1;8;14;1;16;82
21108;45085;12;14;18;1;1;2;1;1;411;102;6;1;8;14;1;16;33
21109;45086;12;15;18;1;1;2;1;1;4323;9999;5;1;8;13;1;11;32
21110;45087;12;18;18;1;1;1;1;1;411;100;6;1;8;14;1;16;31
21111;45088;12;17;18;1;1;2;1;1;411;130;6;1;8;13;1;10;9
21112;45089;12;8;18;1;1;2;1;1;404;36;6;1;3;15;1;2;33
21113;45090;12;14;18;1;1;2;1;1;6;48;6;1;2;15;1;1;32
21114;45091;12;13;18;1;1;2;1;1;409;69;6;1;8;13;9;10;9
21115;45093;12;15;18;1;1;2;1;1;409;71;6;1;3;15;1;1;33
21116;45094;12;13;18;1;1;2;1;1;407;96;6;1;8;13;1;1;32
21117;45095;12;9;18;1;1;2;1;1;407;82;6;1;3;15;1;2;341
21118;45096;12;15;18;1;1;2;1;1;404;11;6;1;3;15;1;1;21
21120;45098;12;21;18;1;1;1;1;1;4329;3;6;1;8;13;1;10;42
21121;45099;12;12;18;1;1;2;1;1;4329;3;6;1;8;15;1;2;9
21122;45100;12;3;18;1;1;1;1;1;802;79;7;1;2;15;1;1;99
21123;45101;12;12;18;1;1;2;1;1;802;95;7;1;8;2;9;1;59
21124;45102;12;3;18;1;1;1;1;1;802;77;7;1;2;15;1;1;9
21125;45103;12;13;18;1;1;2;1;1;4301;45;6;1;3;15;1;2;48
21126;45104;12;18;18;1;1;1;1;1;404;67;6;1;3;15;1;2;46
21127;45105;12;15;18;1;1;2;1;1;9999;80;6;1;2;15;1;8;31
21128;45106;12;8;18;1;1;2;1;1;404;87;6;1;2;15;1;1;9
21129;45108;12;22;18;1;1;1;1;1;4335;9999;6;1;8;13;1;11;9
21130;45109;12;11;18;1;1;2;1;1;802;31;7;2;8;13;1;11;31
21131;45110;12;8;18;1;1;2;1;1;802;40;7;2;8;13;1;10;9
21132;45111;12;12;18;1;1;2;1;1;802;55;7;2;8;2;9;11;9
21133;45112;12;6;18;1;1;1;1;1;409;58;6;1;3;15;1;1;9
21134;45113;12;15;18;1;1;2;1;1;409;57;6;1;2;15;1;1;9
21135;45114;12;19;18;1;1;1;1;1;409;56;6;1;8;14;1;16;9
21136;45115;12;11;18;1;1;2;1;1;6;86;6;1;8;13;9;10;21
21137;45116;12;16;18;1;1;2;1;1;6;82;6;1;3;15;1;1;9
21138;45117;12;17;18;1;1;2;1;1;6;67;6;1;8;13;1;11;9
21140;45119;12;15;19;1;1;2;1;1;7300;15;6;1;8;13;1;10;9
21141;45120;12;15;18;1;1;2;1;1;9999;53;6;1;8;14;1;1;33
21142;45121;12;15;18;1;1;2;1;1;401;64;6;1;3;15;1;2;9
21143;45122;12;16;18;1;1;2;1;1;9999;52;6;1;3;15;1;8;31
21144;45126;12;15;18;1;1;2;1;1;6;43;6;1;3;15;1;2;21
21145;45128;12;18;18;1;1;1;1;1;6;33;6;1;8;14;1;1;36
21146;45130;12;15;18;1;1;2;1;1;6;27;6;1;3;15;1;2;21
21147;45131;12;18;18;1;1;1;1;1;6;27;6;1;3;15;1;2;81
21148;45132;12;17;18;1;1;2;1;1;6;40;6;1;4;15;1;1;31
21149;45133;12;19;18;1;1;1;1;1;6;47;6;1;3;15;1;2;9
21150;45136;12;20;18;1;1;1;1;1;6;27;6;1;3;15;1;1;9
21151;45138;12;17;18;1;1;2;1;1;6;34;6;1;3;15;1;2;9
21152;45140;12;19;18;1;1;1;1;1;6;27;6;1;3;15;1;2;9
21154;45143;12;13;19;1;1;2;1;1;710;32;6;1;8;18;1;14;38
21157;45146;12;20;19;1;1;1;1;1;710;27;6;1;7;18;3;12;9
21158;45147;12;14;19;1;1;2;1;1;710;29;6;1;8;18;7;15;31
21159;45148;12;20;19;1;1;1;1;1;710;35;7;1;7;18;1;15;21
21162;45153;12;14;19;1;1;2;1;1;407;197;6;1;8;13;1;12;9
21163;45154;12;18;19;1;2;1;2;1;407;191;6;1;8;13;9;10;33
21164;45155;12;19;19;1;1;1;1;1;7302;6;7;1;2;15;4;1;9
21165;45156;12;8;19;1;1;2;1;1;712;46;6;1;8;12;7;11;33
21166;45157;12;1;19;1;1;1;1;1;712;57;6;1;8;18;8;1;9
21167;45158;12;19;20;1;1;1;1;1;9999;6;6;1;8;13;9;18;38
21168;45160;12;16;20;1;1;2;1;1;403;123;5;1;3;15;3;4;43
21169;45163;12;10;20;1;1;2;1;1;3533;8;4;1;7;16;1;18;341
21170;45164;12;15;20;1;1;2;1;1;3533;33;4;1;8;13;8;11;46
21172;45166;12;22;20;1;1;1;1;1;710;57;5;1;7;3;9;18;9
21174;45170;12;19;20;1;1;1;1;1;312;9;6;1;1;15;1;4;9
21175;45171;12;21;20;1;1;1;1;1;312;10;6;1;8;18;9;18;31
21176;45172;12;14;20;1;1;2;1;1;312;9;6;1;3;15;6;1;33
21177;45174;12;8;20;1;1;2;1;1;9999;162;7;1;3;15;1;1;33
21179;45176;12;19;20;1;1;1;1;1;9999;174;7;1;3;15;8;4;82
21180;45178;12;20;20;1;1;1;1;1;3507;9999;5;1;7;14;1;16;21
21181;45183;12;19;20;2;1;1;1;1;3519;9999;6;1;7;14;1;1;38
21182;45184;12;20;20;1;1;1;1;1;3519;9999;6;1;3;15;4;1;9
21183;45186;12;19;20;1;1;1;1;1;311;5;5;1;8;14;1;16;38
21184;45190;12;13;20;1;1;2;1;1;312;17;6;1;3;15;5;1;38
21185;45191;12;22;21;1;1;1;1;1;1;1525;9;1;8;14;2;16;32
21186;45193;12;19;62;1;1;1;1;1;1;1471;8;1;8;18;1;1;32
21187;45194;12;9;21;1;1;2;1;1;1;1566;9;1;8;18;1;1;32
21188;45195;12;9;21;1;1;2;1;1;1;1525;9;1;2;15;1;1;9
21189;45196;12;11;21;1;1;2;1;1;1;1577;9;1;8;18;1;1;9
21190;45197;12;21;29;1;1;1;1;1;14;293;6;1;8;16;1;1;9
21191;45198;12;21;62;1;1;1;1;1;1;1499;7;1;8;16;1;1;9
21192;45199;12;10;62;1;1;2;1;1;1;1383;7;1;8;18;2;1;9
21193;45200;12;10;8;1;1;2;1;1;1;1647;6;1;8;18;9;1;38
21194;45201;12;8;8;1;1;2;1;1;1;1788;6;1;8;18;2;1;9
21195;45202;12;20;48;1;1;1;2;1;2001;9999;4;1;8;18;9;11;9
21196;45203;12;20;11;1;1;1;1;1;2125;2;7;1;2;15;4;1;38
21197;45204;12;14;11;1;1;2;1;1;9;160;7;1;1;15;1;4;9
21198;45205;12;22;22;1;1;1;1;1;8;233;10;1;8;18;7;11;31
21199;45206;12;12;57;1;1;2;1;1;8;273;7;1;2;15;1;1;9
21201;45208;12;8;43;1;1;2;1;1;9999;161;7;1;2;15;1;1;9
21203;45211;12;12;43;1;1;2;1;1;2012;23;7;1;7;10;1;11;88
21205;45213;12;8;11;1;1;2;1;1;206;103;6;1;3;15;3;1;9
21207;45218;12;8;11;1;1;2;1;1;9;219;7;1;2;15;1;1;40
21209;45220;12;7;11;1;1;2;1;1;9;194;5;1;8;14;2;16;3
21210;45221;12;7;11;1;1;2;1;1;9;193;5;1;8;5;8;18;32
21211;45222;12;20;48;1;1;1;1;1;803;265;7;1;8;14;1;16;32
21212;45223;12;0;48;1;1;1;1;1;207;71;14;2;8;18;9;10;9
21213;45224;12;23;22;1;1;1;1;1;8;268;10;1;7;14;3;16;9
21214;45225;12;2;22;1;1;1;1;1;8;238;10;1;8;14;1;16;36
21215;45226;12;23;11;1;1;1;1;1;205;12;7;1;2;15;4;1;9
21216;45227;12;16;11;1;1;2;1;1;8;339;7;1;2;15;4;1;31
21217;45228;12;16;11;1;1;2;1;1;2116;12;7;1;1;14;1;4;21
21218;45229;12;12;11;1;1;2;1;1;8;348;7;1;2;15;4;1;9
21219;45230;12;12;11;1;1;2;1;1;2137;2;7;1;3;15;7;6;31
21220;45231;12;16;11;1;1;2;1;1;206;17;6;1;8;18;1;11;9
21221;45232;12;12;22;1;1;2;1;1;2009;3;9;1;2;15;4;1;43
21222;45233;12;12;22;1;1;2;1;1;2009;4;9;1;7;15;2;8;42
21223;45234;12;12;22;1;1;2;1;1;8;217;6;1;7;15;7;1;40
21225;45236;12;3;22;1;1;1;1;1;7;136;16;1;8;13;7;11;9
21226;45237;12;2;22;1;1;1;1;1;7;135;16;1;8;13;8;10;9
21227;45238;12;12;22;1;1;2;1;1;7;132;16;1;7;15;7;6;9
21228;45239;12;12;22;1;1;2;1;1;7;135;16;1;2;15;5;1;9
21229;45240;12;21;57;2;1;1;1;1;2111;9999;8;1;2;15;4;1;43
21230;45243;12;16;22;1;1;2;1;1;212;7;8;1;2;15;1;1;21
21231;45246;12;1;22;1;1;1;1;1;8;266;10;1;3;15;7;8;31
21232;45247;12;8;22;1;1;2;1;1;210;2;9;1;8;13;1;10;9
21233;45248;12;19;22;1;1;1;1;1;2017;7;16;1;1;15;1;4;9
21234;45250;12;3;22;1;1;1;1;1;2017;11;16;1;8;13;7;11;9
21236;45252;12;12;22;1;1;2;1;1;2017;8;16;1;7;15;8;8;32
21237;45253;12;8;22;1;1;2;1;1;203;8;8;1;7;15;7;1;31
21238;45255;12;15;48;1;1;2;1;1;207;90;14;2;3;15;1;2;9
21239;45256;12;18;48;1;1;1;1;1;2038;9999;5;1;1;15;1;4;9
21240;45258;12;20;11;1;1;1;1;1;206;45;6;1;2;15;1;1;9
21241;45259;12;18;57;1;1;1;1;1;2104;29;6;1;3;15;4;1;9
21242;45260;12;23;11;1;1;1;1;1;9;162;7;1;2;15;1;1;31
21243;45261;12;12;57;1;1;2;1;1;8;274;7;1;8;7;1;18;36
21244;45262;12;12;57;1;1;2;1;1;8;289;7;1;8;14;1;16;42
21245;45263;12;15;57;1;1;2;1;1;7;65;7;1;3;15;1;4;5
21246;45266;12;17;11;1;1;2;1;1;205;17;7;1;2;15;4;1;9
21247;45267;12;12;11;1;1;2;1;1;2137;14;7;1;3;15;7;6;43
21248;45268;12;19;11;1;1;1;1;1;208;25;7;1;1;15;1;4;43
21250;45273;12;18;11;1;1;1;1;1;8;339;7;1;2;15;4;1;43
21251;45274;12;12;11;1;1;2;1;1;8;343;7;1;2;15;4;1;9
21252;45275;12;20;11;1;1;1;1;1;2108;40;7;1;3;15;7;6;9
21253;45276;12;20;43;1;1;1;1;1;2017;23;6;1;2;15;1;1;9
21256;45279;12;12;43;1;1;2;1;1;2010;9999;6;1;2;15;1;1;439
21257;45280;12;12;43;1;1;2;1;1;9999;160;7;1;3;15;2;2;3
21258;45281;12;12;43;1;1;2;1;1;2117;9999;6;1;1;15;1;2;9
21263;45288;12;18;43;1;1;1;1;1;9;280;7;1;2;15;1;1;55
21264;45289;12;13;43;1;1;2;1;1;9;272;7;1;2;15;1;1;31
21266;45291;12;20;43;1;1;1;1;1;9;272;7;1;2;15;1;1;21
21267;45292;12;19;43;1;1;1;1;1;2010;6;7;1;2;15;4;1;46
21268;45295;12;8;43;1;1;2;1;1;210;10;6;1;2;15;4;1;9
21269;45297;12;14;43;1;1;2;1;1;2010;12;7;1;7;14;1;16;5
21270;45306;12;20;43;1;1;1;1;1;2010;26;7;1;7;14;1;16;38
21271;45307;12;21;43;1;1;1;1;1;2012;17;7;1;8;10;1;11;9
21272;45308;12;12;43;1;1;2;1;1;2010;24;7;1;7;14;1;16;46
21273;45310;12;10;43;1;1;2;1;1;9;293;9;1;4;15;4;1;9
21274;45311;12;18;22;1;1;1;1;1;9;262;9;1;2;15;4;1;31
21275;45312;12;13;22;1;1;2;1;1;9;253;9;1;7;14;1;16;31
21276;45313;12;15;22;1;1;2;1;1;9;257;9;1;3;15;3;1;9
21277;45314;12;12;43;1;1;2;4;1;2009;39;8;1;8;12;1;1;9
21278;45315;12;10;43;1;1;2;1;1;2009;30;8;1;3;15;3;1;5
21279;45316;12;12;43;1;1;2;1;1;2024;1;7;1;3;15;2;1;31
21280;45317;12;12;43;1;1;2;1;1;2009;29;7;1;7;14;1;16;31
21281;45318;12;8;48;1;1;2;1;1;2005;9999;7;1;1;15;1;2;31
21282;45319;12;12;43;1;1;2;1;1;2024;9999;7;1;1;15;1;2;36
21284;45321;12;12;43;1;1;2;1;1;9999;187;7;1;1;15;1;2;5
21285;45322;12;22;48;1;1;1;1;1;2005;2;7;1;3;15;3;1;71
21287;45324;12;20;43;1;1;1;1;1;2010;23;6;1;2;15;1;1;9
21288;45326;12;20;43;1;1;1;1;1;2017;37;6;1;2;15;1;1;21
21290;45328;12;20;11;1;1;1;1;1;8;328;7;1;2;15;4;1;9
21291;45329;12;11;11;1;1;2;1;1;8;339;7;1;2;15;4;1;21
21292;45330;12;13;11;1;1;2;1;1;2125;6;7;1;2;15;4;1;36
21294;45332;12;21;11;1;1;1;1;1;210;52;7;1;2;15;4;1;9
21296;45335;12;12;11;1;1;2;1;1;2117;5;7;1;2;15;4;1;21
21298;45337;12;15;11;1;1;2;1;1;210;37;7;1;8;18;7;11;9
21299;45341;12;13;11;1;1;2;1;1;2125;23;9;1;2;15;8;1;21
21300;45342;12;18;11;2;1;1;1;1;2125;16;6;1;1;15;1;4;21
21301;45343;12;9;11;2;1;2;1;1;2125;14;6;1;2;15;1;1;21
21302;45345;12;19;11;1;1;1;1;1;2125;18;7;1;1;15;1;4;9
21303;45346;12;19;11;1;1;1;1;1;2125;25;7;1;3;15;7;6;9
21304;45347;12;8;11;1;1;2;1;1;208;22;7;1;3;15;8;6;38
21305;45348;12;14;11;1;1;2;1;1;2125;14;7;1;2;15;4;1;59
21306;45349;12;12;11;1;1;2;1;1;208;20;7;1;2;15;4;1;9
21308;45351;12;12;11;1;1;2;1;1;2135;19;7;1;3;15;8;4;9
21309;45352;12;12;11;1;1;2;1;1;208;32;7;1;3;15;8;6;21
21310;45353;12;12;11;1;1;2;1;1;2137;33;7;1;3;15;7;6;21
21311;45354;12;23;11;1;1;1;1;1;2137;37;7;1;3;15;7;4;9
21312;45355;12;1;11;1;1;1;1;1;2137;28;7;1;8;18;7;11;40
21314;45357;12;13;11;1;1;2;1;1;205;11;7;1;8;18;7;11;9
21315;45358;12;12;11;1;1;2;1;1;205;19;7;1;2;15;4;1;9
21316;45359;12;12;11;1;1;2;1;1;8;348;7;1;2;15;4;1;9
21318;45363;12;17;57;1;1;2;1;1;7;71;7;1;8;18;1;10;9
21319;45364;12;18;11;1;1;1;1;1;8;308;7;1;2;15;4;1;9
21320;45365;12;13;11;1;1;2;1;1;8;308;7;1;7;15;4;1;9
21322;45367;12;20;11;1;1;1;1;1;8;302;7;1;2;15;4;1;9
21323;45368;12;19;11;1;1;1;1;1;8;300;7;1;2;15;4;1;36
21324;45369;12;17;11;1;1;2;1;1;8;318;7;1;2;15;4;1;9
21326;45371;12;12;57;1;1;2;1;1;2118;38;6;1;8;18;1;11;31
21327;45372;12;11;57;1;1;2;1;1;2118;23;6;1;8;18;1;10;430
21328;45373;12;10;57;1;1;2;1;1;2118;20;6;1;8;18;1;10;3
21329;45374;12;19;11;1;1;1;1;1;9;213;7;1;3;15;1;1;9
21330;45375;12;5;57;1;1;1;1;1;8;292;7;1;8;18;1;11;5
21331;45377;12;18;57;1;1;1;1;1;8;282;7;1;8;14;1;16;40
21333;45379;12;21;57;1;1;1;1;1;803;9999;7;2;8;18;1;10;31
21334;45380;12;10;57;1;1;2;1;1;803;183;7;2;8;18;1;11;42
21335;45381;12;16;57;1;1;2;1;1;803;113;7;2;8;18;1;11;9
21336;45382;12;12;57;1;1;2;1;1;803;117;7;2;8;18;1;11;46
21337;45383;12;18;57;1;1;1;4;1;2105;0;6;1;1;15;3;4;9
21339;45385;12;9;11;1;1;2;1;1;206;62;6;1;8;18;1;16;59
21340;45386;12;11;48;1;1;2;1;1;8;121;8;1;3;15;3;2;9
21341;45388;12;12;48;1;1;2;1;1;803;305;12;2;4;15;4;1;9
21342;45389;12;17;48;1;2;2;2;1;803;248;12;2;8;3;3;1;9
21343;45390;12;20;48;1;1;1;1;1;803;298;12;2;2;15;4;1;36
21344;45391;12;14;48;1;1;2;1;1;8;209;8;1;8;18;9;11;33
21345;45392;12;22;48;1;1;1;1;1;8;201;8;1;8;18;9;11;36
21346;45393;12;12;48;1;1;2;1;1;8;199;8;1;3;15;2;1;31
21347;45394;12;11;48;1;1;2;1;1;201;10;6;1;8;18;9;10;31
21348;45395;12;2;48;1;1;1;1;1;2007;22;5;1;8;13;9;5;9
21349;45396;12;19;48;1;1;1;1;1;212;83;5;1;2;15;4;1;36
21350;45399;12;19;48;1;1;1;1;1;207;68;14;2;2;15;1;1;31
21351;45400;12;16;48;1;1;2;1;1;207;69;14;2;2;15;1;1;31
21352;45401;12;16;22;1;1;2;1;1;2017;12;14;1;2;15;6;1;9
21353;45402;12;21;22;1;1;1;1;1;2017;4;16;1;8;14;1;16;31
21354;45403;12;3;22;1;1;1;1;1;203;7;8;1;7;15;8;4;31
21355;45404;12;12;22;1;1;2;1;1;2017;3;16;1;2;15;6;1;36
21356;45405;12;12;22;1;1;2;1;1;2017;6;16;1;2;15;4;1;31
21357;45406;12;12;22;1;1;2;1;1;2017;7;16;1;2;15;4;1;21
21358;45407;12;13;22;1;1;2;1;1;2017;7;16;1;8;5;1;10;55
21359;45409;12;10;22;1;1;2;1;1;2017;10;16;1;2;15;6;8;21
21360;45410;12;19;22;1;1;1;1;1;2009;2;9;1;7;15;8;8;3
21361;45411;12;13;22;1;1;2;1;1;2017;4;16;1;2;15;4;1;42
21362;45412;12;11;22;1;1;2;1;1;2009;3;9;1;8;13;1;11;43
21363;45413;12;9;22;1;1;2;1;1;2017;4;16;1;7;15;8;6;31
21364;45415;12;13;22;1;1;2;1;1;2017;5;16;1;8;16;1;16;43
21365;45416;12;15;22;1;1;2;1;1;2017;8;16;1;8;14;1;16;43
21366;45417;12;18;22;1;1;1;1;1;2017;4;16;1;7;15;7;1;31
21367;45419;12;11;22;1;1;2;1;1;2009;2;9;1;8;14;1;16;38
21368;45420;12;9;22;1;1;2;1;1;2017;8;16;1;4;15;4;1;31
21369;45421;12;4;22;1;1;1;1;1;2009;3;9;1;8;13;7;11;3
21370;45423;12;8;22;1;1;2;1;1;2017;7;16;1;2;15;4;1;31
21374;45428;12;13;22;1;1;2;1;1;8;266;9;1;2;15;3;1;31
21375;45429;12;17;22;1;1;2;1;1;8;260;10;1;2;15;4;1;9
21376;45432;12;10;22;1;1;2;1;1;8;261;9;1;8;18;8;10;9
21377;45434;12;7;22;1;1;2;1;1;8;263;9;1;2;1;4;21;3
21378;45435;12;20;22;1;1;1;1;1;8;269;10;1;3;15;8;7;48
21379;45436;12;7;22;1;1;2;1;1;8;270;9;1;2;15;4;1;32
21380;45438;12;12;22;1;1;2;1;1;8;266;9;1;3;15;7;15;9
21381;45439;12;19;22;1;1;1;1;1;8;262;9;1;2;15;4;18;9
21382;45440;12;21;22;1;1;1;1;1;8;236;10;1;2;15;1;1;9
21383;45442;12;10;22;1;1;2;1;1;212;14;8;1;8;14;1;16;32
21384;45443;12;17;22;1;1;2;1;1;212;5;8;1;1;15;1;4;21
21385;45444;12;15;22;1;1;2;1;1;2008;9999;8;1;7;15;8;6;9