;NUM_ACC;MOIS_ACC;HEU_ACC;COD_PRV;COD_ETA_CHA;COD_ETA_SUR;COD_LUM;COD_INT;TYP_LIE_ACC;NUM_ROU;PKM;LAR_CHA;COD_TYP_CHA;COD_TYP_COL;COD_OBS_HRT;COD_POI_CHO;COD_MAN;CIR_ACC
21386;45445;12;12;22;1;1;2;1;1;2004;9999;8;1;7;15;1;6;9
21387;45448;12;21;22;1;1;1;1;1;8;241;10;1;7;15;7;1;9
21388;45449;12;20;22;1;1;1;1;1;212;6;8;1;7;15;1;4;9
21389;45453;12;19;22;1;1;1;1;1;8;237;10;1;7;15;8;6;32
21390;45456;12;9;22;1;1;2;1;1;8;230;10;1;7;15;1;1;21
21391;45457;12;12;22;1;1;2;1;1;8;241;10;1;8;15;7;12;9
21392;45458;12;12;22;1;1;2;1;1;8;239;10;1;7;15;8;8;9
21393;45462;12;9;22;1;1;2;1;1;8;233;10;1;7;15;7;9;71
21394;45463;12;22;22;1;1;1;1;1;8;241;10;1;7;15;7;6;9
21395;45464;12;19;22;1;1;1;1;1;212;3;8;1;1;15;1;4;406
21396;45465;12;9;22;1;1;2;1;1;8;239;10;1;2;15;4;1;9
21397;45467;12;12;22;1;1;2;1;1;8;233;10;1;7;15;7;8;9
21400;45472;12;19;22;1;1;1;1;1;212;21;7;1;7;15;3;6;9
21401;45473;12;1;22;1;1;1;1;1;212;20;7;1;8;18;9;1;9
21402;45474;12;12;22;1;1;2;1;1;2008;9999;16;1;8;14;1;16;32
21403;45475;12;12;22;1;1;2;1;1;9;236;9;2;8;13;7;11;400
21404;45476;12;0;22;1;1;1;1;1;2008;9999;3;1;8;13;7;11;38
21405;45477;12;12;22;1;1;2;1;1;9;236;9;2;7;15;1;6;40
21406;45482;12;9;22;1;1;2;1;1;7;128;16;1;2;15;4;1;88
21407;45484;12;15;22;1;1;2;1;1;7;137;16;1;8;13;8;10;21
21408;45488;12;9;22;1;1;2;1;1;7;133;16;1;8;13;7;11;38
21409;45489;12;14;22;1;1;2;1;1;7;133;16;1;7;15;3;6;9
21410;45490;12;10;22;1;1;2;1;1;7;131;16;1;7;15;8;1;31
21411;45491;12;5;22;1;1;1;1;1;7;132;16;1;8;13;9;10;9
21412;45492;12;16;22;1;1;2;1;1;7;130;16;1;7;15;7;6;38
21413;45493;12;21;22;1;1;1;1;1;7;133;16;1;8;14;1;16;9
21414;45494;12;22;22;1;1;1;1;1;7;136;16;1;2;15;4;1;5
21416;45497;12;19;22;1;1;1;1;1;7;131;16;1;2;15;4;1;9
21418;45499;12;15;22;1;1;2;1;1;8;223;7;1;7;15;7;8;31
21419;45500;12;11;22;1;1;2;1;1;8;218;7;1;7;15;7;8;9
21420;45501;12;12;22;1;1;2;1;1;8;226;7;1;7;15;7;8;9
21421;45502;12;16;22;1;1;2;1;1;8;225;7;1;2;15;1;1;46
21422;45503;12;16;22;1;1;2;1;1;8;222;7;1;7;15;7;6;9
21423;45505;12;13;22;1;1;2;1;1;8;226;7;1;8;14;1;16;36
21425;45509;12;20;39;1;1;1;1;1;8;648;7;1;7;15;4;1;9
21429;45513;12;15;23;1;1;2;1;1;6;145;8;1;2;15;4;1;38
21430;45514;12;11;23;1;1;2;1;1;6;141;8;2;2;15;4;1;9
21431;45515;12;17;23;1;1;2;1;1;6;141;8;2;3;15;8;1;9
21432;45516;12;22;23;1;1;1;1;1;802;102;9;2;2;15;4;1;31
21433;45517;12;4;23;1;1;1;1;1;802;101;9;2;2;15;4;1;43
21434;45518;12;13;23;1;1;2;1;1;13;233;8;2;8;14;1;16;9
21435;45519;12;18;23;1;1;1;1;1;7040;13;8;1;8;18;9;11;38
21436;45520;12;16;23;1;1;2;1;1;13;239;8;2;4;15;9;1;43
21437;45521;12;17;23;1;1;2;1;1;7062;2;8;1;2;15;4;1;40
21438;45522;12;17;23;1;1;2;1;1;13;240;8;1;2;15;4;1;9
21439;45523;12;12;23;1;1;2;1;1;13;235;8;2;1;15;7;1;40
21440;45525;12;4;23;1;1;1;1;1;13;239;8;2;3;15;7;1;3
21441;45527;12;16;23;1;1;2;1;1;701;15;8;1;1;15;7;4;40
21442;45528;12;2;23;1;1;1;1;1;701;1;8;1;8;16;1;16;9
21443;45529;12;8;23;1;1;2;1;1;701;0;8;1;3;15;7;6;33
21444;45530;12;19;23;1;1;1;1;1;701;4;8;1;2;15;4;1;9
21446;45532;12;12;23;1;1;2;1;1;6;172;8;1;2;15;8;1;21
21447;45533;12;15;23;1;1;2;1;1;7061;9999;7;1;8;18;9;10;9
21448;45534;12;22;23;1;1;1;1;1;4;120;8;1;8;18;9;11;38
21449;45536;12;12;23;1;1;2;1;1;13;206;8;1;4;15;9;1;9
21452;45543;12;6;39;1;1;1;1;1;13;292;8;1;8;15;1;4;9
21469;45566;12;17;23;1;1;2;1;1;716;10;6;1;8;13;9;12;9
21470;45567;12;18;23;1;1;1;1;1;716;16;6;1;3;15;7;8;9
21471;45568;12;17;23;1;1;2;1;1;802;166;9;2;8;18;9;11;9
21472;45569;12;20;23;1;1;1;1;1;802;149;9;2;1;15;1;4;40
21473;45570;12;8;23;1;1;2;1;1;705;28;8;1;1;15;1;4;9
21474;45571;12;11;23;1;1;2;1;1;716;17;6;1;8;14;7;16;9
21475;45572;12;7;24;1;1;2;1;1;2;435;7;1;8;14;1;18;9
21476;45574;12;19;24;1;1;1;1;1;16;391;7;1;8;14;1;18;9
21477;45575;12;21;24;1;1;1;1;1;6209;4;6;1;8;15;9;10;9
21478;45576;12;20;24;1;1;1;1;1;6209;27;5;1;8;18;7;11;9
21479;45577;12;16;24;1;1;2;1;1;16;433;8;1;7;15;2;6;40
21480;45580;12;15;55;2;1;2;1;1;511;71;5;1;8;18;8;10;31
21481;45582;12;7;55;1;1;2;1;1;2;407;7;1;2;15;1;1;9
21482;45584;12;12;24;1;1;2;1;1;16;9999;7;1;3;15;1;1;9
21483;45585;12;12;24;1;1;2;1;1;19;35;7;1;3;15;3;1;9
21484;45586;12;8;24;1;1;2;1;1;19;61;7;1;8;18;7;9;21
21485;45587;12;7;24;1;1;2;1;1;2;435;7;1;2;15;1;1;9
21486;45588;12;14;24;1;1;2;1;1;19;50;6;1;8;14;1;18;40
21487;45592;12;17;55;2;1;2;1;1;508;9999;5;1;8;18;9;10;43
21488;45594;12;19;24;1;1;1;1;1;16;458;7;1;3;15;1;2;9
21489;45595;12;13;24;1;1;2;1;1;2;468;8;1;2;15;1;1;9
21491;45597;12;13;24;1;1;2;1;1;16;430;7;1;3;15;8;6;40
21492;45598;12;15;24;1;1;2;1;1;6209;9999;5;1;2;15;1;1;9
21493;45599;12;15;24;1;1;2;1;1;16;409;7;1;2;15;1;1;36
21494;45600;12;14;24;1;1;2;1;1;16;420;7;1;1;15;1;4;36
21495;45601;12;6;24;1;1;1;1;1;16;419;7;1;1;15;1;4;86
21496;45603;12;13;24;1;1;2;1;1;19;21;8;1;2;15;1;1;33
21497;45604;12;19;24;1;1;1;1;1;2;447;7;1;3;15;3;1;9
21498;45607;12;17;24;1;1;2;1;1;2;451;7;1;8;14;1;18;48
21499;45610;12;18;24;2;2;1;2;1;610;106;5;1;8;18;9;10;86
21500;45611;12;8;24;1;1;2;1;1;16;390;7;1;8;14;1;18;31
21501;45612;12;10;24;1;1;2;1;1;16;396;8;1;3;15;3;4;31
21502;45613;12;12;25;1;1;2;1;1;108;9999;7;1;1;15;1;1;33
21503;45614;12;20;46;1;1;1;1;1;9;550;8;1;2;15;1;1;31
21504;45615;12;19;46;1;1;1;1;1;9;563;10;1;8;14;9;16;36
21505;45616;12;14;46;1;1;2;1;1;9;547;9;1;8;14;1;16;9
21506;45618;12;14;25;1;1;2;1;1;9;414;8;1;1;15;1;1;31
21507;45619;12;16;63;1;1;2;1;1;113;42;9;1;3;15;2;1;9
21508;45621;12;11;46;1;1;2;1;1;1515;9999;7;1;3;15;7;4;9
21509;45622;12;14;46;1;1;2;1;1;9;540;8;1;8;13;8;10;36
21510;45623;12;2;46;1;1;1;1;1;12;9999;8;1;3;15;6;1;36
21511;45625;12;6;25;1;1;1;1;1;10;298;9;1;8;13;7;1;9
21512;45626;12;11;25;1;1;2;1;1;10;251;8;1;8;13;7;1;82
21513;45628;12;11;25;1;1;2;1;1;10;301;9;1;8;13;8;1;33
21514;45630;12;13;46;1;1;2;1;1;9;612;9;1;3;15;2;1;31
21515;45631;12;22;46;1;1;1;1;1;9;633;8;1;8;13;8;10;9
21516;45632;12;20;46;1;1;1;1;1;9999;9999;9;1;8;13;7;11;33
21517;45634;12;13;46;1;1;2;1;1;12;9999;7;1;8;6;1;1;9
21518;45636;12;8;46;1;1;2;1;1;12;9999;6;1;8;13;9;1;33
21519;45637;12;11;46;1;1;2;1;1;108;48;8;1;8;13;2;11;32
21520;45638;12;13;46;1;1;2;1;1;1520;9999;8;1;7;15;7;4;341
21521;45639;12;11;46;1;1;2;1;1;9;510;9;1;8;14;1;16;21
21522;45640;12;20;46;1;1;1;1;1;9;550;9;1;2;15;1;1;439
21523;45641;12;12;46;1;1;2;1;1;9;548;9;1;3;15;2;18;42
21524;45642;12;17;63;1;1;2;1;1;10;435;9;1;8;14;2;16;9
21525;45643;12;14;63;1;1;2;1;1;10;438;9;1;2;15;1;1;99
21526;45645;12;16;25;1;1;2;1;1;1502;9999;8;1;8;13;3;10;9
21527;45646;12;19;63;1;1;1;1;1;10;446;9;1;2;14;1;18;48
21528;45647;12;14;63;1;1;2;1;1;10;436;9;1;3;15;2;7;46
21529;45648;12;21;63;1;1;1;1;1;10;442;9;1;8;14;2;16;31
21532;45651;12;11;63;1;1;2;1;1;10;495;6;1;3;15;8;16;9
21533;45653;12;17;63;1;1;2;1;1;10;523;6;1;8;15;1;4;9
21535;45655;12;17;63;1;1;2;1;1;10;484;7;1;8;15;1;4;9
21536;45656;12;17;25;1;1;2;1;1;10;376;9;1;8;13;9;1;9
21537;45657;12;19;25;1;1;1;1;1;10;380;9;1;2;15;1;1;9
21538;45658;12;13;25;1;1;2;1;1;10;380;9;1;2;15;1;1;21
21539;45659;12;16;25;1;1;2;1;1;10;396;8;1;8;13;7;1;9
21540;45660;12;15;25;9;1;2;1;1;9;367;9;1;8;13;9;1;9
21541;45661;12;17;25;1;1;2;1;1;9;395;8;1;8;13;9;1;9
21542;45662;12;19;25;1;1;1;1;1;9;415;8;1;8;13;7;1;9
21543;45663;12;12;25;1;1;2;1;1;9;416;9;1;7;14;1;1;33
21544;45664;12;18;25;2;1;1;1;1;1502;9999;7;1;8;16;1;1;9
21545;45665;12;15;25;2;1;2;1;1;1502;9999;6;1;1;15;1;1;31
21546;45666;12;11;25;1;1;2;1;1;1507;9999;8;1;2;15;1;1;9
21547;45667;12;14;25;2;1;2;1;1;1516;9999;7;1;7;15;1;1;3
21548;45669;12;19;63;1;1;1;1;1;10;458;11;1;3;15;8;7;21
21549;45670;12;15;56;3;1;2;1;1;5427;4;3;1;1;15;1;4;3
21550;45671;12;23;49;1;1;1;1;1;6;477;7;1;1;15;1;4;36
21551;45672;12;11;56;1;1;2;1;1;15;123;6;1;8;13;9;11;82
21552;45673;12;9;47;1;1;2;1;1;612;28;5;1;3;15;8;14;21
21553;45674;12;16;26;1;1;2;1;1;2;561;7;2;8;6;1;11;81
21554;45675;12;13;34;1;1;2;1;1;19;88;7;1;1;15;1;4;31
21555;45676;12;19;56;1;1;1;1;1;15;100;6;1;2;15;4;1;9
21556;45678;12;16;49;1;1;2;1;1;802;395;7;2;8;2;8;11;9
21557;45679;12;21;49;1;1;1;1;1;6003;122;4;1;1;15;1;4;9
21558;45680;12;21;47;1;1;1;1;1;6010;9;7;1;2;15;4;1;43
21559;45681;12;20;47;1;1;1;1;1;6008;18;6;1;2;15;4;1;9
21560;45682;12;0;47;1;1;1;1;1;607;10;7;2;7;15;7;21;3
21561;45683;12;11;47;1;1;2;1;1;607;7;7;2;8;13;8;10;9
21562;45684;12;9;47;1;1;2;1;1;2;525;7;2;3;15;4;1;71
21563;45685;12;9;47;1;1;2;1;1;2;519;7;2;3;15;4;1;9
21564;45686;12;10;47;1;1;2;1;1;6008;3;7;1;7;15;4;1;38
21565;45687;12;21;47;1;1;1;1;1;6008;26;6;1;2;15;4;1;9
21566;45688;12;19;47;1;1;1;1;1;6008;18;6;1;5;15;1;2;42
21567;45694;12;15;47;1;1;2;1;1;6011;5;7;2;3;15;4;1;21
21568;45695;12;19;47;1;1;1;1;1;6010;13;7;1;2;15;4;1;9
21569;45696;12;4;47;1;1;1;1;1;6011;10;7;2;8;13;9;11;9
21570;45697;12;6;47;1;1;1;1;1;6010;10;7;1;7;15;8;14;33
21571;45698;12;18;47;1;1;1;1;1;6010;10;7;1;2;15;4;1;9
21572;45699;12;17;47;1;1;2;1;1;6010;10;7;1;3;15;8;13;33
21573;45702;12;16;47;1;1;2;1;1;6000;14;7;2;7;15;8;14;43
21574;45703;12;17;26;1;1;2;1;1;6017;11;7;1;7;15;2;14;43
21575;45705;12;15;26;1;1;2;1;1;2;552;18;1;7;15;7;14;9
21576;45707;12;14;26;1;1;2;1;1;2;558;7;2;7;15;8;4;46
21577;45708;12;12;26;1;1;2;1;1;17;6;7;2;2;15;4;1;9
21578;45710;12;6;26;1;1;1;1;1;17;4;7;2;8;14;1;18;82
21579;45714;12;7;49;1;1;2;1;1;607;48;1;1;2;15;4;1;31
21580;45715;12;5;49;1;1;1;1;1;6;485;7;1;8;13;9;11;33
21581;45717;12;13;49;1;1;2;1;1;19;154;6;1;8;13;8;11;33
21582;45718;12;13;49;1;1;2;1;1;802;404;7;2;8;3;3;10;33
21583;45720;12;16;67;1;1;2;1;1;17;116;6;1;8;13;9;11;9
21584;45722;12;17;56;1;1;2;1;1;15;117;6;1;8;13;7;11;9
21585;45723;12;21;56;1;1;1;1;1;15;96;6;1;2;15;4;1;43
21586;45724;12;9;56;1;1;2;1;1;15;91;6;1;2;15;4;1;43
21587;45725;12;4;56;1;1;1;1;1;15;78;7;1;2;15;4;1;40
21588;45726;12;9;56;1;1;2;1;1;15;47;7;1;8;13;9;11;38
21589;45727;12;14;56;1;1;2;1;1;15;59;6;1;8;13;1;10;9
21590;45728;12;9;56;1;1;2;1;1;15;89;7;1;3;15;8;12;96
21591;45729;12;20;56;1;1;1;1;1;6;372;6;1;2;15;4;1;38
21592;45730;12;5;56;1;1;1;1;1;6;393;6;1;5;15;8;6;9
21593;45731;12;9;56;1;1;2;1;1;5427;5;3;1;3;1;7;21;38
21594;45733;12;2;56;1;1;1;1;1;6;368;6;1;5;15;8;4;38
21595;45734;12;14;56;1;1;2;1;1;6;359;6;1;8;14;8;16;32
21596;45736;12;19;56;1;1;1;1;1;15;131;6;1;7;15;8;12;32
21597;45737;12;8;73;1;1;2;1;1;4001;4;6;1;3;15;7;1;32
21598;45738;12;21;60;1;1;1;1;1;805;299;7;1;7;14;1;16;9
21599;45739;12;0;60;1;1;1;1;1;805;253;7;2;2;15;4;1;9
21601;45743;12;23;73;1;1;1;1;1;4032;9999;7;1;8;18;1;1;38
21603;45745;12;17;73;1;1;2;1;1;4032;0;6;1;7;15;7;1;9
21604;45746;12;17;74;1;1;2;1;1;4033;9999;7;1;8;15;8;2;38
21605;45752;12;17;74;1;1;2;1;1;4033;9999;7;1;8;14;8;16;31
21606;45755;12;14;74;1;1;2;1;1;4033;9999;7;1;7;15;8;2;42
21607;45756;12;19;74;1;1;1;1;1;4033;9999;7;1;8;15;4;1;9
21608;45758;12;22;74;1;1;1;1;1;4033;9999;7;1;2;15;4;1;21
21609;45759;12;5;74;1;1;1;1;1;6;13;15;1;8;13;9;1;21
21610;45762;12;10;74;1;1;2;1;1;407;9;6;1;3;15;7;1;31
21611;45763;12;11;74;1;1;2;1;1;407;13;6;1;2;15;4;1;9
21612;45764;12;12;74;1;1;2;1;1;6;16;14;2;8;13;9;1;33
21613;45765;12;20;74;1;1;1;1;1;6;13;15;1;2;15;4;1;40
21614;45768;12;11;74;1;1;2;1;1;1;251;14;1;2;15;4;1;341
21615;45769;12;19;74;1;1;1;1;1;1;248;14;1;2;15;4;1;9
21616;45774;12;12;74;1;1;2;1;1;1;253;14;1;2;15;4;1;9
21617;45786;12;11;74;1;1;2;1;1;1;251;14;1;2;15;4;1;40
21619;45789;12;15;73;1;1;2;1;1;1;297;15;2;7;15;8;18;9
21621;45792;12;11;73;1;1;2;1;1;1;298;14;1;8;14;3;16;32
21622;45794;12;8;73;1;1;2;1;1;1;299;14;1;7;15;7;4;9
21623;45795;12;20;73;1;1;1;1;1;1;299;14;1;3;15;8;1;9
21624;45796;12;15;73;1;1;2;1;1;1;300;14;1;8;14;1;16;31
21625;45797;12;9;73;1;1;2;1;1;1;300;14;1;8;14;7;16;9
21626;45799;12;15;73;1;1;2;1;1;1;302;14;1;2;15;4;1;40
21627;45801;12;8;73;1;1;2;1;1;1;299;14;1;7;15;7;11;21
21629;45803;12;19;73;1;1;1;1;1;1;302;4;1;8;14;7;8;9
21630;45804;12;14;73;1;1;2;1;1;1;302;14;1;8;14;1;16;9
21633;45808;12;19;73;1;1;1;1;1;4017;1;6;1;8;13;9;1;9
21635;45810;12;21;60;1;1;1;1;1;322;9999;18;1;2;15;4;1;40
21636;45811;12;0;73;1;1;1;1;1;322;69;18;1;2;15;4;1;33
21637;45814;12;10;73;1;1;2;1;1;403;5;8;2;3;15;7;1;9
21638;45818;12;19;73;1;1;1;1;1;403;6;7;2;3;15;7;1;9
21640;45820;12;8;73;1;1;2;1;1;1;291;8;1;3;15;8;18;9
21646;45833;12;23;60;1;1;1;1;1;801;2;11;2;3;15;8;1;31
21647;45834;12;9;60;1;1;2;1;1;801;10;11;2;2;15;4;1;32
21648;45835;12;20;60;1;1;1;1;1;801;5;11;2;5;15;4;1;40
21649;45836;12;23;60;1;1;1;1;1;801;2;11;2;3;15;6;1;9
21650;45837;12;11;60;1;1;2;1;1;801;13;11;2;8;18;7;1;21
21651;45838;12;17;73;1;1;2;1;1;401;12;16;1;3;15;8;4;9
21653;45840;12;17;73;1;1;2;1;1;4016;9999;6;1;3;15;8;1;40
21654;45841;12;18;73;1;1;1;1;1;401;13;16;1;3;15;8;1;21
21655;45842;12;14;73;1;1;2;1;1;401;10;16;1;8;14;1;16;40
21656;45843;12;17;73;1;2;2;1;1;401;8;16;1;2;15;4;1;40
21657;45844;12;22;73;1;1;1;1;1;4016;9999;6;1;3;15;7;4;59
21658;45845;12;17;73;1;1;2;1;1;4025;9999;6;1;3;15;8;1;9
21659;45846;12;23;73;1;1;1;1;1;4026;9999;6;1;8;14;7;16;341
21660;45848;12;11;73;1;1;2;1;1;4036;9999;7;1;3;15;3;1;82
21661;45850;12;20;73;1;1;1;1;1;403;9999;6;1;8;18;7;1;38
21662;45851;12;18;73;1;1;1;1;1;4036;0;7;1;8;18;7;1;9
21663;45852;12;16;73;1;1;2;1;1;403;14;6;1;8;15;7;1;9
21664;45854;12;12;73;1;1;2;1;1;4036;9999;7;1;8;14;3;16;9
21665;45856;12;19;73;1;1;1;1;1;4036;9999;6;1;8;18;3;1;40
21667;45876;12;14;27;1;1;2;1;1;2307;17;7;2;3;15;7;4;9
21668;45878;12;15;27;1;1;2;1;1;2313;19;7;1;3;15;8;1;21
21669;45879;12;12;68;1;1;2;1;1;2317;9999;7;1;1;15;1;4;3
21670;45880;12;14;27;1;1;2;1;1;2300;14;7;1;3;15;8;1;21
21671;45881;12;7;27;1;1;2;1;1;202;10;8;1;1;15;1;4;48
21672;45882;12;20;27;2;1;1;1;1;2305;9999;6;1;8;13;7;1;9
21673;45884;12;21;27;1;1;1;1;1;301;86;8;1;1;15;3;4;9
21674;45885;12;4;68;1;1;1;1;1;204;71;7;1;8;18;8;1;32
21675;45887;12;11;68;1;1;2;1;1;204;9999;7;1;7;15;8;1;9
21676;45889;12;10;68;1;1;2;1;1;2322;15;5;1;8;15;8;1;9
21677;45890;12;20;68;1;1;1;1;1;201;93;6;1;7;15;4;1;9
21678;45891;12;17;68;1;1;2;1;1;201;79;6;1;8;18;7;1;9
21679;45892;12;11;68;1;1;2;1;1;2341;5;6;1;7;15;8;1;9
21680;45893;12;12;68;1;1;2;1;1;201;94;6;1;8;18;8;1;9
21681;45894;12;12;68;1;1;2;1;1;204;69;7;1;7;15;8;1;9
21682;45898;12;13;68;1;1;2;1;1;201;66;6;1;7;15;8;4;31
21683;45899;12;8;68;1;1;2;1;1;201;40;6;1;8;18;7;1;9
21684;45900;12;16;68;1;1;2;1;1;201;68;6;1;7;15;7;9;9
21685;45901;12;19;68;1;1;1;1;1;2339;20;6;1;8;18;1;16;50
21686;45902;12;11;68;1;1;2;1;1;204;83;7;1;8;14;1;16;21
21687;45903;12;17;68;1;1;2;1;1;204;70;7;1;7;15;8;4;3
21688;45904;12;12;27;2;1;2;1;1;2305;12;6;1;3;15;3;4;9
21689;45905;12;12;27;1;1;2;1;1;301;119;8;1;8;14;1;16;9
21690;45906;12;18;27;1;2;1;3;1;301;88;8;1;5;15;3;4;21
21691;45907;12;19;27;1;1;1;1;1;301;86;8;1;8;14;1;16;3
21692;45908;12;10;27;1;1;2;1;1;301;183;8;1;1;15;1;4;48
21693;45909;12;11;27;1;2;2;2;1;301;175;8;1;8;13;7;1;21
21694;45910;12;18;27;1;1;1;1;1;301;165;8;1;8;13;7;1;38
21695;45911;12;18;27;1;1;1;1;1;202;25;8;1;8;13;8;1;43
21696;45912;12;20;27;2;1;1;1;1;2308;9999;6;1;2;15;1;1;38
21697;45914;12;15;27;1;1;2;1;1;202;22;8;1;3;15;6;12;82
21698;45916;12;13;27;3;1;2;1;1;2304;9999;5;1;8;14;1;16;9
21699;45917;12;12;27;1;1;2;1;1;1;559;8;1;8;15;7;1;31
21700;45918;12;19;27;1;1;1;1;1;1;564;8;1;1;15;1;18;38
21701;45920;12;13;27;1;1;2;1;1;2306;34;8;1;3;15;8;1;38
21702;45922;12;14;68;2;1;2;1;1;2317;9999;7;1;8;14;3;16;9
21703;45923;12;15;27;2;1;2;1;1;2305;9999;6;1;8;14;2;16;31
21704;45924;12;9;27;1;1;2;1;1;204;19;8;1;2;15;4;1;9
21705;45925;12;12;27;2;2;2;2;1;2305;9999;6;1;2;15;4;1;50
21706;45927;12;13;27;2;1;2;1;1;2314;9999;7;1;3;15;7;6;31
21707;45928;12;17;27;1;1;2;1;1;1;603;8;1;8;14;2;16;100
21708;45930;12;15;27;2;2;2;2;1;2314;9999;6;1;8;14;2;16;46
21709;45931;12;14;27;1;2;2;2;1;1;603;8;1;8;14;2;16;430
21710;45932;12;14;68;1;1;2;1;1;2317;9999;7;1;8;14;3;16;82
21711;45933;12;13;27;1;1;2;1;1;1;603;8;1;8;14;2;16;50
21712;45935;12;12;27;1;1;2;1;1;204;3;8;1;2;15;4;1;50
21713;45936;12;12;27;1;1;2;1;1;204;3;8;1;3;14;7;1;50
21714;45937;12;12;27;1;1;2;1;1;204;5;8;1;2;15;4;1;71
21715;45938;12;13;27;1;1;2;1;1;202;17;8;1;8;13;7;1;9
21716;45939;12;15;27;1;1;2;1;1;2307;17;7;1;8;13;9;11;100
21717;45940;12;13;27;1;1;2;1;1;2301;1;7;1;8;13;8;11;9
21718;45941;12;5;54;1;1;1;1;1;3625;9999;7;1;8;13;9;11;100
21719;45942;12;9;28;1;1;2;1;1;308;20;7;1;1;15;1;14;9
21720;45943;12;23;51;1;1;1;1;1;322;26;8;1;1;15;1;2;50
21721;45944;12;8;28;2;1;2;1;1;3626;9999;6;1;8;14;1;16;9
21722;45945;12;7;54;1;1;2;1;1;318;91;8;1;2;15;4;1;9
21723;45947;12;7;54;1;1;2;1;1;9;43;7;1;8;11;9;11;9
21725;45949;12;20;6;1;1;1;1;1;3333;9999;6;1;8;13;9;11;9
21726;45950;12;21;28;1;1;1;1;1;308;26;7;1;8;14;1;16;409
21727;45951;12;19;28;1;1;1;1;1;308;56;7;1;3;15;2;1;31
21728;45952;12;23;28;1;1;1;1;1;9;64;8;1;8;14;1;16;9
21730;45956;12;17;54;1;1;2;1;1;1;387;7;1;3;15;6;1;21
21731;45957;12;13;54;1;1;2;1;1;3011;9999;7;1;1;15;1;4;31
21732;45958;12;20;28;1;1;1;1;1;316;124;7;1;7;15;8;2;32
21733;45959;12;18;54;1;1;1;1;1;320;24;7;1;2;15;4;1;9
21734;45960;12;21;54;1;1;1;1;1;1;396;7;1;2;15;6;1;38
21735;45961;12;22;72;1;1;1;1;1;3011;18;7;1;8;13;1;11;3
21736;45962;12;16;54;1;1;2;1;1;1;398;7;1;3;15;7;7;9
21737;45964;12;11;54;1;1;2;1;1;1;396;7;1;2;15;4;1;82
21738;45965;12;9;73;1;1;2;1;1;1;291;7;2;8;14;8;16;40
21739;45966;12;15;54;1;1;2;1;1;3005;9999;7;1;2;15;4;1;9
21740;45967;12;20;54;1;1;1;1;1;1;394;7;1;3;15;6;7;21
21741;45968;12;19;54;1;1;1;1;1;1;393;7;1;3;15;7;4;9
21742;45969;12;20;54;1;1;1;1;1;1;395;7;1;8;13;1;11;40
21743;45970;12;19;54;1;1;1;1;1;1;9999;7;1;2;15;4;1;21
21744;45972;12;10;54;1;1;2;1;1;1;384;7;1;2;15;6;4;3
21745;45974;12;20;54;1;1;1;1;1;3603;9999;7;1;3;15;3;8;40
21746;45975;12;12;54;1;1;2;1;1;1;393;7;1;8;9;1;10;9
21748;45977;12;20;54;1;1;1;1;1;320;25;7;1;3;15;8;1;21
21749;45978;12;23;72;1;1;1;1;1;1;384;7;1;2;15;4;1;21
21750;45979;12;8;54;1;1;2;1;1;803;31;8;1;8;11;7;11;40
21751;45980;12;7;54;1;1;2;1;1;803;21;8;1;8;12;8;11;9
21752;45981;12;17;54;1;1;2;1;1;803;32;8;1;2;15;5;1;9
21753;45985;12;19;54;1;1;1;1;1;320;31;14;2;7;15;8;14;38
21754;45986;12;16;54;1;1;2;1;1;320;27;14;2;3;15;7;6;40
21755;45987;12;22;54;1;1;1;1;1;320;29;14;2;2;15;4;1;21
21756;45988;12;21;54;1;1;1;1;1;320;30;14;2;8;14;8;16;9
21757;45990;12;1;54;1;1;1;1;1;320;31;14;2;8;9;3;18;9
21758;45991;12;14;54;1;1;2;1;1;320;28;14;2;2;15;4;1;21
21759;45993;12;22;54;1;1;1;1;1;320;32;14;2;8;14;8;16;3
21760;45994;12;18;54;1;1;1;1;1;320;30;14;2;8;14;8;16;21
21761;45995;12;20;54;1;1;1;1;1;1;396;7;1;2;15;4;1;3
21762;45996;12;18;54;1;1;1;1;1;9;53;7;1;3;15;3;4;21
21763;45997;12;20;54;1;1;1;1;1;3612;9999;5;1;3;15;8;1;9